"environment"	"package"	"version"	"build"	"channel"
"abcmodel"	"_libgcc_mutex"	"0.1"	"conda_forge"	"conda-forge"
"abcmodel"	"_openmp_mutex"	"4.5"	"2_gnu"	"conda-forge"
"abcmodel"	"_r-mutex"	"1.0.1"	"anacondar_1"	"conda-forge"
"abcmodel"	"alabaster"	"0.7.13"	"pyhd8ed1ab_0"	"conda-forge"
"abcmodel"	"alsa-lib"	"1.2.14"	"hb9d3cd8_0"	"conda-forge"
"abcmodel"	"anyio"	"4.5.2"	"pypi_0"	"pypi"
"abcmodel"	"argcomplete"	"3.5.1"	"pyhd8ed1ab_0"	"conda-forge"
"abcmodel"	"argon2-cffi"	"25.1.0"	"pypi_0"	"pypi"
"abcmodel"	"argon2-cffi-bindings"	"21.2.0"	"pypi_0"	"pypi"
"abcmodel"	"argparse"	"1.4.0"	"pypi_0"	"pypi"
"abcmodel"	"arrow"	"1.4.0"	"pypi_0"	"pypi"
"abcmodel"	"asttokens"	"3.0.1"	"pypi_0"	"pypi"
"abcmodel"	"async-lru"	"2.0.4"	"pypi_0"	"pypi"
"abcmodel"	"attrs"	"25.3.0"	"pypi_0"	"pypi"
"abcmodel"	"babel"	"2.16.0"	"pyhd8ed1ab_0"	"conda-forge"
"abcmodel"	"backcall"	"0.2.0"	"pypi_0"	"pypi"
"abcmodel"	"backports-zoneinfo"	"0.2.1"	"pypi_0"	"pypi"
"abcmodel"	"beautifulsoup4"	"4.14.2"	"pypi_0"	"pypi"
"abcmodel"	"bedtools"	"2.31.1"	"h13024bc_3"	"bioconda"
"abcmodel"	"binutils_impl_linux-64"	"2.45"	"h9d8b0ac_0"	"conda-forge"
"abcmodel"	"binutils_linux-64"	"2.45"	"h4852527_0"	"conda-forge"
"abcmodel"	"bioconductor-annotationdbi"	"1.68.0"	"r44hdfd78af_0"	"bioconda"
"abcmodel"	"bioconductor-annotationhub"	"3.14.0"	"r44hdfd78af_0"	"bioconda"
"abcmodel"	"bioconductor-biobase"	"2.66.0"	"r44h3df3fcb_0"	"bioconda"
"abcmodel"	"bioconductor-biocfilecache"	"2.14.0"	"r44hdfd78af_0"	"bioconda"
"abcmodel"	"bioconductor-biocgenerics"	"0.52.0"	"r44hdfd78af_3"	"bioconda"
"abcmodel"	"bioconductor-biocio"	"1.16.0"	"r44hdfd78af_0"	"bioconda"
"abcmodel"	"bioconductor-biocparallel"	"1.40.0"	"r44he5774e6_1"	"bioconda"
"abcmodel"	"bioconductor-biocversion"	"3.20.0"	"r44hdfd78af_0"	"bioconda"
"abcmodel"	"bioconductor-biostrings"	"2.74.0"	"r44h3df3fcb_1"	"bioconda"
"abcmodel"	"bioconductor-data-packages"	"20250625"	"hdfd78af_0"	"bioconda"
"abcmodel"	"bioconductor-delayedarray"	"0.32.0"	"r44h3df3fcb_1"	"bioconda"
"abcmodel"	"bioconductor-edger"	"4.4.0"	"r44h3df3fcb_0"	"bioconda"
"abcmodel"	"bioconductor-genomeinfodb"	"1.42.0"	"r44hdfd78af_2"	"bioconda"
"abcmodel"	"bioconductor-genomeinfodbdata"	"1.2.13"	"r44hdfd78af_0"	"bioconda"
"abcmodel"	"bioconductor-genomicalignments"	"1.42.0"	"r44h3df3fcb_1"	"bioconda"
"abcmodel"	"bioconductor-genomicfeatures"	"1.58.0"	"r44hdfd78af_0"	"bioconda"
"abcmodel"	"bioconductor-genomicranges"	"1.58.0"	"r44h3df3fcb_2"	"bioconda"
"abcmodel"	"bioconductor-iranges"	"2.40.0"	"r44h3df3fcb_2"	"bioconda"
"abcmodel"	"bioconductor-keggrest"	"1.46.0"	"r44hdfd78af_0"	"bioconda"
"abcmodel"	"bioconductor-limma"	"3.62.1"	"r44h15a9599_1"	"bioconda"
"abcmodel"	"bioconductor-matrixgenerics"	"1.18.0"	"r44hdfd78af_0"	"bioconda"
"abcmodel"	"bioconductor-rhtslib"	"3.2.0"	"r44h15a9599_2"	"bioconda"
"abcmodel"	"bioconductor-rsamtools"	"2.22.0"	"r44h77050f0_1"	"bioconda"
"abcmodel"	"bioconductor-rtracklayer"	"1.66.0"	"r44h15a9599_1"	"bioconda"
"abcmodel"	"bioconductor-s4arrays"	"1.6.0"	"r44h3df3fcb_1"	"bioconda"
"abcmodel"	"bioconductor-s4vectors"	"0.44.0"	"r44h3df3fcb_2"	"bioconda"
"abcmodel"	"bioconductor-sparsearray"	"1.6.0"	"r44h3df3fcb_1"	"bioconda"
"abcmodel"	"bioconductor-summarizedexperiment"	"1.36.0"	"r44hdfd78af_0"	"bioconda"
"abcmodel"	"bioconductor-ucsc.utils"	"1.2.0"	"r44h9ee0642_1"	"bioconda"
"abcmodel"	"bioconductor-xvector"	"0.46.0"	"r44h15a9599_2"	"bioconda"
"abcmodel"	"bioconductor-zlibbioc"	"1.52.0"	"r44h3df3fcb_2"	"bioconda"
"abcmodel"	"blas"	"2.139"	"openblas"	"conda-forge"
"abcmodel"	"blas-devel"	"3.9.0"	"39_h1ea3ea9_openblas"	"conda-forge"
"abcmodel"	"bleach"	"6.1.0"	"pypi_0"	"pypi"
"abcmodel"	"bowtie2"	"2.5.5"	"ha27dd3b_0"	"bioconda"
"abcmodel"	"brotli"	"1.2.0"	"h41a2e66_0"	"conda-forge"
"abcmodel"	"brotli-bin"	"1.2.0"	"hf2c8021_0"	"conda-forge"
"abcmodel"	"brotli-python"	"1.0.9"	"py38hfa26641_8"	"conda-forge"
"abcmodel"	"bs4"	"0.0.2"	"pypi_0"	"pypi"
"abcmodel"	"bwa"	"0.7.19"	"h577a1d6_1"	"bioconda"
"abcmodel"	"bwidget"	"1.10.1"	"ha770c72_1"	"conda-forge"
"abcmodel"	"bzip2"	"1.0.8"	"hda65f42_8"	"conda-forge"
"abcmodel"	"c-ares"	"1.34.5"	"hb9d3cd8_0"	"conda-forge"
"abcmodel"	"ca-certificates"	"2026.7.22"	"hbd8a1cb_0"	"conda-forge"
"abcmodel"	"cairo"	"1.18.4"	"h3394656_0"	"conda-forge"
"abcmodel"	"certifi"	"2024.8.30"	"pyhd8ed1ab_0"	"conda-forge"
"abcmodel"	"cffi"	"1.17.0"	"py38heb5c249_0"	"conda-forge"
"abcmodel"	"charset-normalizer"	"3.4.0"	"pyhd8ed1ab_0"	"conda-forge"
"abcmodel"	"click"	"8.1.8"	"pypi_0"	"pypi"
"abcmodel"	"cmake"	"4.1.2"	"hc85cc9f_0"	"conda-forge"
"abcmodel"	"colorama"	"0.4.6"	"pyhd8ed1ab_0"	"conda-forge"
"abcmodel"	"comm"	"0.2.3"	"pypi_0"	"pypi"
"abcmodel"	"contourpy"	"1.1.1"	"py38h7f3f72f_1"	"conda-forge"
"abcmodel"	"coreutils"	"9.5"	"hd590300_0"	"conda-forge"
"abcmodel"	"curl"	"8.17.0"	"h4e3cde8_0"	"conda-forge"
"abcmodel"	"cycler"	"0.12.1"	"pyhd8ed1ab_0"	"conda-forge"
"abcmodel"	"cyrus-sasl"	"2.1.28"	"hd9c7081_0"	"conda-forge"
"abcmodel"	"dbus"	"1.16.2"	"h3c4dab8_0"	"conda-forge"
"abcmodel"	"debugpy"	"1.8.17"	"pypi_0"	"pypi"
"abcmodel"	"decorator"	"5.2.1"	"pypi_0"	"pypi"
"abcmodel"	"deeptools"	"3.5.5"	"pyhdfd78af_0"	"bioconda"
"abcmodel"	"deeptoolsintervals"	"0.1.9"	"py38h5c266e1_9"	"bioconda"
"abcmodel"	"defusedxml"	"0.7.1"	"pypi_0"	"pypi"
"abcmodel"	"docutils"	"0.20.1"	"py38h578d9bd_3"	"conda-forge"
"abcmodel"	"et-xmlfile"	"2.0.0"	"pypi_0"	"pypi"
"abcmodel"	"exceptiongroup"	"1.3.0"	"pypi_0"	"pypi"
"abcmodel"	"executing"	"2.2.1"	"pypi_0"	"pypi"
"abcmodel"	"expat"	"2.7.1"	"hecca717_0"	"conda-forge"
"abcmodel"	"fastjsonschema"	"2.21.2"	"pypi_0"	"pypi"
"abcmodel"	"font-ttf-dejavu-sans-mono"	"2.37"	"0"	"anaconda/pkgs/free"
"abcmodel"	"font-ttf-inconsolata"	"3.000"	"h77eed37_0"	"conda-forge"
"abcmodel"	"font-ttf-source-code-pro"	"2.038"	"h77eed37_0"	"conda-forge"
"abcmodel"	"font-ttf-ubuntu"	"0.83"	"h77eed37_3"	"conda-forge"
"abcmodel"	"fontconfig"	"2.15.0"	"h7e30c49_1"	"conda-forge"
"abcmodel"	"fonts-conda-ecosystem"	"1"	"0"	"conda-forge"
"abcmodel"	"fonts-conda-forge"	"1"	"hc364b38_1"	"conda-forge"
"abcmodel"	"fonttools"	"4.53.1"	"py38h2019614_0"	"conda-forge"
"abcmodel"	"fqdn"	"1.5.1"	"pypi_0"	"pypi"
"abcmodel"	"freetype"	"2.14.1"	"ha770c72_0"	"conda-forge"
"abcmodel"	"fribidi"	"1.0.16"	"hb03c661_0"	"conda-forge"
"abcmodel"	"gcc_impl_linux-64"	"15.2.0"	"hcacfade_7"	"conda-forge"
"abcmodel"	"gcc_linux-64"	"15.2.0"	"h862fb80_13"	"conda-forge"
"abcmodel"	"gettext"	"0.25.1"	"h3f43e3d_1"	"conda-forge"
"abcmodel"	"gettext-tools"	"0.25.1"	"h3f43e3d_1"	"conda-forge"
"abcmodel"	"gfortran_impl_linux-64"	"15.2.0"	"h1b0a18f_7"	"conda-forge"
"abcmodel"	"gfortran_linux-64"	"15.2.0"	"ha877601_13"	"conda-forge"
"abcmodel"	"giflib"	"5.2.2"	"hd590300_0"	"conda-forge"
"abcmodel"	"glib"	"2.86.1"	"hbcf1ec1_2"	"conda-forge"
"abcmodel"	"glib-tools"	"2.86.1"	"hf516916_2"	"conda-forge"
"abcmodel"	"glpk"	"5.0"	"h445213a_0"	"conda-forge"
"abcmodel"	"gmp"	"6.3.0"	"hac33072_2"	"conda-forge"
"abcmodel"	"graphite2"	"1.3.14"	"hecca717_2"	"conda-forge"
"abcmodel"	"gsl"	"2.7"	"he838d99_0"	"conda-forge"
"abcmodel"	"gst-plugins-base"	"1.24.11"	"h651a532_0"	"conda-forge"
"abcmodel"	"gstreamer"	"1.24.11"	"hc37bda9_0"	"conda-forge"
"abcmodel"	"gxx_impl_linux-64"	"15.2.0"	"h54ccb8d_7"	"conda-forge"
"abcmodel"	"gxx_linux-64"	"15.2.0"	"h13d0e8b_13"	"conda-forge"
"abcmodel"	"h11"	"0.16.0"	"pypi_0"	"pypi"
"abcmodel"	"h2"	"4.1.0"	"pyhd8ed1ab_0"	"conda-forge"
"abcmodel"	"harfbuzz"	"12.2.0"	"h15599e2_0"	"conda-forge"
"abcmodel"	"hic-straw"	"1.3.1"	"pypi_0"	"pypi"
"abcmodel"	"hpack"	"4.0.0"	"pyh9f0ad1d_0"	"conda-forge"
"abcmodel"	"htslib"	"1.22.1"	"h566b1c6_0"	"bioconda"
"abcmodel"	"httpcore"	"1.0.9"	"pypi_0"	"pypi"
"abcmodel"	"httpx"	"0.28.1"	"pypi_0"	"pypi"
"abcmodel"	"hyperframe"	"6.0.1"	"pyhd8ed1ab_0"	"conda-forge"
"abcmodel"	"icu"	"75.1"	"he02047a_0"	"conda-forge"
"abcmodel"	"idna"	"3.10"	"pyhd8ed1ab_0"	"conda-forge"
"abcmodel"	"imagesize"	"1.4.1"	"pyhd8ed1ab_0"	"conda-forge"
"abcmodel"	"importlib-metadata"	"8.5.0"	"pyha770c72_0"	"conda-forge"
"abcmodel"	"importlib-resources"	"6.4.5"	"pyhd8ed1ab_0"	"conda-forge"
"abcmodel"	"importlib_resources"	"6.4.5"	"pyhd8ed1ab_0"	"conda-forge"
"abcmodel"	"ipykernel"	"6.29.5"	"pypi_0"	"pypi"
"abcmodel"	"ipython"	"8.12.3"	"pypi_0"	"pypi"
"abcmodel"	"ipywidgets"	"8.1.8"	"pypi_0"	"pypi"
"abcmodel"	"isoduration"	"20.11.0"	"pypi_0"	"pypi"
"abcmodel"	"jbig"	"2.1"	"h7f98852_2003"	"conda-forge"
"abcmodel"	"jedi"	"0.19.2"	"pypi_0"	"pypi"
"abcmodel"	"jinja2"	"3.1.4"	"pyhd8ed1ab_0"	"conda-forge"
"abcmodel"	"joblib"	"1.4.2"	"pyhd8ed1ab_0"	"conda-forge"
"abcmodel"	"jq"	"1.8.1"	"h73b1eb8_0"	"conda-forge"
"abcmodel"	"json5"	"0.12.1"	"pypi_0"	"pypi"
"abcmodel"	"jsonpointer"	"3.0.0"	"pypi_0"	"pypi"
"abcmodel"	"jsonschema"	"4.23.0"	"pypi_0"	"pypi"
"abcmodel"	"jsonschema-specifications"	"2023.12.1"	"pypi_0"	"pypi"
"abcmodel"	"jupyter"	"1.1.1"	"pypi_0"	"pypi"
"abcmodel"	"jupyter-client"	"8.6.3"	"pypi_0"	"pypi"
"abcmodel"	"jupyter-console"	"6.6.3"	"pypi_0"	"pypi"
"abcmodel"	"jupyter-core"	"5.8.1"	"pypi_0"	"pypi"
"abcmodel"	"jupyter-events"	"0.10.0"	"pypi_0"	"pypi"
"abcmodel"	"jupyter-lsp"	"2.3.0"	"pypi_0"	"pypi"
"abcmodel"	"jupyter-server"	"2.14.2"	"pypi_0"	"pypi"
"abcmodel"	"jupyter-server-terminals"	"0.5.3"	"pypi_0"	"pypi"
"abcmodel"	"jupyterlab"	"4.3.8"	"pypi_0"	"pypi"
"abcmodel"	"jupyterlab-pygments"	"0.3.0"	"pypi_0"	"pypi"
"abcmodel"	"jupyterlab-server"	"2.28.0"	"pypi_0"	"pypi"
"abcmodel"	"jupyterlab-widgets"	"3.0.16"	"pypi_0"	"pypi"
"abcmodel"	"kernel-headers_linux-64"	"3.10.0"	"he073ed8_18"	"conda-forge"
"abcmodel"	"keyutils"	"1.6.3"	"hb9d3cd8_0"	"conda-forge"
"abcmodel"	"kiwisolver"	"1.4.5"	"py38h7f3f72f_1"	"conda-forge"
"abcmodel"	"krb5"	"1.21.3"	"h659f571_0"	"conda-forge"
"abcmodel"	"lame"	"3.100"	"h166bdaf_1003"	"conda-forge"
"abcmodel"	"lcms2"	"2.17"	"h717163a_0"	"conda-forge"
"abcmodel"	"ld_impl_linux-64"	"2.45"	"h1aa0949_0"	"conda-forge"
"abcmodel"	"lerc"	"4.0.0"	"h0aef613_1"	"conda-forge"
"abcmodel"	"libasprintf"	"0.25.1"	"h3f43e3d_1"	"conda-forge"
"abcmodel"	"libasprintf-devel"	"0.25.1"	"h3f43e3d_1"	"conda-forge"
"abcmodel"	"libblas"	"3.9.0"	"39_h4a7cf45_openblas"	"conda-forge"
"abcmodel"	"libboost"	"1.84.0"	"h6c02f8c_7"	"conda-forge"
"abcmodel"	"libbrotlicommon"	"1.2.0"	"h09219d5_0"	"conda-forge"
"abcmodel"	"libbrotlidec"	"1.2.0"	"hd53d788_0"	"conda-forge"
"abcmodel"	"libbrotlienc"	"1.2.0"	"h02bd7ab_0"	"conda-forge"
"abcmodel"	"libcap"	"2.78"	"h084b8d7_1"	"conda-forge"
"abcmodel"	"libcblas"	"3.9.0"	"39_h0358290_openblas"	"conda-forge"
"abcmodel"	"libclang-cpp21.1"	"21.1.8"	"default_h99862b1_4"	"conda-forge"
"abcmodel"	"libclang13"	"22.1.0"	"default_h746c552_0"	"conda-forge"
"abcmodel"	"libcups"	"2.3.3"	"hb8b1518_5"	"conda-forge"
"abcmodel"	"libcurl"	"8.17.0"	"h4e3cde8_0"	"conda-forge"
"abcmodel"	"libdeflate"	"1.25"	"h17f619e_0"	"conda-forge"
"abcmodel"	"libdrm"	"2.4.127"	"hb03c661_1"	"conda-forge"
"abcmodel"	"libedit"	"3.1.20250104"	"pl5321h7949ede_0"	"conda-forge"
"abcmodel"	"libegl"	"1.7.0"	"ha4b6fd6_2"	"conda-forge"
"abcmodel"	"libev"	"4.33"	"hd590300_2"	"conda-forge"
"abcmodel"	"libevent"	"2.1.12"	"hf998b51_1"	"conda-forge"
"abcmodel"	"libexpat"	"2.7.1"	"hecca717_0"	"conda-forge"
"abcmodel"	"libffi"	"3.5.2"	"h9ec8514_0"	"conda-forge"
"abcmodel"	"libflac"	"1.5.0"	"he200343_1"	"conda-forge"
"abcmodel"	"libfreetype"	"2.14.1"	"ha770c72_0"	"conda-forge"
"abcmodel"	"libfreetype6"	"2.14.1"	"h73754d4_0"	"conda-forge"
"abcmodel"	"libgcc"	"15.2.0"	"h767d61c_7"	"conda-forge"
"abcmodel"	"libgcc-devel_linux-64"	"15.2.0"	"h73f6952_107"	"conda-forge"
"abcmodel"	"libgcc-ng"	"15.2.0"	"h69a702a_7"	"conda-forge"
"abcmodel"	"libgettextpo"	"0.25.1"	"h3f43e3d_1"	"conda-forge"
"abcmodel"	"libgettextpo-devel"	"0.25.1"	"h3f43e3d_1"	"conda-forge"
"abcmodel"	"libgfortran"	"15.2.0"	"h69a702a_7"	"conda-forge"
"abcmodel"	"libgfortran-ng"	"15.2.0"	"h69a702a_7"	"conda-forge"
"abcmodel"	"libgfortran5"	"15.2.0"	"hcd61629_7"	"conda-forge"
"abcmodel"	"libgl"	"1.7.0"	"ha4b6fd6_2"	"conda-forge"
"abcmodel"	"libglib"	"2.86.1"	"h32235b2_2"	"conda-forge"
"abcmodel"	"libglvnd"	"1.7.0"	"ha4b6fd6_2"	"conda-forge"
"abcmodel"	"libglx"	"1.7.0"	"ha4b6fd6_2"	"conda-forge"
"abcmodel"	"libgomp"	"15.2.0"	"h767d61c_7"	"conda-forge"
"abcmodel"	"libiconv"	"1.18"	"h3b78370_2"	"conda-forge"
"abcmodel"	"libjpeg-turbo"	"3.1.2"	"hb03c661_0"	"conda-forge"
"abcmodel"	"liblapack"	"3.9.0"	"39_h47877c9_openblas"	"conda-forge"
"abcmodel"	"liblapacke"	"3.9.0"	"39_h6ae95b6_openblas"	"conda-forge"
"abcmodel"	"liblightgbm"	"4.5.0"	"cpu_h155599f_3"	"conda-forge"
"abcmodel"	"libllvm21"	"21.1.8"	"hf7376ad_0"	"conda-forge"
"abcmodel"	"libllvm22"	"22.1.1"	"hf7376ad_0"	"conda-forge"
"abcmodel"	"liblzma"	"5.8.1"	"hb9d3cd8_2"	"conda-forge"
"abcmodel"	"liblzma-devel"	"5.8.1"	"hb9d3cd8_2"	"conda-forge"
"abcmodel"	"libnghttp2"	"1.67.0"	"had1ee68_0"	"conda-forge"
"abcmodel"	"libnsl"	"2.0.1"	"hb9d3cd8_1"	"conda-forge"
"abcmodel"	"libntlm"	"1.8"	"hb9d3cd8_0"	"conda-forge"
"abcmodel"	"libogg"	"1.3.5"	"hd0c01bc_1"	"conda-forge"
"abcmodel"	"libopenblas"	"0.3.30"	"pthreads_h94d23a6_4"	"conda-forge"
"abcmodel"	"libopenssl-static"	"3.6.3"	"hb03c661_0"	"conda-forge"
"abcmodel"	"libopus"	"1.6.1"	"h280c20c_0"	"conda-forge"
"abcmodel"	"libpciaccess"	"0.19"	"hb03c661_1"	"conda-forge"
"abcmodel"	"libpng"	"1.6.50"	"h421ea60_1"	"conda-forge"
"abcmodel"	"libpq"	"18.1"	"h5c52fec_2"	"conda-forge"
"abcmodel"	"libsanitizer"	"15.2.0"	"hb13aed2_7"	"conda-forge"
"abcmodel"	"libsndfile"	"1.2.2"	"hc7d488a_2"	"conda-forge"
"abcmodel"	"libsqlite"	"3.51.0"	"hee844dc_0"	"conda-forge"
"abcmodel"	"libssh2"	"1.11.1"	"hcf80075_0"	"conda-forge"
"abcmodel"	"libstdcxx"	"15.2.0"	"h8f9b012_7"	"conda-forge"
"abcmodel"	"libstdcxx-devel_linux-64"	"15.2.0"	"h73f6952_107"	"conda-forge"
"abcmodel"	"libstdcxx-ng"	"15.2.0"	"h4852527_7"	"conda-forge"
"abcmodel"	"libsystemd0"	"257.13"	"h084b8d7_1"	"conda-forge"
"abcmodel"	"libtiff"	"4.7.1"	"h9d88235_1"	"conda-forge"
"abcmodel"	"libuuid"	"2.41.2"	"he9a06e4_0"	"conda-forge"
"abcmodel"	"libuv"	"1.51.0"	"hb03c661_1"	"conda-forge"
"abcmodel"	"libvorbis"	"1.3.7"	"h54a6638_2"	"conda-forge"
"abcmodel"	"libwebp-base"	"1.6.0"	"hd42ef1d_0"	"conda-forge"
"abcmodel"	"libxcb"	"1.17.0"	"h8a09558_0"	"conda-forge"
"abcmodel"	"libxcrypt"	"4.4.36"	"hd590300_1"	"conda-forge"
"abcmodel"	"libxkbcommon"	"1.13.2"	"hca5e8e5_0"	"conda-forge"
"abcmodel"	"libxml2"	"2.15.1"	"h26afc86_0"	"conda-forge"
"abcmodel"	"libxml2-16"	"2.15.1"	"ha9997c6_0"	"conda-forge"
"abcmodel"	"libxml2-devel"	"2.15.1"	"h26afc86_0"	"conda-forge"
"abcmodel"	"libzlib"	"1.3.1"	"hb9d3cd8_2"	"conda-forge"
"abcmodel"	"lightgbm"	"4.5.0"	"cpu_py_3"	"conda-forge"
"abcmodel"	"lxml"	"6.0.2"	"pypi_0"	"pypi"
"abcmodel"	"macs2"	"2.2.9.1"	"py38h0020b31_1"	"bioconda"
"abcmodel"	"make"	"4.4.1"	"hb9d3cd8_2"	"conda-forge"
"abcmodel"	"markupsafe"	"2.1.5"	"py38h01eb140_0"	"conda-forge"
"abcmodel"	"matplotlib"	"3.7.3"	"py38h578d9bd_0"	"conda-forge"
"abcmodel"	"matplotlib-base"	"3.7.3"	"py38h58ed7fa_0"	"conda-forge"
"abcmodel"	"matplotlib-inline"	"0.1.7"	"pypi_0"	"pypi"
"abcmodel"	"mistune"	"3.1.4"	"pypi_0"	"pypi"
"abcmodel"	"mpg123"	"1.32.9"	"hc50e24c_0"	"conda-forge"
"abcmodel"	"munkres"	"1.1.4"	"pyh9f0ad1d_0"	"conda-forge"
"abcmodel"	"mysql-connector-c"	"6.1.11"	"h659d440_1008"	"conda-forge"
"abcmodel"	"natsort"	"8.4.0"	"pyhd8ed1ab_0"	"conda-forge"
"abcmodel"	"nbclient"	"0.10.1"	"pypi_0"	"pypi"
"abcmodel"	"nbconvert"	"7.16.6"	"pypi_0"	"pypi"
"abcmodel"	"nbformat"	"5.10.4"	"pypi_0"	"pypi"
"abcmodel"	"ncls"	"0.0.68"	"py38h0020b31_4"	"bioconda"
"abcmodel"	"ncurses"	"6.5"	"h2d0b736_3"	"conda-forge"
"abcmodel"	"nest-asyncio"	"1.6.0"	"pypi_0"	"pypi"
"abcmodel"	"networkx"	"3.1"	"pypi_0"	"pypi"
"abcmodel"	"nlopt"	"2.8.0"	"py38h2ab3d35_0"	"conda-forge"
"abcmodel"	"notebook"	"7.3.3"	"pypi_0"	"pypi"
"abcmodel"	"notebook-shim"	"0.2.4"	"pypi_0"	"pypi"
"abcmodel"	"nspr"	"4.38"	"h29cc59b_0"	"conda-forge"
"abcmodel"	"nss"	"3.118"	"h445c969_0"	"conda-forge"
"abcmodel"	"numpy"	"1.24.4"	"py38h59b608b_0"	"conda-forge"
"abcmodel"	"numpydoc"	"1.7.0"	"pyhd8ed1ab_3"	"conda-forge"
"abcmodel"	"ocl-icd"	"2.3.4"	"hb03c661_1"	"conda-forge"
"abcmodel"	"oniguruma"	"6.9.10"	"hb9d3cd8_0"	"conda-forge"
"abcmodel"	"openblas"	"0.3.30"	"pthreads_h6ec200e_4"	"conda-forge"
"abcmodel"	"opencl-headers"	"2025.06.13"	"hecca717_0"	"conda-forge"
"abcmodel"	"openjdk"	"25.0.1"	"h5755bd7_0"	"conda-forge"
"abcmodel"	"openjpeg"	"2.5.4"	"h55fea9a_0"	"conda-forge"
"abcmodel"	"openldap"	"2.6.10"	"he970967_0"	"conda-forge"
"abcmodel"	"openpyxl"	"3.1.5"	"pypi_0"	"pypi"
"abcmodel"	"openssl"	"3.6.3"	"h35e630c_0"	"conda-forge"
"abcmodel"	"overrides"	"7.7.0"	"pypi_0"	"pypi"
"abcmodel"	"packaging"	"25.0"	"pyh29332c3_1"	"conda-forge"
"abcmodel"	"pandas"	"2.0.3"	"py38h01efb38_1"	"conda-forge"
"abcmodel"	"pandoc"	"3.8.2.1"	"ha770c72_0"	"conda-forge"
"abcmodel"	"pandocfilters"	"1.5.1"	"pypi_0"	"pypi"
"abcmodel"	"pango"	"1.56.4"	"hadf4263_0"	"conda-forge"
"abcmodel"	"parso"	"0.8.5"	"pypi_0"	"pypi"
"abcmodel"	"patsy"	"1.0.1"	"pypi_0"	"pypi"
"abcmodel"	"pcre"	"8.45"	"h9c3ff4c_0"	"conda-forge"
"abcmodel"	"pcre2"	"10.46"	"h1321c63_0"	"conda-forge"
"abcmodel"	"perl"	"5.32.1"	"7_hd590300_perl5"	"conda-forge"
"abcmodel"	"pexpect"	"4.9.0"	"pypi_0"	"pypi"
"abcmodel"	"pickleshare"	"0.7.5"	"pypi_0"	"pypi"
"abcmodel"	"pillow"	"10.4.0"	"py38h2bc05a7_0"	"conda-forge"
"abcmodel"	"pip"	"24.3.1"	"pyh8b19718_0"	"conda-forge"
"abcmodel"	"pixman"	"0.46.4"	"h54a6638_1"	"conda-forge"
"abcmodel"	"pkg-config"	"0.29.2"	"h4bc722e_1009"	"conda-forge"
"abcmodel"	"pkgutil-resolve-name"	"1.3.10"	"pypi_0"	"pypi"
"abcmodel"	"platformdirs"	"4.3.6"	"pyhd8ed1ab_0"	"conda-forge"
"abcmodel"	"plotly"	"5.24.1"	"pyhd8ed1ab_0"	"conda-forge"
"abcmodel"	"ply"	"3.11"	"pyhd8ed1ab_2"	"conda-forge"
"abcmodel"	"pooch"	"1.8.2"	"pyhd8ed1ab_0"	"conda-forge"
"abcmodel"	"prometheus-client"	"0.21.1"	"pypi_0"	"pypi"
"abcmodel"	"prompt-toolkit"	"3.0.52"	"pypi_0"	"pypi"
"abcmodel"	"psutil"	"7.1.3"	"pypi_0"	"pypi"
"abcmodel"	"pthread-stubs"	"0.4"	"hb9d3cd8_1002"	"conda-forge"
"abcmodel"	"ptyprocess"	"0.7.0"	"pypi_0"	"pypi"
"abcmodel"	"pulseaudio-client"	"17.0"	"h9a6aba3_3"	"conda-forge"
"abcmodel"	"pure-eval"	"0.2.3"	"pypi_0"	"pypi"
"abcmodel"	"py2bit"	"0.3.0"	"py38h0020b31_10"	"bioconda"
"abcmodel"	"pybedtools"	"0.12.0"	"pypi_0"	"pypi"
"abcmodel"	"pybigwig"	"0.3.22"	"py38h71499f8_3"	"bioconda"
"abcmodel"	"pybind11"	"3.0.1"	"pypi_0"	"pypi"
"abcmodel"	"pycparser"	"2.22"	"pyhd8ed1ab_0"	"conda-forge"
"abcmodel"	"pygments"	"2.18.0"	"pyhd8ed1ab_0"	"conda-forge"
"abcmodel"	"pyparsing"	"3.1.4"	"pyhd8ed1ab_0"	"conda-forge"
"abcmodel"	"pyqt"	"5.15.9"	"py38hffdaa6c_5"	"conda-forge"
"abcmodel"	"pyqt5-sip"	"12.12.2"	"py38h17151c0_5"	"conda-forge"
"abcmodel"	"pyranges"	"0.1.4"	"pyhdfd78af_0"	"bioconda"
"abcmodel"	"pysam"	"0.22.1"	"py38h2d19e03_2"	"bioconda"
"abcmodel"	"pysocks"	"1.7.1"	"pyha2e5f31_6"	"conda-forge"
"abcmodel"	"python"	"3.8.20"	"h4a871b0_2_cpython"	"conda-forge"
"abcmodel"	"python-dateutil"	"2.9.0"	"pyhd8ed1ab_0"	"conda-forge"
"abcmodel"	"python-json-logger"	"4.0.0"	"pypi_0"	"pypi"
"abcmodel"	"python-tzdata"	"2024.2"	"pyhd8ed1ab_0"	"conda-forge"
"abcmodel"	"python_abi"	"3.8"	"8_cp38"	"conda-forge"
"abcmodel"	"pytz"	"2024.2"	"pyhd8ed1ab_0"	"conda-forge"
"abcmodel"	"pyyaml"	"6.0.2"	"py38h2019614_0"	"conda-forge"
"abcmodel"	"pyzmq"	"27.1.0"	"pypi_0"	"pypi"
"abcmodel"	"qt-main"	"5.15.15"	"h3c3fd16_6"	"conda-forge"
"abcmodel"	"r-abind"	"1.4_8"	"r44hc72bb7e_1"	"conda-forge"
"abcmodel"	"r-aplot"	"0.2.9"	"r44hc72bb7e_1"	"conda-forge"
"abcmodel"	"r-askpass"	"1.2.1"	"r44h54b55ab_1"	"conda-forge"
"abcmodel"	"r-assertthat"	"0.2.1"	"r44hc72bb7e_6"	"conda-forge"
"abcmodel"	"r-backports"	"1.5.0"	"r44h54b55ab_2"	"conda-forge"
"abcmodel"	"r-base"	"4.4.3"	"hc038350_5"	"conda-forge"
"abcmodel"	"r-base64enc"	"0.1_3"	"r44h54b55ab_1008"	"conda-forge"
"abcmodel"	"r-bh"	"1.87.0_1"	"r44hc72bb7e_1"	"conda-forge"
"abcmodel"	"r-biocmanager"	"1.30.27"	"r44hc72bb7e_0"	"conda-forge"
"abcmodel"	"r-bit"	"4.6.0"	"r44h54b55ab_1"	"conda-forge"
"abcmodel"	"r-bit64"	"4.6.0_1"	"r44h54b55ab_1"	"conda-forge"
"abcmodel"	"r-bitops"	"1.0_9"	"r44h54b55ab_1"	"conda-forge"
"abcmodel"	"r-blob"	"1.2.4"	"r44hc72bb7e_3"	"conda-forge"
"abcmodel"	"r-boot"	"1.3_32"	"r44hc72bb7e_1"	"conda-forge"
"abcmodel"	"r-broom"	"1.0.10"	"r44hc72bb7e_0"	"conda-forge"
"abcmodel"	"r-bslib"	"0.9.0"	"r44hc72bb7e_1"	"conda-forge"
"abcmodel"	"r-cachem"	"1.1.0"	"r44h54b55ab_2"	"conda-forge"
"abcmodel"	"r-callr"	"3.7.6"	"r44hc72bb7e_2"	"conda-forge"
"abcmodel"	"r-car"	"3.1_3"	"r44hc72bb7e_1"	"conda-forge"
"abcmodel"	"r-cardata"	"3.0_5"	"r44hc72bb7e_4"	"conda-forge"
"abcmodel"	"r-caret"	"7.0_1"	"r44h54b55ab_0"	"conda-forge"
"abcmodel"	"r-cellranger"	"1.1.0"	"r44hc72bb7e_1008"	"conda-forge"
"abcmodel"	"r-class"	"7.3_23"	"r44h54b55ab_1"	"conda-forge"
"abcmodel"	"r-cli"	"3.6.5"	"r44h3697838_1"	"conda-forge"
"abcmodel"	"r-clipr"	"0.8.0"	"r44hc72bb7e_4"	"conda-forge"
"abcmodel"	"r-clock"	"0.7.3"	"r44h3697838_1"	"conda-forge"
"abcmodel"	"r-codetools"	"0.2_20"	"r44hc72bb7e_2"	"conda-forge"
"abcmodel"	"r-colorspace"	"2.1_2"	"r44h54b55ab_0"	"conda-forge"
"abcmodel"	"r-commonmark"	"2.0.0"	"r44h54b55ab_1"	"conda-forge"
"abcmodel"	"r-conflicted"	"1.2.0"	"r44h785f33e_3"	"conda-forge"
"abcmodel"	"r-conquer"	"1.3.3"	"r44h3704496_5"	"conda-forge"
"abcmodel"	"r-corrplot"	"0.95"	"r44hc72bb7e_1"	"conda-forge"
"abcmodel"	"r-cowplot"	"1.2.0"	"r44hc72bb7e_2"	"conda-forge"
"abcmodel"	"r-cpp11"	"0.5.2"	"r44h785f33e_2"	"conda-forge"
"abcmodel"	"r-crayon"	"1.5.3"	"r44hc72bb7e_2"	"conda-forge"
"abcmodel"	"r-crul"	"1.6.0"	"r44hc72bb7e_1"	"conda-forge"
"abcmodel"	"r-curl"	"7.0.0"	"r44h10955f1_1"	"conda-forge"
"abcmodel"	"r-data.table"	"1.17.8"	"r44h1c8cec4_1"	"conda-forge"
"abcmodel"	"r-dbi"	"1.2.3"	"r44hc72bb7e_2"	"conda-forge"
"abcmodel"	"r-dbplyr"	"2.5.1"	"r44hc72bb7e_1"	"conda-forge"
"abcmodel"	"r-deriv"	"4.2.0"	"r44hc72bb7e_1"	"conda-forge"
"abcmodel"	"r-diagram"	"1.6.5"	"r44ha770c72_4"	"conda-forge"
"abcmodel"	"r-digest"	"0.6.38"	"r44h3697838_0"	"conda-forge"
"abcmodel"	"r-doby"	"4.7.0"	"r44hc72bb7e_1"	"conda-forge"
"abcmodel"	"r-dplyr"	"1.1.4"	"r44h3697838_2"	"conda-forge"
"abcmodel"	"r-dtplyr"	"1.3.2"	"r44hc72bb7e_1"	"conda-forge"
"abcmodel"	"r-e1071"	"1.7_16"	"r44h3697838_1"	"conda-forge"
"abcmodel"	"r-ellipsis"	"0.3.2"	"r44h54b55ab_4"	"conda-forge"
"abcmodel"	"r-evaluate"	"1.0.5"	"r44hc72bb7e_1"	"conda-forge"
"abcmodel"	"r-fansi"	"1.0.6"	"r44h54b55ab_2"	"conda-forge"
"abcmodel"	"r-farver"	"2.1.2"	"r44h3697838_2"	"conda-forge"
"abcmodel"	"r-fastmap"	"1.2.0"	"r44h3697838_2"	"conda-forge"
"abcmodel"	"r-filelock"	"1.0.3"	"r44h54b55ab_2"	"conda-forge"
"abcmodel"	"r-flextable"	"0.9.10"	"r44hc72bb7e_1"	"conda-forge"
"abcmodel"	"r-fontawesome"	"0.5.3"	"r44hc72bb7e_1"	"conda-forge"
"abcmodel"	"r-fontbitstreamvera"	"0.1.1"	"r44hc72bb7e_1007"	"conda-forge"
"abcmodel"	"r-fontliberation"	"0.1.0"	"r44hc72bb7e_1007"	"conda-forge"
"abcmodel"	"r-fontquiver"	"0.2.1"	"r44hc72bb7e_1007"	"conda-forge"
"abcmodel"	"r-forcats"	"1.0.1"	"r44hc72bb7e_0"	"conda-forge"
"abcmodel"	"r-foreach"	"1.5.2"	"r44hc72bb7e_4"	"conda-forge"
"abcmodel"	"r-formatr"	"1.14"	"r44hc72bb7e_3"	"conda-forge"
"abcmodel"	"r-formula"	"1.2_5"	"r44hc72bb7e_3"	"conda-forge"
"abcmodel"	"r-fs"	"1.6.6"	"r44h3697838_1"	"conda-forge"
"abcmodel"	"r-futile.logger"	"1.4.3"	"r44hc72bb7e_1007"	"conda-forge"
"abcmodel"	"r-futile.options"	"1.0.1"	"r44hc72bb7e_1006"	"conda-forge"
"abcmodel"	"r-future"	"1.67.0"	"r44h785f33e_1"	"conda-forge"
"abcmodel"	"r-future.apply"	"1.20.0"	"r44hc72bb7e_1"	"conda-forge"
"abcmodel"	"r-gargle"	"1.6.0"	"r44h785f33e_1"	"conda-forge"
"abcmodel"	"r-gbrd"	"0.4.12"	"r44hc72bb7e_2"	"conda-forge"
"abcmodel"	"r-gdtools"	"0.4.4"	"r44ha0c56d8_0"	"conda-forge"
"abcmodel"	"r-generics"	"0.1.4"	"r44hc72bb7e_1"	"conda-forge"
"abcmodel"	"r-gfonts"	"0.2.0"	"r44hc72bb7e_3"	"conda-forge"
"abcmodel"	"r-ggforce"	"0.5.0"	"r44h3697838_1"	"conda-forge"
"abcmodel"	"r-ggfun"	"0.2.0"	"r44hc72bb7e_1"	"conda-forge"
"abcmodel"	"r-ggplot2"	"4.0.1"	"r44h785f33e_0"	"conda-forge"
"abcmodel"	"r-ggplotify"	"0.1.3"	"r44hc72bb7e_1"	"conda-forge"
"abcmodel"	"r-ggpointdensity"	"0.2.0"	"r44h54b55ab_1"	"conda-forge"
"abcmodel"	"r-ggpubr"	"0.6.2"	"r44hc72bb7e_0"	"conda-forge"
"abcmodel"	"r-ggraph"	"2.2.1"	"r44h3697838_2"	"conda-forge"
"abcmodel"	"r-ggrepel"	"0.9.6"	"r44h3697838_2"	"conda-forge"
"abcmodel"	"r-ggsci"	"4.1.0"	"r44hc72bb7e_0"	"conda-forge"
"abcmodel"	"r-ggsignif"	"0.6.4"	"r44hc72bb7e_3"	"conda-forge"
"abcmodel"	"r-globals"	"0.18.0"	"r44hc72bb7e_1"	"conda-forge"
"abcmodel"	"r-glue"	"1.8.0"	"r44h54b55ab_1"	"conda-forge"
"abcmodel"	"r-googledrive"	"2.1.2"	"r44hc72bb7e_1"	"conda-forge"
"abcmodel"	"r-googlesheets4"	"1.1.2"	"r44h785f33e_1"	"conda-forge"
"abcmodel"	"r-gower"	"1.0.1"	"r44h54b55ab_3"	"conda-forge"
"abcmodel"	"r-graphlayouts"	"1.2.2"	"r44h3697838_1"	"conda-forge"
"abcmodel"	"r-gridextra"	"2.3"	"r44hc72bb7e_1007"	"conda-forge"
"abcmodel"	"r-gridgraphics"	"0.5_1"	"r44hc72bb7e_4"	"conda-forge"
"abcmodel"	"r-gtable"	"0.3.6"	"r44hc72bb7e_1"	"conda-forge"
"abcmodel"	"r-hardhat"	"1.4.2"	"r44hc72bb7e_1"	"conda-forge"
"abcmodel"	"r-haven"	"2.5.5"	"r44h6d565e7_1"	"conda-forge"
"abcmodel"	"r-here"	"1.0.2"	"r44hc72bb7e_0"	"conda-forge"
"abcmodel"	"r-hexbin"	"1.28.5"	"r44heaba542_1"	"conda-forge"
"abcmodel"	"r-highr"	"0.11"	"r44hc72bb7e_2"	"conda-forge"
"abcmodel"	"r-hms"	"1.1.4"	"r44hc72bb7e_0"	"conda-forge"
"abcmodel"	"r-htmltools"	"0.5.8.1"	"r44h3697838_2"	"conda-forge"
"abcmodel"	"r-httpcode"	"0.3.0"	"r44ha770c72_5"	"conda-forge"
"abcmodel"	"r-httpuv"	"1.6.16"	"r44h6d565e7_1"	"conda-forge"
"abcmodel"	"r-httr"	"1.4.7"	"r44hc72bb7e_2"	"conda-forge"
"abcmodel"	"r-httr2"	"1.2.1"	"r44hc72bb7e_1"	"conda-forge"
"abcmodel"	"r-ids"	"1.0.1"	"r44hc72bb7e_5"	"conda-forge"
"abcmodel"	"r-igraph"	"2.1.4"	"r44hf411e2a_2"	"conda-forge"
"abcmodel"	"r-ipred"	"0.9_15"	"r44h54b55ab_2"	"conda-forge"
"abcmodel"	"r-isoband"	"0.2.7"	"r44h3697838_4"	"conda-forge"
"abcmodel"	"r-iterators"	"1.0.14"	"r44hc72bb7e_4"	"conda-forge"
"abcmodel"	"r-jquerylib"	"0.1.4"	"r44hc72bb7e_4"	"conda-forge"
"abcmodel"	"r-jsonlite"	"2.0.0"	"r44h54b55ab_1"	"conda-forge"
"abcmodel"	"r-kernsmooth"	"2.23_26"	"r44ha0a88a1_1"	"conda-forge"
"abcmodel"	"r-knitr"	"1.50"	"r44hc72bb7e_1"	"conda-forge"
"abcmodel"	"r-labeling"	"0.4.3"	"r44hc72bb7e_2"	"conda-forge"
"abcmodel"	"r-lambda.r"	"1.2.4"	"r44hc72bb7e_5"	"conda-forge"
"abcmodel"	"r-later"	"1.4.4"	"r44h3697838_1"	"conda-forge"
"abcmodel"	"r-lattice"	"0.22_7"	"r44h54b55ab_1"	"conda-forge"
"abcmodel"	"r-lava"	"1.8.2"	"r44hc72bb7e_0"	"conda-forge"
"abcmodel"	"r-lifecycle"	"1.0.4"	"r44hc72bb7e_2"	"conda-forge"
"abcmodel"	"r-listenv"	"0.10.0"	"r44hc72bb7e_0"	"conda-forge"
"abcmodel"	"r-lme4"	"1.1_37"	"r44h3697838_2"	"conda-forge"
"abcmodel"	"r-locfit"	"1.5_9.12"	"r44h54b55ab_1"	"conda-forge"
"abcmodel"	"r-lubridate"	"1.9.4"	"r44h54b55ab_1"	"conda-forge"
"abcmodel"	"r-magrittr"	"2.0.4"	"r44h54b55ab_0"	"conda-forge"
"abcmodel"	"r-mass"	"7.3_65"	"r44h54b55ab_0"	"conda-forge"
"abcmodel"	"r-matrix"	"1.7_4"	"r44h0e4624f_1"	"conda-forge"
"abcmodel"	"r-matrixmodels"	"0.5_4"	"r44hc72bb7e_1"	"conda-forge"
"abcmodel"	"r-matrixstats"	"1.5.0"	"r44h54b55ab_1"	"conda-forge"
"abcmodel"	"r-memoise"	"2.0.1"	"r44hc72bb7e_4"	"conda-forge"
"abcmodel"	"r-mgcv"	"1.9_4"	"r44h0e4624f_0"	"conda-forge"
"abcmodel"	"r-microbenchmark"	"1.5.0"	"r44h54b55ab_1"	"conda-forge"
"abcmodel"	"r-mime"	"0.13"	"r44h54b55ab_1"	"conda-forge"
"abcmodel"	"r-minqa"	"1.2.8"	"r44ha36cffa_2"	"conda-forge"
"abcmodel"	"r-modelmetrics"	"1.2.2.2"	"r44h3697838_5"	"conda-forge"
"abcmodel"	"r-modelr"	"0.1.11"	"r44hc72bb7e_3"	"conda-forge"
"abcmodel"	"r-munsell"	"0.5.1"	"r44hc72bb7e_2"	"conda-forge"
"abcmodel"	"r-nlme"	"3.1_168"	"r44heaba542_1"	"conda-forge"
"abcmodel"	"r-nloptr"	"2.1.1"	"r44h9b87a3a_1"	"conda-forge"
"abcmodel"	"r-nnet"	"7.3_20"	"r44h54b55ab_1"	"conda-forge"
"abcmodel"	"r-numderiv"	"2016.8_1.1"	"r44hc72bb7e_7"	"conda-forge"
"abcmodel"	"r-officer"	"0.7.1"	"r44hc72bb7e_0"	"conda-forge"
"abcmodel"	"r-openssl"	"2.3.4"	"r44h50f7d53_0"	"conda-forge"
"abcmodel"	"r-otel"	"0.2.0"	"r44hc72bb7e_1"	"conda-forge"
"abcmodel"	"r-parallelly"	"1.45.1"	"r44h54b55ab_1"	"conda-forge"
"abcmodel"	"r-patchwork"	"1.3.2"	"r44hc72bb7e_1"	"conda-forge"
"abcmodel"	"r-pbkrtest"	"0.5.5"	"r44hc72bb7e_1"	"conda-forge"
"abcmodel"	"r-pheatmap"	"1.0.13"	"r44hc72bb7e_1"	"conda-forge"
"abcmodel"	"r-pillar"	"1.11.1"	"r44hc72bb7e_0"	"conda-forge"
"abcmodel"	"r-pkgconfig"	"2.0.3"	"r44hc72bb7e_5"	"conda-forge"
"abcmodel"	"r-plogr"	"0.2.0"	"r44hc72bb7e_1007"	"conda-forge"
"abcmodel"	"r-plyr"	"1.8.9"	"r44h3697838_3"	"conda-forge"
"abcmodel"	"r-png"	"0.1_8"	"r44h6b2d295_3"	"conda-forge"
"abcmodel"	"r-polyclip"	"1.10_7"	"r44h3697838_1"	"conda-forge"
"abcmodel"	"r-polynom"	"1.4_1"	"r44hc72bb7e_4"	"conda-forge"
"abcmodel"	"r-prettyunits"	"1.2.0"	"r44hc72bb7e_2"	"conda-forge"
"abcmodel"	"r-proc"	"1.19.0.1"	"r44h3697838_1"	"conda-forge"
"abcmodel"	"r-processx"	"3.8.6"	"r44h54b55ab_1"	"conda-forge"
"abcmodel"	"r-prodlim"	"2025.04.28"	"r44h3697838_1"	"conda-forge"
"abcmodel"	"r-progress"	"1.2.3"	"r44hc72bb7e_2"	"conda-forge"
"abcmodel"	"r-progressr"	"0.18.0"	"r44hc72bb7e_0"	"conda-forge"
"abcmodel"	"r-promises"	"1.5.0"	"r44hc72bb7e_1"	"conda-forge"
"abcmodel"	"r-proxy"	"0.4_27"	"r44h54b55ab_4"	"conda-forge"
"abcmodel"	"r-ps"	"1.9.1"	"r44h54b55ab_1"	"conda-forge"
"abcmodel"	"r-purrr"	"1.2.0"	"r44h54b55ab_0"	"conda-forge"
"abcmodel"	"r-quantreg"	"6.1"	"r44h11cdb10_1"	"conda-forge"
"abcmodel"	"r-r6"	"2.6.1"	"r44hc72bb7e_1"	"conda-forge"
"abcmodel"	"r-ragg"	"1.5.0"	"r44h9f1dc4d_1"	"conda-forge"
"abcmodel"	"r-rappdirs"	"0.3.3"	"r44h54b55ab_4"	"conda-forge"
"abcmodel"	"r-rbibutils"	"2.4"	"r44h54b55ab_0"	"conda-forge"
"abcmodel"	"r-rcolorbrewer"	"1.1_3"	"r44h785f33e_4"	"conda-forge"
"abcmodel"	"r-rcpp"	"1.1.0"	"r44h3697838_1"	"conda-forge"
"abcmodel"	"r-rcpparmadillo"	"15.0.2_2"	"r44h3704496_0"	"conda-forge"
"abcmodel"	"r-rcppeigen"	"0.3.4.0.2"	"r44h3704496_1"	"conda-forge"
"abcmodel"	"r-rcpptoml"	"0.2.3"	"r44h3697838_1"	"conda-forge"
"abcmodel"	"r-rcurl"	"1.98_1.17"	"r44h46721d4_2"	"conda-forge"
"abcmodel"	"r-rdpack"	"2.6.4"	"r44hc72bb7e_1"	"conda-forge"
"abcmodel"	"r-readr"	"2.1.6"	"r44h3697838_0"	"conda-forge"
"abcmodel"	"r-readxl"	"1.4.5"	"r44h10e25cc_1"	"conda-forge"
"abcmodel"	"r-recipes"	"1.3.1"	"r44hc72bb7e_1"	"conda-forge"
"abcmodel"	"r-reformulas"	"0.4.2"	"r44hc72bb7e_0"	"conda-forge"
"abcmodel"	"r-rematch"	"2.0.0"	"r44hc72bb7e_2"	"conda-forge"
"abcmodel"	"r-rematch2"	"2.1.2"	"r44hc72bb7e_5"	"conda-forge"
"abcmodel"	"r-reprex"	"2.1.1"	"r44hc72bb7e_2"	"conda-forge"
"abcmodel"	"r-reshape2"	"1.4.5"	"r44h3697838_0"	"conda-forge"
"abcmodel"	"r-restfulr"	"0.0.16"	"r44h5ef9028_0"	"bioconda"
"abcmodel"	"r-reticulate"	"1.44.1"	"r44h3697838_0"	"conda-forge"
"abcmodel"	"r-rjson"	"0.2.23"	"r44h3697838_1"	"conda-forge"
"abcmodel"	"r-rlang"	"1.1.6"	"r44h3697838_1"	"conda-forge"
"abcmodel"	"r-rmarkdown"	"2.30"	"r44hc72bb7e_0"	"conda-forge"
"abcmodel"	"r-rpart"	"4.1.24"	"r44h54b55ab_1"	"conda-forge"
"abcmodel"	"r-rprojroot"	"2.1.1"	"r44hc72bb7e_1"	"conda-forge"
"abcmodel"	"r-rspectra"	"0.16_2"	"r44h3704496_2"	"conda-forge"
"abcmodel"	"r-rsqlite"	"2.4.4"	"r44h3697838_0"	"conda-forge"
"abcmodel"	"r-rstatix"	"0.7.3"	"r44hc72bb7e_0"	"conda-forge"
"abcmodel"	"r-rstudioapi"	"0.17.1"	"r44hc72bb7e_1"	"conda-forge"
"abcmodel"	"r-rvest"	"1.0.5"	"r44hc72bb7e_1"	"conda-forge"
"abcmodel"	"r-s7"	"0.2.1"	"r44h54b55ab_0"	"conda-forge"
"abcmodel"	"r-sass"	"0.4.10"	"r44h3697838_1"	"conda-forge"
"abcmodel"	"r-scales"	"1.4.0"	"r44hc72bb7e_1"	"conda-forge"
"abcmodel"	"r-selectr"	"0.4_2"	"r44hc72bb7e_5"	"conda-forge"
"abcmodel"	"r-shape"	"1.4.6.1"	"r44ha770c72_2"	"conda-forge"
"abcmodel"	"r-shiny"	"1.11.1"	"r44h785f33e_1"	"conda-forge"
"abcmodel"	"r-snow"	"0.4_4"	"r44hc72bb7e_4"	"conda-forge"
"abcmodel"	"r-sourcetools"	"0.1.7_1"	"r44h3697838_3"	"conda-forge"
"abcmodel"	"r-sparsem"	"1.84_2"	"r44heaba542_1"	"conda-forge"
"abcmodel"	"r-sparsevctrs"	"0.3.4"	"r44h54b55ab_1"	"conda-forge"
"abcmodel"	"r-squarem"	"2021.1"	"r44hc72bb7e_4"	"conda-forge"
"abcmodel"	"r-statmod"	"1.5.1"	"r44hb1d0f04_0"	"conda-forge"
"abcmodel"	"r-stringi"	"1.8.7"	"r44h2dae267_1"	"conda-forge"
"abcmodel"	"r-stringr"	"1.6.0"	"r44h785f33e_0"	"conda-forge"
"abcmodel"	"r-survival"	"3.8_3"	"r44h54b55ab_1"	"conda-forge"
"abcmodel"	"r-sys"	"3.4.3"	"r44h54b55ab_1"	"conda-forge"
"abcmodel"	"r-systemfonts"	"1.3.1"	"r44h74f4acd_0"	"conda-forge"
"abcmodel"	"r-textshaping"	"1.0.4"	"r44h74f4acd_0"	"conda-forge"
"abcmodel"	"r-tibble"	"3.3.0"	"r44h54b55ab_1"	"conda-forge"
"abcmodel"	"r-tidygraph"	"1.3.0"	"r44h3697838_2"	"conda-forge"
"abcmodel"	"r-tidyr"	"1.3.1"	"r44h3697838_2"	"conda-forge"
"abcmodel"	"r-tidyselect"	"1.2.1"	"r44hc72bb7e_2"	"conda-forge"
"abcmodel"	"r-tidyverse"	"2.0.0"	"r44h785f33e_3"	"conda-forge"
"abcmodel"	"r-timechange"	"0.3.0"	"r44h3697838_2"	"conda-forge"
"abcmodel"	"r-timedate"	"4051.111"	"r44hc72bb7e_0"	"conda-forge"
"abcmodel"	"r-tinytex"	"0.57"	"r44hc72bb7e_1"	"conda-forge"
"abcmodel"	"r-triebeard"	"0.4.1"	"r44h3697838_4"	"conda-forge"
"abcmodel"	"r-tweenr"	"2.0.3"	"r44h3697838_2"	"conda-forge"
"abcmodel"	"r-tzdb"	"0.5.0"	"r44h3697838_2"	"conda-forge"
"abcmodel"	"r-umap"	"0.2.10.0"	"r44h3697838_3"	"conda-forge"
"abcmodel"	"r-urltools"	"1.7.3.1"	"r44h3697838_1"	"conda-forge"
"abcmodel"	"r-utf8"	"1.2.6"	"r44h54b55ab_1"	"conda-forge"
"abcmodel"	"r-uuid"	"1.2_1"	"r44h54b55ab_1"	"conda-forge"
"abcmodel"	"r-vctrs"	"0.6.5"	"r44h3697838_2"	"conda-forge"
"abcmodel"	"r-viridis"	"0.6.5"	"r44hc72bb7e_2"	"conda-forge"
"abcmodel"	"r-viridislite"	"0.4.2"	"r44hc72bb7e_3"	"conda-forge"
"abcmodel"	"r-vroom"	"1.6.6"	"r44h3697838_0"	"conda-forge"
"abcmodel"	"r-withr"	"3.0.2"	"r44hc72bb7e_1"	"conda-forge"
"abcmodel"	"r-xfun"	"0.54"	"r44h3697838_0"	"conda-forge"
"abcmodel"	"r-xml"	"3.99_0.20"	"r44hf705907_0"	"conda-forge"
"abcmodel"	"r-xml2"	"1.4.1"	"r44he78afff_0"	"conda-forge"
"abcmodel"	"r-xtable"	"1.8_4"	"r44hc72bb7e_7"	"conda-forge"
"abcmodel"	"r-yaml"	"2.3.10"	"r44h54b55ab_1"	"conda-forge"
"abcmodel"	"r-yulab.utils"	"0.2.1"	"r44hc72bb7e_1"	"conda-forge"
"abcmodel"	"r-zip"	"2.3.3"	"r44h54b55ab_1"	"conda-forge"
"abcmodel"	"r-ztable"	"0.2.3"	"r44hc72bb7e_4"	"conda-forge"
"abcmodel"	"radian"	"0.6.15"	"pypi_0"	"pypi"
"abcmodel"	"rchitect"	"0.4.8"	"pypi_0"	"pypi"
"abcmodel"	"readline"	"8.2"	"h8c095d6_2"	"conda-forge"
"abcmodel"	"referencing"	"0.35.1"	"pypi_0"	"pypi"
"abcmodel"	"requests"	"2.32.3"	"pyhd8ed1ab_0"	"conda-forge"
"abcmodel"	"rfc3339-validator"	"0.1.4"	"pypi_0"	"pypi"
"abcmodel"	"rfc3986-validator"	"0.1.1"	"pypi_0"	"pypi"
"abcmodel"	"rhash"	"1.4.6"	"hb9d3cd8_1"	"conda-forge"
"abcmodel"	"rpds-py"	"0.20.1"	"pypi_0"	"pypi"
"abcmodel"	"rpy2"	"3.6.4"	"pypi_0"	"pypi"
"abcmodel"	"rpy2-rinterface"	"3.6.3"	"pypi_0"	"pypi"
"abcmodel"	"rpy2-robjects"	"3.6.3"	"pypi_0"	"pypi"
"abcmodel"	"samtools"	"1.22.1"	"h96c455f_0"	"bioconda"
"abcmodel"	"scikit-learn"	"1.3.2"	"py38ha25d942_2"	"conda-forge"
"abcmodel"	"scipy"	"1.10.1"	"py38h32ae08f_1"	"pkgs/main"
"abcmodel"	"seaborn"	"0.13.2"	"hd8ed1ab_2"	"conda-forge"
"abcmodel"	"seaborn-base"	"0.13.2"	"pyhd8ed1ab_2"	"conda-forge"
"abcmodel"	"sed"	"4.9"	"h6688a6e_0"	"conda-forge"
"abcmodel"	"send2trash"	"1.8.3"	"pypi_0"	"pypi"
"abcmodel"	"setuptools"	"75.3.0"	"pyhd8ed1ab_0"	"conda-forge"
"abcmodel"	"sip"	"6.7.12"	"py38h17151c0_0"	"conda-forge"
"abcmodel"	"six"	"1.16.0"	"pyh6c4a22f_0"	"conda-forge"
"abcmodel"	"sniffio"	"1.3.1"	"pypi_0"	"pypi"
"abcmodel"	"snowballstemmer"	"2.2.0"	"pyhd8ed1ab_0"	"conda-forge"
"abcmodel"	"sorted_nearest"	"0.0.39"	"py38h0020b31_4"	"bioconda"
"abcmodel"	"soupsieve"	"2.7"	"pypi_0"	"pypi"
"abcmodel"	"sphinx"	"7.1.2"	"pyhd8ed1ab_0"	"conda-forge"
"abcmodel"	"sphinxcontrib-applehelp"	"1.0.4"	"pyhd8ed1ab_0"	"conda-forge"
"abcmodel"	"sphinxcontrib-devhelp"	"1.0.2"	"py_0"	"anaconda/pkgs/main"
"abcmodel"	"sphinxcontrib-htmlhelp"	"2.0.1"	"pyhd8ed1ab_0"	"conda-forge"
"abcmodel"	"sphinxcontrib-jsmath"	"1.0.1"	"pyhd8ed1ab_0"	"conda-forge"
"abcmodel"	"sphinxcontrib-qthelp"	"1.0.3"	"py_0"	"anaconda/pkgs/main"
"abcmodel"	"sphinxcontrib-serializinghtml"	"1.1.5"	"pyhd8ed1ab_2"	"conda-forge"
"abcmodel"	"sqlite"	"3.51.0"	"heff268d_0"	"conda-forge"
"abcmodel"	"stack-data"	"0.6.3"	"pypi_0"	"pypi"
"abcmodel"	"statsmodels"	"0.14.1"	"py38h7f0c24c_0"	"conda-forge"
"abcmodel"	"sysroot_linux-64"	"2.17"	"h0157908_18"	"conda-forge"
"abcmodel"	"tabix"	"1.11"	"hdfd78af_0"	"bioconda"
"abcmodel"	"tabulate"	"0.9.0"	"pyhd8ed1ab_1"	"conda-forge"
"abcmodel"	"tenacity"	"9.0.0"	"pyhd8ed1ab_0"	"conda-forge"
"abcmodel"	"terminado"	"0.18.1"	"pypi_0"	"pypi"
"abcmodel"	"threadpoolctl"	"3.5.0"	"pyhc1e730c_0"	"conda-forge"
"abcmodel"	"tinycss2"	"1.2.1"	"pypi_0"	"pypi"
"abcmodel"	"tk"	"8.6.13"	"noxft_ha0e22de_103"	"conda-forge"
"abcmodel"	"tktable"	"2.10"	"h8d826fa_7"	"conda-forge"
"abcmodel"	"toml"	"0.10.2"	"pyhd8ed1ab_0"	"conda-forge"
"abcmodel"	"tomli"	"2.0.2"	"pyhd8ed1ab_0"	"conda-forge"
"abcmodel"	"tomlkit"	"0.13.2"	"pyha770c72_0"	"conda-forge"
"abcmodel"	"tornado"	"6.4.2"	"pypi_0"	"pypi"
"abcmodel"	"tqdm"	"4.67.1"	"pypi_0"	"pypi"
"abcmodel"	"traitlets"	"5.14.3"	"pypi_0"	"pypi"
"abcmodel"	"typing_extensions"	"4.12.2"	"pyha770c72_0"	"conda-forge"
"abcmodel"	"tzdata"	"2025b"	"h78e105d_0"	"conda-forge"
"abcmodel"	"tzlocal"	"5.2"	"pypi_0"	"pypi"
"abcmodel"	"ucsc-bedgraphtobigwig"	"482"	"hdc0a859_0"	"bioconda"
"abcmodel"	"ucsc-bigwigaverageoverbed"	"482"	"h0b57e2e_0"	"bioconda"
"abcmodel"	"ucsc-bigwigmerge"	"482"	"h0b57e2e_0"	"bioconda"
"abcmodel"	"unicodedata2"	"15.1.0"	"py38h01eb140_0"	"conda-forge"
"abcmodel"	"uri-template"	"1.3.0"	"pypi_0"	"pypi"
"abcmodel"	"urllib3"	"2.2.3"	"pyhd8ed1ab_0"	"conda-forge"
"abcmodel"	"wcwidth"	"0.2.14"	"pypi_0"	"pypi"
"abcmodel"	"webcolors"	"24.8.0"	"pypi_0"	"pypi"
"abcmodel"	"webencodings"	"0.5.1"	"pypi_0"	"pypi"
"abcmodel"	"websocket-client"	"1.8.0"	"pypi_0"	"pypi"
"abcmodel"	"wheel"	"0.45.1"	"pyhd8ed1ab_0"	"conda-forge"
"abcmodel"	"widgetsnbextension"	"4.0.15"	"pypi_0"	"pypi"
"abcmodel"	"xcb-util"	"0.4.1"	"h4f16b4b_2"	"conda-forge"
"abcmodel"	"xcb-util-image"	"0.4.0"	"hb711507_2"	"conda-forge"
"abcmodel"	"xcb-util-keysyms"	"0.4.1"	"hb711507_0"	"conda-forge"
"abcmodel"	"xcb-util-renderutil"	"0.3.10"	"hb711507_0"	"conda-forge"
"abcmodel"	"xcb-util-wm"	"0.4.2"	"hb711507_0"	"conda-forge"
"abcmodel"	"xkeyboard-config"	"2.46"	"hb03c661_0"	"conda-forge"
"abcmodel"	"xlsxwriter"	"3.2.9"	"pypi_0"	"pypi"
"abcmodel"	"xmltodict"	"0.14.2"	"pyhd8ed1ab_0"	"conda-forge"
"abcmodel"	"xorg-kbproto"	"1.0.7"	"hb9d3cd8_1003"	"conda-forge"
"abcmodel"	"xorg-libice"	"1.1.2"	"hb9d3cd8_0"	"conda-forge"
"abcmodel"	"xorg-libsm"	"1.2.6"	"he73a12e_0"	"conda-forge"
"abcmodel"	"xorg-libx11"	"1.8.12"	"h4f16b4b_0"	"conda-forge"
"abcmodel"	"xorg-libxau"	"1.0.12"	"hb03c661_1"	"conda-forge"
"abcmodel"	"xorg-libxdamage"	"1.1.6"	"hb9d3cd8_0"	"conda-forge"
"abcmodel"	"xorg-libxdmcp"	"1.1.5"	"hb03c661_1"	"conda-forge"
"abcmodel"	"xorg-libxext"	"1.3.6"	"hb9d3cd8_0"	"conda-forge"
"abcmodel"	"xorg-libxfixes"	"6.0.2"	"hb03c661_0"	"conda-forge"
"abcmodel"	"xorg-libxi"	"1.8.2"	"hb9d3cd8_0"	"conda-forge"
"abcmodel"	"xorg-libxrandr"	"1.5.4"	"hb9d3cd8_0"	"conda-forge"
"abcmodel"	"xorg-libxrender"	"0.9.12"	"hb9d3cd8_0"	"conda-forge"
"abcmodel"	"xorg-libxshmfence"	"1.3.3"	"hb9d3cd8_0"	"conda-forge"
"abcmodel"	"xorg-libxt"	"1.3.1"	"hb9d3cd8_0"	"conda-forge"
"abcmodel"	"xorg-libxtst"	"1.2.5"	"hb9d3cd8_3"	"conda-forge"
"abcmodel"	"xorg-libxxf86vm"	"1.1.7"	"hb03c661_0"	"conda-forge"
"abcmodel"	"xorg-renderproto"	"0.11.1"	"hb9d3cd8_1003"	"conda-forge"
"abcmodel"	"xorg-xextproto"	"7.3.0"	"hb9d3cd8_1004"	"conda-forge"
"abcmodel"	"xorg-xproto"	"7.0.31"	"hb9d3cd8_1008"	"conda-forge"
"abcmodel"	"xz"	"5.8.1"	"hbcc6ac9_2"	"conda-forge"
"abcmodel"	"xz-gpl-tools"	"5.8.1"	"hbcc6ac9_2"	"conda-forge"
"abcmodel"	"xz-tools"	"5.8.1"	"hb9d3cd8_2"	"conda-forge"
"abcmodel"	"yaml"	"0.2.5"	"h280c20c_3"	"conda-forge"
"abcmodel"	"yq"	"3.4.3"	"pyhd8ed1ab_0"	"conda-forge"
"abcmodel"	"zipp"	"3.21.0"	"pyhd8ed1ab_0"	"conda-forge"
"abcmodel"	"zlib"	"1.3.1"	"hb9d3cd8_2"	"conda-forge"
"abcmodel"	"zstandard"	"0.19.0"	"py38h0a891b7_0"	"conda-forge"
"abcmodel"	"zstd"	"1.5.7"	"hb8e6e7a_2"	"conda-forge"
"base"	"_anaconda_depends"	"2025.06"	"py313_mkl_2"	"pkgs/main"
"base"	"_libgcc_mutex"	"0.1"	"main"	"pkgs/main"
"base"	"_openmp_mutex"	"5.1"	"1_gnu"	"pkgs/main"
"base"	"aiobotocore"	"2.19.0"	"py313h06a4308_0"	"pkgs/main"
"base"	"aiohappyeyeballs"	"2.4.4"	"py313h06a4308_0"	"pkgs/main"
"base"	"aiohttp"	"3.11.10"	"py313h5eee18b_0"	"pkgs/main"
"base"	"aioitertools"	"0.7.1"	"pyhd3eb1b0_0"	"pkgs/main"
"base"	"aiosignal"	"1.2.0"	"pyhd3eb1b0_0"	"pkgs/main"
"base"	"alabaster"	"0.7.16"	"py313h06a4308_0"	"pkgs/main"
"base"	"altair"	"5.5.0"	"py313h06a4308_0"	"pkgs/main"
"base"	"anaconda-anon-usage"	"0.7.1"	"py313hfc0e8ea_100"	"pkgs/main"
"base"	"anaconda-auth"	"0.8.6"	"py313h06a4308_0"	"pkgs/main"
"base"	"anaconda-catalogs"	"0.2.0"	"py313h06a4308_2"	"pkgs/main"
"base"	"anaconda-cli-base"	"0.5.2"	"py313h06a4308_0"	"pkgs/main"
"base"	"anaconda-client"	"1.13.0"	"py313h06a4308_1"	"pkgs/main"
"base"	"anaconda-navigator"	"2.6.6"	"py313h06a4308_2"	"pkgs/main"
"base"	"anaconda-project"	"0.11.1"	"py313h06a4308_1"	"pkgs/main"
"base"	"annotated-types"	"0.6.0"	"py313h06a4308_0"	"pkgs/main"
"base"	"anyio"	"4.7.0"	"py313h06a4308_0"	"pkgs/main"
"base"	"appdirs"	"1.4.4"	"pyhd3eb1b0_0"	"pkgs/main"
"base"	"archspec"	"0.2.3"	"pyhd3eb1b0_0"	"pkgs/main"
"base"	"argon2-cffi"	"21.3.0"	"pyhd3eb1b0_0"	"pkgs/main"
"base"	"argon2-cffi-bindings"	"21.2.0"	"py313h5eee18b_1"	"pkgs/main"
"base"	"arrow"	"1.3.0"	"py313h06a4308_0"	"pkgs/main"
"base"	"arrow-cpp"	"19.0.0"	"h865e1df_2"	"pkgs/main"
"base"	"astroid"	"3.3.8"	"py313h06a4308_0"	"pkgs/main"
"base"	"astropy"	"7.0.0"	"py313h5eee18b_0"	"pkgs/main"
"base"	"astropy-iers-data"	"0.2025.1.13.0.34.51"	"py313h06a4308_0"	"pkgs/main"
"base"	"asttokens"	"3.0.0"	"py313h06a4308_0"	"pkgs/main"
"base"	"async-lru"	"2.0.4"	"py313h06a4308_0"	"pkgs/main"
"base"	"asyncssh"	"2.17.0"	"py313h06a4308_0"	"pkgs/main"
"base"	"atomicwrites"	"1.4.0"	"py_0"	"pkgs/main"
"base"	"attrs"	"24.3.0"	"py313h06a4308_0"	"pkgs/main"
"base"	"automat"	"24.8.1"	"py313h06a4308_0"	"pkgs/main"
"base"	"autopep8"	"2.0.4"	"pyhd3eb1b0_0"	"pkgs/main"
"base"	"aws-c-auth"	"0.6.19"	"h5eee18b_0"	"pkgs/main"
"base"	"aws-c-cal"	"0.5.20"	"hdbd6064_0"	"pkgs/main"
"base"	"aws-c-common"	"0.8.5"	"h5eee18b_0"	"pkgs/main"
"base"	"aws-c-compression"	"0.2.16"	"h5eee18b_0"	"pkgs/main"
"base"	"aws-c-event-stream"	"0.2.15"	"h6a678d5_0"	"pkgs/main"
"base"	"aws-c-http"	"0.6.25"	"h5eee18b_0"	"pkgs/main"
"base"	"aws-c-io"	"0.13.10"	"h5eee18b_0"	"pkgs/main"
"base"	"aws-c-mqtt"	"0.7.13"	"h5eee18b_0"	"pkgs/main"
"base"	"aws-c-s3"	"0.1.51"	"hdbd6064_0"	"pkgs/main"
"base"	"aws-c-sdkutils"	"0.1.6"	"h5eee18b_0"	"pkgs/main"
"base"	"aws-checksums"	"0.1.13"	"h5eee18b_0"	"pkgs/main"
"base"	"aws-crt-cpp"	"0.18.16"	"h6a678d5_0"	"pkgs/main"
"base"	"aws-sdk-cpp"	"1.11.212"	"hecad206_0"	"pkgs/main"
"base"	"babel"	"2.16.0"	"py313h06a4308_0"	"pkgs/main"
"base"	"bcrypt"	"4.3.0"	"py313h4aa5aa6_0"	"pkgs/main"
"base"	"beautifulsoup4"	"4.12.3"	"py313h06a4308_0"	"pkgs/main"
"base"	"binaryornot"	"0.4.4"	"pyhd3eb1b0_1"	"pkgs/main"
"base"	"black"	"24.10.0"	"py313h06a4308_0"	"pkgs/main"
"base"	"blas"	"1.0"	"mkl"	"pkgs/main"
"base"	"bleach"	"6.2.0"	"py313h06a4308_0"	"pkgs/main"
"base"	"blinker"	"1.9.0"	"py313h06a4308_0"	"pkgs/main"
"base"	"blosc"	"1.21.3"	"h6a678d5_0"	"pkgs/main"
"base"	"bokeh"	"3.6.2"	"py313h06a4308_0"	"pkgs/main"
"base"	"boltons"	"25.0.0"	"py313h06a4308_0"	"pkgs/main"
"base"	"boost-cpp"	"1.82.0"	"hdb19cb5_2"	"pkgs/main"
"base"	"botocore"	"1.36.3"	"py313h06a4308_0"	"pkgs/main"
"base"	"bottleneck"	"1.4.2"	"py313hf0014fa_0"	"pkgs/main"
"base"	"brotli-python"	"1.0.9"	"py313h6a678d5_9"	"pkgs/main"
"base"	"bzip2"	"1.0.8"	"h5eee18b_6"	"pkgs/main"
"base"	"c-ares"	"1.19.1"	"h5eee18b_0"	"pkgs/main"
"base"	"c-blosc2"	"2.17.1"	"h4257ac4_0"	"pkgs/main"
"base"	"ca-certificates"	"2026.7.22"	"hbd8a1cb_0"	"conda-forge"
"base"	"cachetools"	"5.5.1"	"py313h06a4308_0"	"pkgs/main"
"base"	"certifi"	"2026.7.22"	"pyhd8ed1ab_0"	"conda-forge"
"base"	"cffi"	"1.17.1"	"py313h1fdaa30_1"	"pkgs/main"
"base"	"chardet"	"4.0.0"	"py313h06a4308_1003"	"pkgs/main"
"base"	"charset-normalizer"	"3.3.2"	"pyhd3eb1b0_0"	"pkgs/main"
"base"	"click"	"8.1.8"	"py313h06a4308_0"	"pkgs/main"
"base"	"cloudpickle"	"3.0.0"	"py313h06a4308_0"	"pkgs/main"
"base"	"colorama"	"0.4.6"	"py313h06a4308_0"	"pkgs/main"
"base"	"colorcet"	"3.1.0"	"py313h06a4308_0"	"pkgs/main"
"base"	"comm"	"0.2.1"	"py313h06a4308_0"	"pkgs/main"
"base"	"conda"	"25.7.0"	"py313h78bf25f_0"	"conda-forge"
"base"	"conda-anaconda-telemetry"	"0.2.0"	"py313h06a4308_1"	"pkgs/main"
"base"	"conda-anaconda-tos"	"0.2.1"	"py313h06a4308_0"	"pkgs/main"
"base"	"conda-build"	"25.5.0"	"py313h76456e7_0"	"pkgs/main"
"base"	"conda-content-trust"	"0.2.0"	"py313h06a4308_1"	"pkgs/main"
"base"	"conda-index"	"0.6.1"	"py313h06a4308_0"	"pkgs/main"
"base"	"conda-libmamba-solver"	"25.4.0"	"pyhd3eb1b0_0"	"pkgs/main"
"base"	"conda-pack"	"0.8.1"	"py313h06a4308_0"	"pkgs/main"
"base"	"conda-package-handling"	"2.4.0"	"py313h06a4308_0"	"pkgs/main"
"base"	"conda-package-streaming"	"0.12.0"	"py313h06a4308_0"	"pkgs/main"
"base"	"conda-repo-cli"	"1.0.165"	"py313h06a4308_0"	"pkgs/main"
"base"	"conda-token"	"0.6.0"	"pyhd3eb1b0_0"	"pkgs/main"
"base"	"constantly"	"23.10.4"	"py313h06a4308_0"	"pkgs/main"
"base"	"contourpy"	"1.3.1"	"py313hdb19cb5_0"	"pkgs/main"
"base"	"cookiecutter"	"1.7.3"	"pyhd3eb1b0_0"	"pkgs/main"
"base"	"cpp-expected"	"1.1.0"	"hdb19cb5_0"	"pkgs/main"
"base"	"cryptography"	"44.0.1"	"py313h7825ff9_0"	"pkgs/main"
"base"	"cssselect"	"1.2.0"	"py313h06a4308_0"	"pkgs/main"
"base"	"curl"	"8.12.1"	"h251f7ec_0"	"pkgs/main"
"base"	"cycler"	"0.11.0"	"pyhd3eb1b0_0"	"pkgs/main"
"base"	"cyrus-sasl"	"2.1.28"	"h52b45da_1"	"pkgs/main"
"base"	"cytoolz"	"1.0.1"	"py313h5eee18b_0"	"pkgs/main"
"base"	"dask"	"2025.2.0"	"py313h06a4308_0"	"pkgs/main"
"base"	"dask-core"	"2025.2.0"	"py313h06a4308_0"	"pkgs/main"
"base"	"dask-expr"	"2.0.0"	"py313h06a4308_0"	"pkgs/main"
"base"	"datashader"	"0.18.0"	"py313h06a4308_0"	"pkgs/main"
"base"	"dbus"	"1.13.18"	"hb2f20db_0"	"pkgs/main"
"base"	"debugpy"	"1.8.11"	"py313h6a678d5_0"	"pkgs/main"
"base"	"decorator"	"5.1.1"	"pyhd3eb1b0_0"	"pkgs/main"
"base"	"defusedxml"	"0.7.1"	"pyhd3eb1b0_0"	"pkgs/main"
"base"	"deprecated"	"1.2.13"	"py313h06a4308_0"	"pkgs/main"
"base"	"diff-match-patch"	"20200713"	"pyhd3eb1b0_0"	"pkgs/main"
"base"	"dill"	"0.3.8"	"py313h06a4308_0"	"pkgs/main"
"base"	"distributed"	"2025.2.0"	"py313h06a4308_0"	"pkgs/main"
"base"	"distro"	"1.9.0"	"py313h06a4308_0"	"pkgs/main"
"base"	"docstring-to-markdown"	"0.11"	"py313h06a4308_0"	"pkgs/main"
"base"	"docutils"	"0.21.2"	"py313h06a4308_0"	"pkgs/main"
"base"	"et_xmlfile"	"1.1.0"	"py313h06a4308_1"	"pkgs/main"
"base"	"evalidate"	"2.0.3"	"py313h06a4308_0"	"pkgs/main"
"base"	"executing"	"0.8.3"	"pyhd3eb1b0_0"	"pkgs/main"
"base"	"expat"	"2.7.1"	"h6a678d5_0"	"pkgs/main"
"base"	"filelock"	"3.17.0"	"py313h06a4308_0"	"pkgs/main"
"base"	"flake8"	"7.1.1"	"py313h06a4308_0"	"pkgs/main"
"base"	"flask"	"3.1.0"	"py313h06a4308_0"	"pkgs/main"
"base"	"fmt"	"11.1.4"	"h07f6e7f_1"	"conda-forge"
"base"	"fontconfig"	"2.14.1"	"h55d465d_3"	"pkgs/main"
"base"	"fonttools"	"4.55.3"	"py313h5eee18b_0"	"pkgs/main"
"base"	"freetype"	"2.13.3"	"h4a9f257_0"	"pkgs/main"
"base"	"frozendict"	"2.4.2"	"py313h06a4308_0"	"pkgs/main"
"base"	"frozenlist"	"1.5.0"	"py313h5eee18b_0"	"pkgs/main"
"base"	"fsspec"	"2025.3.2"	"py313h7040dfc_0"	"pkgs/main"
"base"	"gflags"	"2.2.2"	"h6a678d5_1"	"pkgs/main"
"base"	"gh"	"2.96.0"	"hfc2019e_0"	"conda-forge"
"base"	"gitdb"	"4.0.7"	"pyhd3eb1b0_0"	"pkgs/main"
"base"	"gitpython"	"3.1.43"	"py313h06a4308_0"	"pkgs/main"
"base"	"glib"	"2.78.4"	"h6a678d5_0"	"pkgs/main"
"base"	"glib-tools"	"2.78.4"	"h6a678d5_0"	"pkgs/main"
"base"	"glog"	"0.5.0"	"h6a678d5_1"	"pkgs/main"
"base"	"gmp"	"6.3.0"	"h6a678d5_0"	"pkgs/main"
"base"	"gmpy2"	"2.2.1"	"py313h5eee18b_0"	"pkgs/main"
"base"	"greenlet"	"3.1.1"	"py313h6a678d5_0"	"pkgs/main"
"base"	"gst-plugins-base"	"1.14.1"	"h6a678d5_1"	"pkgs/main"
"base"	"gstreamer"	"1.14.1"	"h5eee18b_1"	"pkgs/main"
"base"	"h11"	"0.16.0"	"py313h06a4308_0"	"pkgs/main"
"base"	"h5py"	"3.12.1"	"py313h5842655_1"	"pkgs/main"
"base"	"hdf5"	"1.14.5"	"h2b7332f_2"	"pkgs/main"
"base"	"heapdict"	"1.0.1"	"pyhd3eb1b0_0"	"pkgs/main"
"base"	"holoviews"	"1.20.2"	"py313h06a4308_0"	"pkgs/main"
"base"	"httpcore"	"1.0.9"	"py313h06a4308_0"	"pkgs/main"
"base"	"httpx"	"0.28.1"	"py313h06a4308_0"	"pkgs/main"
"base"	"hvplot"	"0.11.3"	"py313h06a4308_0"	"pkgs/main"
"base"	"hyperlink"	"21.0.0"	"pyhd3eb1b0_0"	"pkgs/main"
"base"	"icu"	"73.1"	"h6a678d5_0"	"pkgs/main"
"base"	"idna"	"3.7"	"py313h06a4308_0"	"pkgs/main"
"base"	"imageio"	"2.37.0"	"py313h06a4308_0"	"pkgs/main"
"base"	"imagesize"	"1.4.1"	"py313h06a4308_0"	"pkgs/main"
"base"	"imbalanced-learn"	"0.13.0"	"py313h06a4308_0"	"pkgs/main"
"base"	"importlib-metadata"	"8.5.0"	"py313h06a4308_0"	"pkgs/main"
"base"	"incremental"	"24.7.2"	"pyhd3eb1b0_0"	"pkgs/main"
"base"	"inflection"	"0.5.1"	"py313h06a4308_1"	"pkgs/main"
"base"	"iniconfig"	"1.1.1"	"pyhd3eb1b0_0"	"pkgs/main"
"base"	"intake"	"2.0.7"	"py313h06a4308_0"	"pkgs/main"
"base"	"intel-openmp"	"2023.1.0"	"hdb19cb5_46306"	"pkgs/main"
"base"	"intervaltree"	"3.1.0"	"pyhd3eb1b0_0"	"pkgs/main"
"base"	"ipykernel"	"6.29.5"	"py313h06a4308_1"	"pkgs/main"
"base"	"ipython"	"8.30.0"	"py313h06a4308_0"	"pkgs/main"
"base"	"ipywidgets"	"8.1.5"	"py313h06a4308_0"	"pkgs/main"
"base"	"isort"	"6.0.1"	"py313h06a4308_0"	"pkgs/main"
"base"	"itemadapter"	"0.3.0"	"pyhd3eb1b0_0"	"pkgs/main"
"base"	"itemloaders"	"1.3.2"	"py313h06a4308_0"	"pkgs/main"
"base"	"itsdangerous"	"2.2.0"	"py313h06a4308_0"	"pkgs/main"
"base"	"jaraco.classes"	"3.2.1"	"pyhd3eb1b0_0"	"pkgs/main"
"base"	"jaraco.context"	"6.0.0"	"py313h06a4308_0"	"pkgs/main"
"base"	"jaraco.functools"	"4.1.0"	"py313h06a4308_0"	"pkgs/main"
"base"	"jedi"	"0.19.2"	"py313h06a4308_0"	"pkgs/main"
"base"	"jeepney"	"0.7.1"	"pyhd3eb1b0_0"	"pkgs/main"
"base"	"jellyfish"	"1.1.3"	"py313h4aa5aa6_0"	"pkgs/main"
"base"	"jinja2"	"3.1.6"	"py313h06a4308_0"	"pkgs/main"
"base"	"jinja2-time"	"0.2.0"	"pyhd3eb1b0_3"	"pkgs/main"
"base"	"jmespath"	"1.0.1"	"py313h06a4308_0"	"pkgs/main"
"base"	"joblib"	"1.4.2"	"py313h06a4308_0"	"pkgs/main"
"base"	"jpeg"	"9e"	"h5eee18b_3"	"pkgs/main"
"base"	"jq"	"1.7.1"	"h5eee18b_0"	"pkgs/main"
"base"	"json5"	"0.9.25"	"py313h06a4308_0"	"pkgs/main"
"base"	"jsonpatch"	"1.33"	"py313h06a4308_1"	"pkgs/main"
"base"	"jsonpointer"	"2.1"	"pyhd3eb1b0_0"	"pkgs/main"
"base"	"jsonschema"	"4.23.0"	"py313h06a4308_0"	"pkgs/main"
"base"	"jsonschema-specifications"	"2023.7.1"	"py313h06a4308_0"	"pkgs/main"
"base"	"jupyter"	"1.1.1"	"py313h06a4308_0"	"pkgs/main"
"base"	"jupyter-lsp"	"2.2.5"	"py313h06a4308_0"	"pkgs/main"
"base"	"jupyter_client"	"8.6.3"	"py313h06a4308_0"	"pkgs/main"
"base"	"jupyter_console"	"6.6.3"	"py313h06a4308_1"	"pkgs/main"
"base"	"jupyter_core"	"5.7.2"	"py313h06a4308_0"	"pkgs/main"
"base"	"jupyter_events"	"0.12.0"	"py313h06a4308_0"	"pkgs/main"
"base"	"jupyter_server"	"2.15.0"	"py313h06a4308_0"	"pkgs/main"
"base"	"jupyter_server_terminals"	"0.5.3"	"py313h06a4308_0"	"pkgs/main"
"base"	"jupyterlab"	"4.3.4"	"py313h06a4308_0"	"pkgs/main"
"base"	"jupyterlab-variableinspector"	"3.2.4"	"py313h06a4308_0"	"pkgs/main"
"base"	"jupyterlab_pygments"	"0.3.0"	"py313h06a4308_0"	"pkgs/main"
"base"	"jupyterlab_server"	"2.27.3"	"py313h06a4308_0"	"pkgs/main"
"base"	"jupyterlab_widgets"	"3.0.13"	"py313h06a4308_0"	"pkgs/main"
"base"	"keyring"	"25.6.0"	"py313h06a4308_0"	"pkgs/main"
"base"	"kiwisolver"	"1.4.8"	"py313h6a678d5_0"	"pkgs/main"
"base"	"krb5"	"1.20.1"	"h143b758_1"	"pkgs/main"
"base"	"lazy_loader"	"0.4"	"py313h06a4308_0"	"pkgs/main"
"base"	"lcms2"	"2.16"	"h92b89f2_1"	"pkgs/main"
"base"	"ld_impl_linux-64"	"2.40"	"h12ee557_0"	"pkgs/main"
"base"	"lerc"	"4.0.0"	"h6a678d5_0"	"pkgs/main"
"base"	"libabseil"	"20250127.0"	"cxx17_h6a678d5_0"	"pkgs/main"
"base"	"libarchive"	"3.7.7"	"hfab0078_0"	"pkgs/main"
"base"	"libboost"	"1.82.0"	"h109eef0_2"	"pkgs/main"
"base"	"libbrotlicommon"	"1.0.9"	"h5eee18b_9"	"pkgs/main"
"base"	"libbrotlidec"	"1.0.9"	"h5eee18b_9"	"pkgs/main"
"base"	"libbrotlienc"	"1.0.9"	"h5eee18b_9"	"pkgs/main"
"base"	"libclang"	"14.0.6"	"default_hc6dbbc7_2"	"pkgs/main"
"base"	"libclang13"	"14.0.6"	"default_he11475f_2"	"pkgs/main"
"base"	"libcups"	"2.4.2"	"h2d74bed_1"	"pkgs/main"
"base"	"libcurl"	"8.12.1"	"hc9e6f67_0"	"pkgs/main"
"base"	"libdeflate"	"1.22"	"h5eee18b_0"	"pkgs/main"
"base"	"libedit"	"3.1.20230828"	"h5eee18b_0"	"pkgs/main"
"base"	"libev"	"4.33"	"h7f8727e_1"	"pkgs/main"
"base"	"libevent"	"2.1.12"	"hdbd6064_1"	"pkgs/main"
"base"	"libffi"	"3.4.4"	"h6a678d5_1"	"pkgs/main"
"base"	"libgcc"	"15.1.0"	"h767d61c_5"	"conda-forge"
"base"	"libgcc-ng"	"15.1.0"	"h69a702a_5"	"conda-forge"
"base"	"libgfortran-ng"	"11.2.0"	"h00389a5_1"	"pkgs/main"
"base"	"libgfortran5"	"11.2.0"	"h1234567_1"	"pkgs/main"
"base"	"libglib"	"2.78.4"	"hdc74915_0"	"pkgs/main"
"base"	"libgomp"	"15.1.0"	"h767d61c_5"	"conda-forge"
"base"	"libgrpc"	"1.71.0"	"h2d74bed_0"	"pkgs/main"
"base"	"libiconv"	"1.16"	"h5eee18b_3"	"pkgs/main"
"base"	"liblief"	"0.16.4"	"h6a678d5_0"	"pkgs/main"
"base"	"libllvm14"	"14.0.6"	"hecde1de_4"	"pkgs/main"
"base"	"libmamba"	"2.1.0"	"h430c389_0"	"conda-forge"
"base"	"libmambapy"	"2.1.0"	"py313hc41dfcf_0"	"conda-forge"
"base"	"libmpdec"	"4.0.0"	"h5eee18b_0"	"pkgs/main"
"base"	"libnghttp2"	"1.57.0"	"h2d74bed_0"	"pkgs/main"
"base"	"libpng"	"1.6.39"	"h5eee18b_0"	"pkgs/main"
"base"	"libpq"	"17.4"	"hdbd6064_0"	"pkgs/main"
"base"	"libprotobuf"	"5.29.3"	"hc99497a_0"	"pkgs/main"
"base"	"libre2-11"	"2024.07.02"	"h6a678d5_0"	"pkgs/main"
"base"	"libsodium"	"1.0.18"	"h7b6447c_0"	"pkgs/main"
"base"	"libsolv"	"0.7.30"	"he621ea3_1"	"pkgs/main"
"base"	"libspatialindex"	"1.9.3"	"h2531618_0"	"pkgs/main"
"base"	"libssh2"	"1.11.1"	"h251f7ec_0"	"pkgs/main"
"base"	"libstdcxx"	"15.1.0"	"h8f9b012_5"	"conda-forge"
"base"	"libstdcxx-ng"	"11.2.0"	"h1234567_1"	"pkgs/main"
"base"	"libthrift"	"0.15.0"	"h1795dd8_2"	"pkgs/main"
"base"	"libtiff"	"4.7.0"	"hde9077f_0"	"pkgs/main"
"base"	"libuuid"	"1.41.5"	"h5eee18b_0"	"pkgs/main"
"base"	"libwebp-base"	"1.3.2"	"h5eee18b_1"	"pkgs/main"
"base"	"libxcb"	"1.17.0"	"h9b100fa_0"	"pkgs/main"
"base"	"libxkbcommon"	"1.9.1"	"h69220b7_0"	"pkgs/main"
"base"	"libxml2"	"2.13.8"	"hfdd30dd_0"	"pkgs/main"
"base"	"libxslt"	"1.1.41"	"h097e994_0"	"pkgs/main"
"base"	"linkify-it-py"	"2.0.0"	"py313h06a4308_0"	"pkgs/main"
"base"	"llvmlite"	"0.44.0"	"py313hc1e8f15_1"	"pkgs/main"
"base"	"locket"	"1.0.0"	"py313h06a4308_0"	"pkgs/main"
"base"	"lxml"	"5.3.0"	"py313h57af460_1"	"pkgs/main"
"base"	"lz4"	"4.3.2"	"py313h5eee18b_1"	"pkgs/main"
"base"	"lz4-c"	"1.9.4"	"h6a678d5_1"	"pkgs/main"
"base"	"lzo"	"2.10"	"h7b6447c_2"	"pkgs/main"
"base"	"mamba"	"2.1.0"	"had4a41a_0"	"conda-forge"
"base"	"markdown"	"3.8"	"py313h06a4308_0"	"pkgs/main"
"base"	"markdown-it-py"	"2.2.0"	"py313h06a4308_1"	"pkgs/main"
"base"	"markupsafe"	"3.0.2"	"py313h5eee18b_0"	"pkgs/main"
"base"	"matplotlib"	"3.10.0"	"py313h06a4308_1"	"pkgs/main"
"base"	"matplotlib-base"	"3.10.0"	"py313h68cf311_1"	"pkgs/main"
"base"	"matplotlib-inline"	"0.1.6"	"py313h06a4308_0"	"pkgs/main"
"base"	"mbedtls"	"3.5.1"	"h6a678d5_1"	"pkgs/main"
"base"	"mccabe"	"0.7.0"	"pyhd3eb1b0_0"	"pkgs/main"
"base"	"mdit-py-plugins"	"0.3.0"	"py313h06a4308_0"	"pkgs/main"
"base"	"mdurl"	"0.1.0"	"py313h06a4308_0"	"pkgs/main"
"base"	"menuinst"	"2.3.0"	"py313h06a4308_0"	"pkgs/main"
"base"	"mistune"	"3.1.2"	"py313h06a4308_0"	"pkgs/main"
"base"	"mkl"	"2023.1.0"	"h213fc3f_46344"	"pkgs/main"
"base"	"mkl-service"	"2.4.0"	"py313h5eee18b_2"	"pkgs/main"
"base"	"mkl_fft"	"1.3.11"	"py313h5eee18b_0"	"pkgs/main"
"base"	"mkl_random"	"1.2.8"	"py313h06d7b56_0"	"pkgs/main"
"base"	"more-itertools"	"10.3.0"	"py313h06a4308_0"	"pkgs/main"
"base"	"mpc"	"1.3.1"	"h5eee18b_0"	"pkgs/main"
"base"	"mpfr"	"4.2.1"	"h5eee18b_0"	"pkgs/main"
"base"	"mpmath"	"1.3.0"	"py313h06a4308_0"	"pkgs/main"
"base"	"msgpack-python"	"1.0.3"	"py313hdb19cb5_0"	"pkgs/main"
"base"	"multidict"	"6.1.0"	"py313h5eee18b_0"	"pkgs/main"
"base"	"multipledispatch"	"0.6.0"	"py313h06a4308_0"	"pkgs/main"
"base"	"mypy"	"1.14.1"	"py313h5eee18b_0"	"pkgs/main"
"base"	"mypy_extensions"	"1.0.0"	"py313h06a4308_0"	"pkgs/main"
"base"	"mysql"	"8.4.0"	"h721767e_2"	"pkgs/main"
"base"	"narwhals"	"1.31.0"	"py313h06a4308_1"	"pkgs/main"
"base"	"navigator-updater"	"0.5.1"	"py313h06a4308_0"	"pkgs/main"
"base"	"nbclient"	"0.10.2"	"py313h06a4308_0"	"pkgs/main"
"base"	"nbconvert"	"7.16.6"	"py313h06a4308_0"	"pkgs/main"
"base"	"nbconvert-core"	"7.16.6"	"py313h06a4308_0"	"pkgs/main"
"base"	"nbconvert-pandoc"	"7.16.6"	"py313h06a4308_0"	"pkgs/main"
"base"	"nbformat"	"5.10.4"	"py313h06a4308_0"	"pkgs/main"
"base"	"ncurses"	"6.4"	"h6a678d5_0"	"pkgs/main"
"base"	"nest-asyncio"	"1.6.0"	"py313h06a4308_0"	"pkgs/main"
"base"	"networkx"	"3.4.2"	"py313h06a4308_0"	"pkgs/main"
"base"	"nlohmann_json"	"3.11.3"	"h59595ed_0"	"conda-forge"
"base"	"nltk"	"3.9.1"	"py313h06a4308_0"	"pkgs/main"
"base"	"notebook"	"7.3.2"	"py313h06a4308_1"	"pkgs/main"
"base"	"notebook-shim"	"0.2.4"	"py313h06a4308_0"	"pkgs/main"
"base"	"nspr"	"4.35"	"h6a678d5_0"	"pkgs/main"
"base"	"nss"	"3.89.1"	"h6a678d5_0"	"pkgs/main"
"base"	"numba"	"0.61.0"	"py313h6a678d5_1"	"pkgs/main"
"base"	"numexpr"	"2.10.1"	"py313h3c60e43_0"	"pkgs/main"
"base"	"numpy"	"2.1.3"	"py313hf4aebb8_0"	"pkgs/main"
"base"	"numpy-base"	"2.1.3"	"py313h3fc9231_0"	"pkgs/main"
"base"	"numpydoc"	"1.7.0"	"py313h06a4308_0"	"pkgs/main"
"base"	"oniguruma"	"6.9.7.1"	"h27cfd23_0"	"pkgs/main"
"base"	"openjpeg"	"2.5.2"	"h0d4d230_1"	"pkgs/main"
"base"	"openldap"	"2.6.4"	"h42fbc30_0"	"pkgs/main"
"base"	"openpyxl"	"3.1.5"	"py313h5eee18b_1"	"pkgs/main"
"base"	"openssl"	"3.6.3"	"h35e630c_1"	"conda-forge"
"base"	"orc"	"2.1.1"	"hd396ef6_0"	"pkgs/main"
"base"	"overrides"	"7.4.0"	"py313h06a4308_0"	"pkgs/main"
"base"	"packaging"	"24.2"	"py313h06a4308_0"	"pkgs/main"
"base"	"pandas"	"2.2.3"	"py313h6a678d5_0"	"pkgs/main"
"base"	"pandoc"	"2.12"	"h06a4308_3"	"pkgs/main"
"base"	"pandocfilters"	"1.5.0"	"pyhd3eb1b0_0"	"pkgs/main"
"base"	"panel"	"1.7.0"	"py313h06a4308_0"	"pkgs/main"
"base"	"param"	"2.2.0"	"py313h06a4308_0"	"pkgs/main"
"base"	"parsel"	"1.8.1"	"py313h06a4308_0"	"pkgs/main"
"base"	"parso"	"0.8.4"	"py313h06a4308_0"	"pkgs/main"
"base"	"partd"	"1.4.2"	"py313h06a4308_0"	"pkgs/main"
"base"	"patch"	"2.7.6"	"h7b6447c_1001"	"pkgs/main"
"base"	"patchelf"	"0.17.2"	"h6a678d5_0"	"pkgs/main"
"base"	"pathspec"	"0.10.3"	"py313h06a4308_0"	"pkgs/main"
"base"	"patsy"	"1.0.1"	"py313h06a4308_0"	"pkgs/main"
"base"	"pcre2"	"10.42"	"hebb0a14_1"	"pkgs/main"
"base"	"pexpect"	"4.8.0"	"pyhd3eb1b0_3"	"pkgs/main"
"base"	"pickleshare"	"0.7.5"	"pyhd3eb1b0_1003"	"pkgs/main"
"base"	"pillow"	"11.1.0"	"py313hac6e08b_1"	"pkgs/main"
"base"	"pip"	"25.1"	"pyhc872135_2"	"pkgs/main"
"base"	"pkce"	"1.0.3"	"py313h06a4308_0"	"pkgs/main"
"base"	"pkginfo"	"1.12.0"	"py313h06a4308_0"	"pkgs/main"
"base"	"platformdirs"	"4.3.7"	"py313h06a4308_0"	"pkgs/main"
"base"	"plotly"	"5.24.1"	"py313h7040dfc_1"	"pkgs/main"
"base"	"pluggy"	"1.5.0"	"py313h06a4308_0"	"pkgs/main"
"base"	"ply"	"3.11"	"py313h06a4308_1"	"pkgs/main"
"base"	"poyo"	"0.5.0"	"pyhd3eb1b0_0"	"pkgs/main"
"base"	"prometheus_client"	"0.21.1"	"py313h06a4308_0"	"pkgs/main"
"base"	"prompt-toolkit"	"3.0.43"	"py313h06a4308_0"	"pkgs/main"
"base"	"prompt_toolkit"	"3.0.43"	"hd3eb1b0_0"	"pkgs/main"
"base"	"propcache"	"0.3.1"	"py313h5eee18b_0"	"pkgs/main"
"base"	"protego"	"0.4.0"	"py313h06a4308_0"	"pkgs/main"
"base"	"protobuf"	"5.29.3"	"py313he621ea3_0"	"pkgs/main"
"base"	"psutil"	"5.9.0"	"py313h5eee18b_1"	"pkgs/main"
"base"	"pthread-stubs"	"0.3"	"h0ce48e5_1"	"pkgs/main"
"base"	"ptyprocess"	"0.7.0"	"pyhd3eb1b0_2"	"pkgs/main"
"base"	"pure_eval"	"0.2.2"	"pyhd3eb1b0_0"	"pkgs/main"
"base"	"py-cpuinfo"	"9.0.0"	"py313h06a4308_0"	"pkgs/main"
"base"	"py-lief"	"0.16.4"	"py313h6a678d5_0"	"pkgs/main"
"base"	"pyarrow"	"19.0.0"	"py313h6a678d5_1"	"pkgs/main"
"base"	"pyasn1"	"0.4.8"	"pyhd3eb1b0_0"	"pkgs/main"
"base"	"pyasn1-modules"	"0.2.8"	"py_0"	"pkgs/main"
"base"	"pybind11-abi"	"4"	"hd8ed1ab_3"	"conda-forge"
"base"	"pycodestyle"	"2.12.1"	"py313h06a4308_0"	"pkgs/main"
"base"	"pycosat"	"0.6.6"	"py313h5eee18b_2"	"pkgs/main"
"base"	"pycparser"	"2.21"	"pyhd3eb1b0_0"	"pkgs/main"
"base"	"pyct"	"0.5.0"	"py313h06a4308_0"	"pkgs/main"
"base"	"pycurl"	"7.45.6"	"py313haf51bff_0"	"pkgs/main"
"base"	"pydantic"	"2.11.7"	"py313h06a4308_0"	"pkgs/main"
"base"	"pydantic-core"	"2.33.2"	"py313hc6f7160_0"	"pkgs/main"
"base"	"pydantic-settings"	"2.6.1"	"py313h06a4308_0"	"pkgs/main"
"base"	"pydispatcher"	"2.0.5"	"py313h06a4308_3"	"pkgs/main"
"base"	"pydocstyle"	"6.3.0"	"py313h06a4308_0"	"pkgs/main"
"base"	"pyerfa"	"2.0.1.5"	"py313h5eee18b_0"	"pkgs/main"
"base"	"pyflakes"	"3.2.0"	"py313h06a4308_0"	"pkgs/main"
"base"	"pygithub"	"2.4.0"	"py313h06a4308_0"	"pkgs/main"
"base"	"pygments"	"2.19.1"	"py313h06a4308_0"	"pkgs/main"
"base"	"pyjwt"	"2.10.1"	"py313h06a4308_0"	"pkgs/main"
"base"	"pylint"	"3.3.5"	"py313h06a4308_0"	"pkgs/main"
"base"	"pylint-venv"	"3.0.3"	"py313h06a4308_0"	"pkgs/main"
"base"	"pyls-spyder"	"0.4.0"	"pyhd3eb1b0_0"	"pkgs/main"
"base"	"pynacl"	"1.5.0"	"py313h5eee18b_1"	"pkgs/main"
"base"	"pyodbc"	"5.2.0"	"py313h6a678d5_0"	"pkgs/main"
"base"	"pyopenssl"	"25.0.0"	"py313h06a4308_0"	"pkgs/main"
"base"	"pyparsing"	"3.2.0"	"py313h06a4308_0"	"pkgs/main"
"base"	"pyqt"	"5.15.10"	"py313h6a678d5_1"	"pkgs/main"
"base"	"pyqt5-sip"	"12.13.0"	"py313h5eee18b_1"	"pkgs/main"
"base"	"pyqtwebengine"	"5.15.10"	"py313h6a678d5_1"	"pkgs/main"
"base"	"pysocks"	"1.7.1"	"py313h06a4308_0"	"pkgs/main"
"base"	"pytables"	"3.10.2"	"py313hc48ae32_2"	"pkgs/main"
"base"	"pytest"	"8.3.4"	"py313h06a4308_0"	"pkgs/main"
"base"	"python"	"3.13.5"	"h4612cfd_100_cp313"	"pkgs/main"
"base"	"python-dateutil"	"2.9.0post0"	"py313h06a4308_2"	"pkgs/main"
"base"	"python-dotenv"	"1.1.0"	"py313h06a4308_0"	"pkgs/main"
"base"	"python-fastjsonschema"	"2.20.0"	"py313h06a4308_0"	"pkgs/main"
"base"	"python-json-logger"	"3.2.1"	"py313h06a4308_0"	"pkgs/main"
"base"	"python-libarchive-c"	"5.1"	"pyhd3eb1b0_0"	"pkgs/main"
"base"	"python-lmdb"	"1.6.2"	"py313h6a678d5_0"	"pkgs/main"
"base"	"python-lsp-black"	"2.0.0"	"py313h06a4308_1"	"pkgs/main"
"base"	"python-lsp-jsonrpc"	"1.1.2"	"pyhd3eb1b0_0"	"pkgs/main"
"base"	"python-lsp-server"	"1.12.2"	"py313h7040dfc_0"	"pkgs/main"
"base"	"python-slugify"	"5.0.2"	"pyhd3eb1b0_0"	"pkgs/main"
"base"	"python-tzdata"	"2025.2"	"pyhd3eb1b0_0"	"pkgs/main"
"base"	"python_abi"	"3.13"	"0_cp313"	"pkgs/main"
"base"	"pytoolconfig"	"1.2.6"	"py313h06a4308_0"	"pkgs/main"
"base"	"pytz"	"2024.1"	"py313h06a4308_0"	"pkgs/main"
"base"	"pyuca"	"1.2"	"py313h06a4308_1"	"pkgs/main"
"base"	"pyviz_comms"	"3.0.2"	"py313h06a4308_0"	"pkgs/main"
"base"	"pywavelets"	"1.8.0"	"py313h5eee18b_0"	"pkgs/main"
"base"	"pyxdg"	"0.27"	"pyhd3eb1b0_0"	"pkgs/main"
"base"	"pyyaml"	"6.0.2"	"py313h5eee18b_0"	"pkgs/main"
"base"	"pyzmq"	"26.2.0"	"py313h6a678d5_0"	"pkgs/main"
"base"	"qdarkstyle"	"3.2.3"	"pyhd3eb1b0_0"	"pkgs/main"
"base"	"qstylizer"	"0.2.2"	"py313h06a4308_0"	"pkgs/main"
"base"	"qt-main"	"5.15.2"	"hb6262e9_12"	"pkgs/main"
"base"	"qt-webengine"	"5.15.9"	"he2071f7_8"	"pkgs/main"
"base"	"qtawesome"	"1.4.0"	"py313h06a4308_0"	"pkgs/main"
"base"	"qtconsole"	"5.6.1"	"py313h06a4308_1"	"pkgs/main"
"base"	"qtpy"	"2.4.1"	"py313h06a4308_0"	"pkgs/main"
"base"	"queuelib"	"1.6.2"	"py313h06a4308_0"	"pkgs/main"
"base"	"re2"	"2024.07.02"	"hdb19cb5_0"	"pkgs/main"
"base"	"readchar"	"4.0.5"	"py313h06a4308_0"	"pkgs/main"
"base"	"readline"	"8.2"	"h5eee18b_0"	"pkgs/main"
"base"	"referencing"	"0.30.2"	"py313h06a4308_0"	"pkgs/main"
"base"	"regex"	"2024.11.6"	"py313h5eee18b_0"	"pkgs/main"
"base"	"reproc"	"14.2.5.post0"	"hb9d3cd8_0"	"conda-forge"
"base"	"reproc-cpp"	"14.2.5.post0"	"h5888daf_0"	"conda-forge"
"base"	"requests"	"2.32.3"	"py313h06a4308_1"	"pkgs/main"
"base"	"requests-file"	"2.1.0"	"py313h06a4308_0"	"pkgs/main"
"base"	"requests-toolbelt"	"1.0.0"	"py313h06a4308_0"	"pkgs/main"
"base"	"rfc3339-validator"	"0.1.4"	"py313h06a4308_0"	"pkgs/main"
"base"	"rfc3986-validator"	"0.1.1"	"py313h06a4308_0"	"pkgs/main"
"base"	"rich"	"13.9.4"	"py313h06a4308_0"	"pkgs/main"
"base"	"roman-numerals-py"	"3.1.0"	"py313h06a4308_0"	"pkgs/main"
"base"	"rope"	"1.13.0"	"py313h06a4308_0"	"pkgs/main"
"base"	"rpds-py"	"0.22.3"	"py313h4aa5aa6_0"	"pkgs/main"
"base"	"rtree"	"1.0.1"	"py313h06a4308_0"	"pkgs/main"
"base"	"ruamel.yaml"	"0.18.10"	"py313h5eee18b_0"	"pkgs/main"
"base"	"ruamel.yaml.clib"	"0.2.12"	"py313h5eee18b_0"	"pkgs/main"
"base"	"ruamel_yaml"	"0.17.21"	"py313h5eee18b_0"	"pkgs/main"
"base"	"s2n"	"1.3.27"	"hdbd6064_0"	"pkgs/main"
"base"	"s3fs"	"2025.3.2"	"py313h06a4308_0"	"pkgs/main"
"base"	"scikit-image"	"0.25.0"	"py313h6a678d5_0"	"pkgs/main"
"base"	"scikit-learn"	"1.6.1"	"py313h6a678d5_0"	"pkgs/main"
"base"	"scipy"	"1.15.3"	"py313h7f54423_0"	"pkgs/main"
"base"	"scrapy"	"2.12.0"	"py313h06a4308_1"	"pkgs/main"
"base"	"seaborn"	"0.13.2"	"py313h06a4308_3"	"pkgs/main"
"base"	"secretstorage"	"3.3.1"	"py313h06a4308_1"	"pkgs/main"
"base"	"semver"	"3.0.2"	"py313h06a4308_1"	"pkgs/main"
"base"	"send2trash"	"1.8.2"	"py313h06a4308_1"	"pkgs/main"
"base"	"service_identity"	"24.2.0"	"py313h06a4308_0"	"pkgs/main"
"base"	"setuptools"	"72.1.0"	"py313h06a4308_0"	"pkgs/main"
"base"	"shellingham"	"1.5.0"	"py313h06a4308_0"	"pkgs/main"
"base"	"simdjson"	"3.12.3"	"h84d6215_0"	"conda-forge"
"base"	"sip"	"6.7.12"	"py313h6a678d5_1"	"pkgs/main"
"base"	"six"	"1.17.0"	"py313h06a4308_0"	"pkgs/main"
"base"	"sklearn-compat"	"0.1.3"	"py313h06a4308_0"	"pkgs/main"
"base"	"smmap"	"4.0.0"	"pyhd3eb1b0_0"	"pkgs/main"
"base"	"snappy"	"1.2.1"	"h6a678d5_0"	"pkgs/main"
"base"	"sniffio"	"1.3.0"	"py313h06a4308_0"	"pkgs/main"
"base"	"snowballstemmer"	"2.2.0"	"pyhd3eb1b0_0"	"pkgs/main"
"base"	"sortedcontainers"	"2.4.0"	"pyhd3eb1b0_0"	"pkgs/main"
"base"	"soupsieve"	"2.5"	"py313h06a4308_0"	"pkgs/main"
"base"	"spdlog"	"1.15.3"	"h10b92b3_0"	"conda-forge"
"base"	"sphinx"	"8.2.3"	"py313h5eee18b_0"	"pkgs/main"
"base"	"sphinxcontrib-applehelp"	"2.0.0"	"pyhd3eb1b0_1"	"pkgs/main"
"base"	"sphinxcontrib-devhelp"	"2.0.0"	"pyhd3eb1b0_0"	"pkgs/main"
"base"	"sphinxcontrib-htmlhelp"	"2.1.0"	"pyhd3eb1b0_0"	"pkgs/main"
"base"	"sphinxcontrib-jsmath"	"1.0.1"	"pyhd3eb1b0_0"	"pkgs/main"
"base"	"sphinxcontrib-qthelp"	"2.0.0"	"pyhd3eb1b0_1"	"pkgs/main"
"base"	"sphinxcontrib-serializinghtml"	"2.0.0"	"pyhd3eb1b0_0"	"pkgs/main"
"base"	"spyder"	"6.0.7"	"py313h06a4308_1"	"pkgs/main"
"base"	"spyder-kernels"	"3.0.5"	"py313h7040dfc_0"	"pkgs/main"
"base"	"sqlalchemy"	"2.0.39"	"py313h00e1ef3_0"	"pkgs/main"
"base"	"sqlite"	"3.45.3"	"h5eee18b_0"	"pkgs/main"
"base"	"stack_data"	"0.2.0"	"pyhd3eb1b0_0"	"pkgs/main"
"base"	"statsmodels"	"0.14.4"	"py313h5eee18b_0"	"pkgs/main"
"base"	"streamlit"	"1.45.1"	"py313h06a4308_1"	"pkgs/main"
"base"	"superqt"	"0.7.3"	"py313h7040dfc_0"	"pkgs/main"
"base"	"sympy"	"1.13.3"	"py313h06a4308_1"	"pkgs/main"
"base"	"tabulate"	"0.9.0"	"py313h06a4308_0"	"pkgs/main"
"base"	"tbb"	"2021.8.0"	"hdb19cb5_0"	"pkgs/main"
"base"	"tblib"	"3.1.0"	"py313h06a4308_0"	"pkgs/main"
"base"	"tenacity"	"9.0.0"	"py313h06a4308_0"	"pkgs/main"
"base"	"terminado"	"0.17.1"	"py313h06a4308_0"	"pkgs/main"
"base"	"text-unidecode"	"1.3"	"pyhd3eb1b0_0"	"pkgs/main"
"base"	"textdistance"	"4.6.3"	"py313h7040dfc_0"	"pkgs/main"
"base"	"threadpoolctl"	"3.5.0"	"py313h7040dfc_0"	"pkgs/main"
"base"	"three-merge"	"0.1.1"	"pyhd3eb1b0_0"	"pkgs/main"
"base"	"tifffile"	"2025.2.18"	"py313h06a4308_0"	"pkgs/main"
"base"	"tinycss2"	"1.4.0"	"py313h06a4308_0"	"pkgs/main"
"base"	"tk"	"8.6.14"	"h993c535_1"	"pkgs/main"
"base"	"tldextract"	"5.1.2"	"py313h06a4308_0"	"pkgs/main"
"base"	"toml"	"0.10.2"	"pyhd3eb1b0_0"	"pkgs/main"
"base"	"tomli"	"2.0.1"	"py313h06a4308_1"	"pkgs/main"
"base"	"tomlkit"	"0.13.2"	"py313h06a4308_0"	"pkgs/main"
"base"	"toolz"	"1.0.0"	"py313h06a4308_0"	"pkgs/main"
"base"	"tornado"	"6.5.1"	"py313h5eee18b_0"	"pkgs/main"
"base"	"tqdm"	"4.67.1"	"py313h7040dfc_0"	"pkgs/main"
"base"	"traitlets"	"5.14.3"	"py313h06a4308_0"	"pkgs/main"
"base"	"truststore"	"0.10.0"	"py313h06a4308_0"	"pkgs/main"
"base"	"twisted"	"24.11.0"	"py313h06a4308_0"	"pkgs/main"
"base"	"typer"	"0.9.0"	"py313h06a4308_0"	"pkgs/main"
"base"	"typing-extensions"	"4.12.2"	"py313h06a4308_0"	"pkgs/main"
"base"	"typing-inspection"	"0.4.0"	"py313h06a4308_0"	"pkgs/main"
"base"	"typing_extensions"	"4.12.2"	"py313h06a4308_0"	"pkgs/main"
"base"	"tzdata"	"2025b"	"h04d1e81_0"	"pkgs/main"
"base"	"uc-micro-py"	"1.0.1"	"py313h06a4308_0"	"pkgs/main"
"base"	"ujson"	"5.10.0"	"py313h6a678d5_1"	"pkgs/main"
"base"	"unidecode"	"1.3.8"	"py313h06a4308_0"	"pkgs/main"
"base"	"unixodbc"	"2.3.11"	"h5eee18b_0"	"pkgs/main"
"base"	"urllib3"	"2.3.0"	"py313h06a4308_0"	"pkgs/main"
"base"	"utf8proc"	"2.6.1"	"h5eee18b_1"	"pkgs/main"
"base"	"w3lib"	"1.21.0"	"pyhd3eb1b0_0"	"pkgs/main"
"base"	"watchdog"	"4.0.2"	"py313h06a4308_0"	"pkgs/main"
"base"	"wcwidth"	"0.2.5"	"pyhd3eb1b0_0"	"pkgs/main"
"base"	"webencodings"	"0.5.1"	"py313h06a4308_2"	"pkgs/main"
"base"	"websocket-client"	"1.8.0"	"py313h06a4308_0"	"pkgs/main"
"base"	"werkzeug"	"3.1.3"	"py313h06a4308_0"	"pkgs/main"
"base"	"whatthepatch"	"1.0.2"	"py313h06a4308_0"	"pkgs/main"
"base"	"wheel"	"0.45.1"	"py313h06a4308_0"	"pkgs/main"
"base"	"widgetsnbextension"	"4.0.13"	"py313h06a4308_0"	"pkgs/main"
"base"	"wrapt"	"1.17.0"	"py313h5eee18b_0"	"pkgs/main"
"base"	"wurlitzer"	"3.0.2"	"py313h06a4308_0"	"pkgs/main"
"base"	"xarray"	"2025.4.0"	"py313h06a4308_0"	"pkgs/main"
"base"	"xkeyboard-config"	"2.44"	"h5eee18b_0"	"pkgs/main"
"base"	"xorg-libx11"	"1.8.12"	"h9b100fa_1"	"pkgs/main"
"base"	"xorg-libxau"	"1.0.12"	"h9b100fa_0"	"pkgs/main"
"base"	"xorg-libxdmcp"	"1.1.5"	"h9b100fa_0"	"pkgs/main"
"base"	"xorg-xorgproto"	"2024.1"	"h5eee18b_1"	"pkgs/main"
"base"	"xyzservices"	"2022.9.0"	"py313h06a4308_1"	"pkgs/main"
"base"	"xz"	"5.6.4"	"h5eee18b_1"	"pkgs/main"
"base"	"yaml"	"0.2.5"	"h7b6447c_0"	"pkgs/main"
"base"	"yaml-cpp"	"0.8.0"	"h6a678d5_1"	"pkgs/main"
"base"	"yapf"	"0.40.2"	"py313h06a4308_0"	"pkgs/main"
"base"	"yarl"	"1.18.0"	"py313h5eee18b_0"	"pkgs/main"
"base"	"zeromq"	"4.3.5"	"h6a678d5_0"	"pkgs/main"
"base"	"zict"	"3.0.0"	"py313h06a4308_0"	"pkgs/main"
"base"	"zipp"	"3.21.0"	"py313h06a4308_0"	"pkgs/main"
"base"	"zlib"	"1.2.13"	"h5eee18b_1"	"pkgs/main"
"base"	"zlib-ng"	"2.0.7"	"h5eee18b_0"	"pkgs/main"
"base"	"zope"	"1.0"	"py313h06a4308_1"	"pkgs/main"
"base"	"zope.interface"	"7.1.1"	"py313h5eee18b_0"	"pkgs/main"
"base"	"zstandard"	"0.23.0"	"py313h2c38b39_1"	"pkgs/main"
"base"	"zstd"	"1.5.6"	"hc292b87_0"	"pkgs/main"
"bpcells"	"_libgcc_mutex"	"0.1"	"conda_forge"	"conda-forge"
"bpcells"	"_openmp_mutex"	"4.5"	"2_gnu"	"conda-forge"
"bpcells"	"_r-mutex"	"1.0.1"	"anacondar_1"	"conda-forge"
"bpcells"	"binutils_impl_linux-64"	"2.45"	"default_hfdba357_104"	"conda-forge"
"bpcells"	"bwidget"	"1.10.1"	"ha770c72_1"	"conda-forge"
"bpcells"	"bzip2"	"1.0.8"	"hda65f42_8"	"conda-forge"
"bpcells"	"c-ares"	"1.34.5"	"hb9d3cd8_0"	"conda-forge"
"bpcells"	"ca-certificates"	"2025.11.12"	"hbd8a1cb_0"	"conda-forge"
"bpcells"	"cairo"	"1.18.4"	"h3394656_0"	"conda-forge"
"bpcells"	"curl"	"8.17.0"	"h4e3cde8_0"	"conda-forge"
"bpcells"	"font-ttf-dejavu-sans-mono"	"2.37"	"hab24e00_0"	"conda-forge"
"bpcells"	"font-ttf-inconsolata"	"3.000"	"h77eed37_0"	"conda-forge"
"bpcells"	"font-ttf-source-code-pro"	"2.038"	"h77eed37_0"	"conda-forge"
"bpcells"	"font-ttf-ubuntu"	"0.83"	"h77eed37_3"	"conda-forge"
"bpcells"	"fontconfig"	"2.15.0"	"h7e30c49_1"	"conda-forge"
"bpcells"	"fonts-conda-ecosystem"	"1"	"0"	"conda-forge"
"bpcells"	"fonts-conda-forge"	"1"	"hc364b38_1"	"conda-forge"
"bpcells"	"freetype"	"2.14.1"	"ha770c72_0"	"conda-forge"
"bpcells"	"fribidi"	"1.0.16"	"hb03c661_0"	"conda-forge"
"bpcells"	"gcc_impl_linux-64"	"15.2.0"	"h065a4ff_12"	"conda-forge"
"bpcells"	"gfortran_impl_linux-64"	"15.2.0"	"h281d09f_12"	"conda-forge"
"bpcells"	"graphite2"	"1.3.14"	"hecca717_2"	"conda-forge"
"bpcells"	"gsl"	"2.7"	"he838d99_0"	"conda-forge"
"bpcells"	"gxx_impl_linux-64"	"15.2.0"	"hda75c37_12"	"conda-forge"
"bpcells"	"harfbuzz"	"12.2.0"	"h15599e2_0"	"conda-forge"
"bpcells"	"hdf5"	"1.14.3"	"nompi_h2d575fe_109"	"conda-forge"
"bpcells"	"icu"	"75.1"	"he02047a_0"	"conda-forge"
"bpcells"	"kernel-headers_linux-64"	"3.10.0"	"he073ed8_18"	"conda-forge"
"bpcells"	"keyutils"	"1.6.3"	"hb9d3cd8_0"	"conda-forge"
"bpcells"	"krb5"	"1.21.3"	"h659f571_0"	"conda-forge"
"bpcells"	"ld_impl_linux-64"	"2.45"	"default_hbd61a6d_104"	"conda-forge"
"bpcells"	"lerc"	"4.0.0"	"h0aef613_1"	"conda-forge"
"bpcells"	"libaec"	"1.1.4"	"h3f801dc_0"	"conda-forge"
"bpcells"	"libblas"	"3.11.0"	"2_h4a7cf45_openblas"	"conda-forge"
"bpcells"	"libcblas"	"3.11.0"	"2_h0358290_openblas"	"conda-forge"
"bpcells"	"libcurl"	"8.17.0"	"h4e3cde8_0"	"conda-forge"
"bpcells"	"libdeflate"	"1.25"	"h17f619e_0"	"conda-forge"
"bpcells"	"libedit"	"3.1.20250104"	"pl5321h7949ede_0"	"conda-forge"
"bpcells"	"libev"	"4.33"	"hd590300_2"	"conda-forge"
"bpcells"	"libexpat"	"2.7.3"	"hecca717_0"	"conda-forge"
"bpcells"	"libffi"	"3.5.2"	"h9ec8514_0"	"conda-forge"
"bpcells"	"libfreetype"	"2.14.1"	"ha770c72_0"	"conda-forge"
"bpcells"	"libfreetype6"	"2.14.1"	"h73754d4_0"	"conda-forge"
"bpcells"	"libgcc"	"15.2.0"	"he0feb66_12"	"conda-forge"
"bpcells"	"libgcc-devel_linux-64"	"15.2.0"	"hcc6f6b0_112"	"conda-forge"
"bpcells"	"libgcc-ng"	"15.2.0"	"h69a702a_12"	"conda-forge"
"bpcells"	"libgfortran"	"15.2.0"	"h69a702a_12"	"conda-forge"
"bpcells"	"libgfortran-ng"	"15.2.0"	"h69a702a_12"	"conda-forge"
"bpcells"	"libgfortran5"	"15.2.0"	"h68bc16d_12"	"conda-forge"
"bpcells"	"libglib"	"2.86.2"	"h6548e54_1"	"conda-forge"
"bpcells"	"libgomp"	"15.2.0"	"he0feb66_12"	"conda-forge"
"bpcells"	"libhwy"	"1.1.0"	"h00ab1b0_0"	"conda-forge"
"bpcells"	"libiconv"	"1.18"	"h3b78370_2"	"conda-forge"
"bpcells"	"libjpeg-turbo"	"3.1.2"	"hb03c661_0"	"conda-forge"
"bpcells"	"liblapack"	"3.11.0"	"2_h47877c9_openblas"	"conda-forge"
"bpcells"	"liblzma"	"5.8.1"	"hb9d3cd8_2"	"conda-forge"
"bpcells"	"libnghttp2"	"1.67.0"	"had1ee68_0"	"conda-forge"
"bpcells"	"libopenblas"	"0.3.30"	"pthreads_h94d23a6_4"	"conda-forge"
"bpcells"	"libpng"	"1.6.51"	"h421ea60_0"	"conda-forge"
"bpcells"	"libsanitizer"	"15.2.0"	"h90f66d4_12"	"conda-forge"
"bpcells"	"libssh2"	"1.11.1"	"hcf80075_0"	"conda-forge"
"bpcells"	"libstdcxx"	"15.2.0"	"h934c35e_12"	"conda-forge"
"bpcells"	"libstdcxx-devel_linux-64"	"15.2.0"	"hd446a21_112"	"conda-forge"
"bpcells"	"libstdcxx-ng"	"15.2.0"	"hdf11a46_12"	"conda-forge"
"bpcells"	"libtiff"	"4.7.1"	"h9d88235_1"	"conda-forge"
"bpcells"	"libuuid"	"2.41.2"	"he9a06e4_0"	"conda-forge"
"bpcells"	"libwebp-base"	"1.6.0"	"hd42ef1d_0"	"conda-forge"
"bpcells"	"libxcb"	"1.17.0"	"h8a09558_0"	"conda-forge"
"bpcells"	"libzlib"	"1.3.1"	"hb9d3cd8_2"	"conda-forge"
"bpcells"	"make"	"4.4.1"	"hb9d3cd8_2"	"conda-forge"
"bpcells"	"ncurses"	"6.5"	"h2d0b736_3"	"conda-forge"
"bpcells"	"openssl"	"3.6.0"	"h26f9b46_0"	"conda-forge"
"bpcells"	"pango"	"1.56.4"	"hadf4263_0"	"conda-forge"
"bpcells"	"pcre2"	"10.47"	"haa7fec5_0"	"conda-forge"
"bpcells"	"pixman"	"0.46.4"	"h54a6638_1"	"conda-forge"
"bpcells"	"pthread-stubs"	"0.4"	"hb9d3cd8_1002"	"conda-forge"
"bpcells"	"r-assertthat"	"0.2.1"	"r44hc72bb7e_6"	"conda-forge"
"bpcells"	"r-base"	"4.4.3"	"h835929b_6"	"conda-forge"
"bpcells"	"r-bit"	"4.6.0"	"r44h54b55ab_1"	"conda-forge"
"bpcells"	"r-bit64"	"4.6.0_1"	"r44h54b55ab_1"	"conda-forge"
"bpcells"	"r-bpcells"	"0.3.1"	"r44h89edbeb_0"	"bioconda"
"bpcells"	"r-cli"	"3.6.5"	"r44h3697838_1"	"conda-forge"
"bpcells"	"r-clipr"	"0.8.0"	"r44hc72bb7e_4"	"conda-forge"
"bpcells"	"r-colorspace"	"2.1_2"	"r44h54b55ab_0"	"conda-forge"
"bpcells"	"r-cpp11"	"0.5.2"	"r44h785f33e_2"	"conda-forge"
"bpcells"	"r-crayon"	"1.5.3"	"r44hc72bb7e_2"	"conda-forge"
"bpcells"	"r-dplyr"	"1.1.4"	"r44h3697838_2"	"conda-forge"
"bpcells"	"r-ellipsis"	"0.3.2"	"r44h54b55ab_4"	"conda-forge"
"bpcells"	"r-fansi"	"1.0.7"	"r44h54b55ab_0"	"conda-forge"
"bpcells"	"r-farver"	"2.1.2"	"r44h3697838_2"	"conda-forge"
"bpcells"	"r-generics"	"0.1.4"	"r44hc72bb7e_1"	"conda-forge"
"bpcells"	"r-ggplot2"	"4.0.1"	"r44h785f33e_0"	"conda-forge"
"bpcells"	"r-ggrepel"	"0.9.6"	"r44h3697838_2"	"conda-forge"
"bpcells"	"r-glue"	"1.8.0"	"r44h54b55ab_1"	"conda-forge"
"bpcells"	"r-gtable"	"0.3.6"	"r44hc72bb7e_1"	"conda-forge"
"bpcells"	"r-hexbin"	"1.28.5"	"r44heaba542_1"	"conda-forge"
"bpcells"	"r-hms"	"1.1.4"	"r44hc72bb7e_0"	"conda-forge"
"bpcells"	"r-isoband"	"0.2.7"	"r44h3697838_4"	"conda-forge"
"bpcells"	"r-labeling"	"0.4.3"	"r44hc72bb7e_2"	"conda-forge"
"bpcells"	"r-lattice"	"0.22_7"	"r44h54b55ab_1"	"conda-forge"
"bpcells"	"r-lifecycle"	"1.0.4"	"r44hc72bb7e_2"	"conda-forge"
"bpcells"	"r-magrittr"	"2.0.4"	"r44h54b55ab_0"	"conda-forge"
"bpcells"	"r-matrix"	"1.7_4"	"r44h0e4624f_1"	"conda-forge"
"bpcells"	"r-munsell"	"0.5.1"	"r44hc72bb7e_2"	"conda-forge"
"bpcells"	"r-patchwork"	"1.3.2"	"r44hc72bb7e_1"	"conda-forge"
"bpcells"	"r-pillar"	"1.11.1"	"r44hc72bb7e_0"	"conda-forge"
"bpcells"	"r-pkgconfig"	"2.0.3"	"r44hc72bb7e_5"	"conda-forge"
"bpcells"	"r-prettyunits"	"1.2.0"	"r44hc72bb7e_2"	"conda-forge"
"bpcells"	"r-progress"	"1.2.3"	"r44hc72bb7e_2"	"conda-forge"
"bpcells"	"r-purrr"	"1.2.0"	"r44h54b55ab_0"	"conda-forge"
"bpcells"	"r-r6"	"2.6.1"	"r44hc72bb7e_1"	"conda-forge"
"bpcells"	"r-rcolorbrewer"	"1.1_3"	"r44h785f33e_4"	"conda-forge"
"bpcells"	"r-rcpp"	"1.1.0"	"r44h3697838_1"	"conda-forge"
"bpcells"	"r-readr"	"2.1.6"	"r44h3697838_0"	"conda-forge"
"bpcells"	"r-rlang"	"1.1.6"	"r44h3697838_1"	"conda-forge"
"bpcells"	"r-s7"	"0.2.1"	"r44h54b55ab_0"	"conda-forge"
"bpcells"	"r-scales"	"1.4.0"	"r44hc72bb7e_1"	"conda-forge"
"bpcells"	"r-scattermore"	"1.2"	"r44h3697838_5"	"conda-forge"
"bpcells"	"r-stringi"	"1.8.7"	"r44h2dae267_1"	"conda-forge"
"bpcells"	"r-stringr"	"1.6.0"	"r44h785f33e_0"	"conda-forge"
"bpcells"	"r-tibble"	"3.3.0"	"r44h54b55ab_1"	"conda-forge"
"bpcells"	"r-tidyr"	"1.3.1"	"r44h3697838_2"	"conda-forge"
"bpcells"	"r-tidyselect"	"1.2.1"	"r44hc72bb7e_2"	"conda-forge"
"bpcells"	"r-tzdb"	"0.5.0"	"r44h3697838_2"	"conda-forge"
"bpcells"	"r-utf8"	"1.2.6"	"r44h54b55ab_1"	"conda-forge"
"bpcells"	"r-vctrs"	"0.6.5"	"r44h3697838_2"	"conda-forge"
"bpcells"	"r-viridislite"	"0.4.2"	"r44hc72bb7e_3"	"conda-forge"
"bpcells"	"r-vroom"	"1.6.6"	"r44h3697838_0"	"conda-forge"
"bpcells"	"r-withr"	"3.0.2"	"r44hc72bb7e_1"	"conda-forge"
"bpcells"	"readline"	"8.2"	"h8c095d6_2"	"conda-forge"
"bpcells"	"sed"	"4.9"	"h6688a6e_0"	"conda-forge"
"bpcells"	"sysroot_linux-64"	"2.17"	"h0157908_18"	"conda-forge"
"bpcells"	"tk"	"8.6.13"	"noxft_ha0e22de_103"	"conda-forge"
"bpcells"	"tktable"	"2.10"	"h8d826fa_7"	"conda-forge"
"bpcells"	"tzdata"	"2025b"	"h78e105d_0"	"conda-forge"
"bpcells"	"xorg-libice"	"1.1.2"	"hb9d3cd8_0"	"conda-forge"
"bpcells"	"xorg-libsm"	"1.2.6"	"he73a12e_0"	"conda-forge"
"bpcells"	"xorg-libx11"	"1.8.12"	"h4f16b4b_0"	"conda-forge"
"bpcells"	"xorg-libxau"	"1.0.12"	"hb03c661_1"	"conda-forge"
"bpcells"	"xorg-libxdmcp"	"1.1.5"	"hb03c661_1"	"conda-forge"
"bpcells"	"xorg-libxext"	"1.3.6"	"hb9d3cd8_0"	"conda-forge"
"bpcells"	"xorg-libxrender"	"0.9.12"	"hb9d3cd8_0"	"conda-forge"
"bpcells"	"xorg-libxt"	"1.3.1"	"hb9d3cd8_0"	"conda-forge"
"bpcells"	"zstd"	"1.5.7"	"hb8e6e7a_2"	"conda-forge"
"chrombpnet"	"_libgcc_mutex"	"0.1"	"conda_forge"	"conda-forge"
"chrombpnet"	"_openmp_mutex"	"4.5"	"2_gnu"	"conda-forge"
"chrombpnet"	"absl-py"	"2.3.1"	"pypi_0"	"pypi"
"chrombpnet"	"asttokens"	"3.0.0"	"pypi_0"	"pypi"
"chrombpnet"	"astunparse"	"1.6.3"	"pypi_0"	"pypi"
"chrombpnet"	"backcall"	"0.2.0"	"pypi_0"	"pypi"
"chrombpnet"	"beautifulsoup4"	"4.12.3"	"pyha770c72_0"	"conda-forge"
"chrombpnet"	"bedtools"	"2.31.1"	"h13024bc_3"	"bioconda"
"chrombpnet"	"blosc2"	"2.0.0"	"pypi_0"	"pypi"
"chrombpnet"	"bs4"	"4.12.3"	"hd8ed1ab_1"	"conda-forge"
"chrombpnet"	"bzip2"	"1.0.8"	"hda65f42_8"	"conda-forge"
"chrombpnet"	"c-ares"	"1.34.5"	"hb9d3cd8_0"	"conda-forge"
"chrombpnet"	"ca-certificates"	"2026.2.25"	"hbd8a1cb_0"	"conda-forge"
"chrombpnet"	"cachetools"	"5.5.2"	"pypi_0"	"pypi"
"chrombpnet"	"cairocffi"	"1.7.1"	"pypi_0"	"pypi"
"chrombpnet"	"cairosvg"	"2.7.1"	"pypi_0"	"pypi"
"chrombpnet"	"certifi"	"2025.10.5"	"pypi_0"	"pypi"
"chrombpnet"	"cffi"	"1.17.1"	"pypi_0"	"pypi"
"chrombpnet"	"charset-normalizer"	"3.4.4"	"pypi_0"	"pypi"
"chrombpnet"	"chrombpnet"	"1.0.1"	"dev_0"	"<develop>"
"chrombpnet"	"cloudpickle"	"3.1.1"	"pypi_0"	"pypi"
"chrombpnet"	"contourpy"	"1.1.1"	"pypi_0"	"pypi"
"chrombpnet"	"cssselect2"	"0.7.0"	"pypi_0"	"pypi"
"chrombpnet"	"cycler"	"0.12.1"	"pypi_0"	"pypi"
"chrombpnet"	"cython"	"3.1.6"	"pypi_0"	"pypi"
"chrombpnet"	"decorator"	"5.2.1"	"pypi_0"	"pypi"
"chrombpnet"	"deepdish"	"0.3.7"	"pypi_0"	"pypi"
"chrombpnet"	"deeplift"	"0.6.13.0"	"pypi_0"	"pypi"
"chrombpnet"	"defusedxml"	"0.7.1"	"pypi_0"	"pypi"
"chrombpnet"	"dm-tree"	"0.1.8"	"pypi_0"	"pypi"
"chrombpnet"	"executing"	"2.2.1"	"pypi_0"	"pypi"
"chrombpnet"	"expat"	"2.7.1"	"hecca717_0"	"conda-forge"
"chrombpnet"	"flatbuffers"	"25.9.23"	"pypi_0"	"pypi"
"chrombpnet"	"fonttools"	"4.57.0"	"pypi_0"	"pypi"
"chrombpnet"	"gast"	"0.6.0"	"pypi_0"	"pypi"
"chrombpnet"	"google-auth"	"2.42.0"	"pypi_0"	"pypi"
"chrombpnet"	"google-auth-oauthlib"	"0.4.6"	"pypi_0"	"pypi"
"chrombpnet"	"google-pasta"	"0.2.0"	"pypi_0"	"pypi"
"chrombpnet"	"grpcio"	"1.70.0"	"pypi_0"	"pypi"
"chrombpnet"	"h5py"	"3.11.0"	"pypi_0"	"pypi"
"chrombpnet"	"hdf5plugin"	"5.1.0"	"pypi_0"	"pypi"
"chrombpnet"	"html5lib"	"1.1"	"pypi_0"	"pypi"
"chrombpnet"	"htslib"	"1.22.1"	"h566b1c6_0"	"bioconda"
"chrombpnet"	"icu"	"73.2"	"h59595ed_0"	"conda-forge"
"chrombpnet"	"idna"	"3.11"	"pypi_0"	"pypi"
"chrombpnet"	"igraph"	"0.9.11"	"pypi_0"	"pypi"
"chrombpnet"	"imageio"	"2.35.1"	"pypi_0"	"pypi"
"chrombpnet"	"importlib-metadata"	"8.5.0"	"pypi_0"	"pypi"
"chrombpnet"	"importlib-resources"	"6.4.5"	"pypi_0"	"pypi"
"chrombpnet"	"ipython"	"8.12.3"	"pypi_0"	"pypi"
"chrombpnet"	"jedi"	"0.19.2"	"pypi_0"	"pypi"
"chrombpnet"	"joblib"	"1.4.2"	"pypi_0"	"pypi"
"chrombpnet"	"keras"	"2.8.0"	"pypi_0"	"pypi"
"chrombpnet"	"keras-preprocessing"	"1.1.2"	"pypi_0"	"pypi"
"chrombpnet"	"keyutils"	"1.6.3"	"hb9d3cd8_0"	"conda-forge"
"chrombpnet"	"kiwisolver"	"1.4.7"	"pypi_0"	"pypi"
"chrombpnet"	"krb5"	"1.21.3"	"h659f571_0"	"conda-forge"
"chrombpnet"	"kundajelab-shap"	"1"	"pypi_0"	"pypi"
"chrombpnet"	"lazy-loader"	"0.4"	"pypi_0"	"pypi"
"chrombpnet"	"ld_impl_linux-64"	"2.44"	"h1aa0949_4"	"conda-forge"
"chrombpnet"	"leidenalg"	"0.8.10"	"pypi_0"	"pypi"
"chrombpnet"	"libblas"	"3.9.0"	"37_h4a7cf45_openblas"	"conda-forge"
"chrombpnet"	"libcblas"	"3.9.0"	"37_h0358290_openblas"	"conda-forge"
"chrombpnet"	"libclang"	"18.1.1"	"pypi_0"	"pypi"
"chrombpnet"	"libcurl"	"8.16.0"	"h4e3cde8_0"	"conda-forge"
"chrombpnet"	"libdeflate"	"1.24"	"h86f0d12_0"	"conda-forge"
"chrombpnet"	"libedit"	"3.1.20250104"	"pl5321h7949ede_0"	"conda-forge"
"chrombpnet"	"libev"	"4.33"	"hd590300_2"	"conda-forge"
"chrombpnet"	"libexpat"	"2.7.1"	"hecca717_0"	"conda-forge"
"chrombpnet"	"libffi"	"3.5.2"	"h9ec8514_0"	"conda-forge"
"chrombpnet"	"libgcc"	"15.2.0"	"h767d61c_7"	"conda-forge"
"chrombpnet"	"libgcc-ng"	"15.2.0"	"h69a702a_7"	"conda-forge"
"chrombpnet"	"libgfortran"	"15.2.0"	"h69a702a_7"	"conda-forge"
"chrombpnet"	"libgfortran5"	"15.2.0"	"hcd61629_7"	"conda-forge"
"chrombpnet"	"libgomp"	"15.2.0"	"h767d61c_7"	"conda-forge"
"chrombpnet"	"libiconv"	"1.18"	"h3b78370_2"	"conda-forge"
"chrombpnet"	"liblapack"	"3.9.0"	"37_h47877c9_openblas"	"conda-forge"
"chrombpnet"	"liblzma"	"5.8.1"	"hb9d3cd8_2"	"conda-forge"
"chrombpnet"	"liblzma-devel"	"5.8.1"	"hb9d3cd8_2"	"conda-forge"
"chrombpnet"	"libnghttp2"	"1.67.0"	"had1ee68_0"	"conda-forge"
"chrombpnet"	"libnsl"	"2.0.1"	"hb9d3cd8_1"	"conda-forge"
"chrombpnet"	"libopenblas"	"0.3.30"	"pthreads_h94d23a6_2"	"conda-forge"
"chrombpnet"	"libopenssl-static"	"3.5.4"	"hb03c661_0"	"conda-forge"
"chrombpnet"	"libpng"	"1.6.50"	"h421ea60_1"	"conda-forge"
"chrombpnet"	"libsqlite"	"3.50.4"	"h0c1763c_0"	"conda-forge"
"chrombpnet"	"libssh2"	"1.11.1"	"hcf80075_0"	"conda-forge"
"chrombpnet"	"libstdcxx"	"15.2.0"	"h8f9b012_7"	"conda-forge"
"chrombpnet"	"libstdcxx-ng"	"15.2.0"	"h4852527_7"	"conda-forge"
"chrombpnet"	"libuuid"	"2.41.2"	"he9a06e4_0"	"conda-forge"
"chrombpnet"	"libuv"	"1.51.0"	"hb03c661_1"	"conda-forge"
"chrombpnet"	"libxcrypt"	"4.4.36"	"hd590300_1"	"conda-forge"
"chrombpnet"	"libxml2"	"2.12.7"	"h4c95cb1_3"	"conda-forge"
"chrombpnet"	"libxslt"	"1.1.39"	"h76b75d6_0"	"conda-forge"
"chrombpnet"	"libzlib"	"1.3.1"	"hb9d3cd8_2"	"conda-forge"
"chrombpnet"	"llvmlite"	"0.41.1"	"pypi_0"	"pypi"
"chrombpnet"	"logomaker"	"0.8.7"	"pypi_0"	"pypi"
"chrombpnet"	"markdown"	"3.7"	"pypi_0"	"pypi"
"chrombpnet"	"markupsafe"	"2.1.5"	"pypi_0"	"pypi"
"chrombpnet"	"matplotlib"	"3.7.5"	"pypi_0"	"pypi"
"chrombpnet"	"matplotlib-inline"	"0.1.7"	"pypi_0"	"pypi"
"chrombpnet"	"matplotlib-venn"	"0.11.6"	"pypi_0"	"pypi"
"chrombpnet"	"meme"	"5.5.8"	"pl5321h1ca524f_0"	"bioconda"
"chrombpnet"	"modisco"	"0.5.16.0"	"pypi_0"	"pypi"
"chrombpnet"	"modisco-lite"	"2.0.7"	"pypi_0"	"pypi"
"chrombpnet"	"msgpack"	"1.1.1"	"pypi_0"	"pypi"
"chrombpnet"	"mysql-connector-c"	"6.1.11"	"h659d440_1008"	"conda-forge"
"chrombpnet"	"ncurses"	"6.5"	"h2d0b736_3"	"conda-forge"
"chrombpnet"	"networkx"	"3.1"	"pypi_0"	"pypi"
"chrombpnet"	"nodejs"	"22.6.0"	"h6d9b948_0"	"conda-forge"
"chrombpnet"	"numba"	"0.58.1"	"pypi_0"	"pypi"
"chrombpnet"	"numexpr"	"2.8.6"	"pypi_0"	"pypi"
"chrombpnet"	"numpy"	"1.23.4"	"pypi_0"	"pypi"
"chrombpnet"	"oauthlib"	"3.3.1"	"pypi_0"	"pypi"
"chrombpnet"	"openssl"	"3.5.4"	"h26f9b46_0"	"conda-forge"
"chrombpnet"	"opt-einsum"	"3.4.0"	"pypi_0"	"pypi"
"chrombpnet"	"packaging"	"25.0"	"pypi_0"	"pypi"
"chrombpnet"	"pandas"	"2.0.3"	"pypi_0"	"pypi"
"chrombpnet"	"parso"	"0.8.5"	"pypi_0"	"pypi"
"chrombpnet"	"perl"	"5.32.1"	"7_hd590300_perl5"	"conda-forge"
"chrombpnet"	"perl-app-cpanminus"	"1.7048"	"pl5321hd8ed1ab_0"	"conda-forge"
"chrombpnet"	"perl-b-cow"	"0.007"	"pl5321hb9d3cd8_1"	"conda-forge"
"chrombpnet"	"perl-base"	"2.23"	"pl5321hd8ed1ab_0"	"conda-forge"
"chrombpnet"	"perl-business-isbn"	"3.007"	"pl5321hd8ed1ab_0"	"conda-forge"
"chrombpnet"	"perl-business-isbn-data"	"20210112.006"	"pl5321hd8ed1ab_0"	"conda-forge"
"chrombpnet"	"perl-carp"	"1.50"	"pl5321hd8ed1ab_0"	"conda-forge"
"chrombpnet"	"perl-cgi"	"4.71"	"pl5321h7b50bb2_0"	"bioconda"
"chrombpnet"	"perl-clone"	"0.46"	"pl5321hb9d3cd8_1"	"conda-forge"
"chrombpnet"	"perl-common-sense"	"3.75"	"pl5321hd8ed1ab_0"	"conda-forge"
"chrombpnet"	"perl-compress-raw-bzip2"	"2.214"	"pl5321hda65f42_0"	"conda-forge"
"chrombpnet"	"perl-compress-raw-zlib"	"2.214"	"pl5321h4dac143_0"	"conda-forge"
"chrombpnet"	"perl-config-general"	"2.67"	"pl5321hdfd78af_0"	"bioconda"
"chrombpnet"	"perl-constant"	"1.33"	"pl5321hd8ed1ab_0"	"conda-forge"
"chrombpnet"	"perl-dbi"	"1.647"	"pl5321hb03c661_0"	"conda-forge"
"chrombpnet"	"perl-digest-md5"	"2.59"	"pl5321hb9d3cd8_3"	"conda-forge"
"chrombpnet"	"perl-encode"	"3.21"	"pl5321hb9d3cd8_1"	"conda-forge"
"chrombpnet"	"perl-encode-locale"	"1.05"	"pl5321hdfd78af_7"	"bioconda"
"chrombpnet"	"perl-exporter"	"5.74"	"pl5321hd8ed1ab_0"	"conda-forge"
"chrombpnet"	"perl-extutils-makemaker"	"7.70"	"pl5321hd8ed1ab_0"	"conda-forge"
"chrombpnet"	"perl-file-path"	"2.18"	"pl5321hd8ed1ab_0"	"conda-forge"
"chrombpnet"	"perl-file-spec"	"3.48_01"	"pl5321hdfd78af_2"	"bioconda"
"chrombpnet"	"perl-file-temp"	"0.2304"	"pl5321hd8ed1ab_0"	"conda-forge"
"chrombpnet"	"perl-file-which"	"1.24"	"pl5321hd8ed1ab_0"	"conda-forge"
"chrombpnet"	"perl-html-parser"	"3.83"	"pl5321h9948957_1"	"bioconda"
"chrombpnet"	"perl-html-tagset"	"3.24"	"pl5321hdfd78af_0"	"bioconda"
"chrombpnet"	"perl-html-template"	"2.97"	"pl5321hdfd78af_2"	"bioconda"
"chrombpnet"	"perl-html-tree"	"5.07"	"pl5321hdfd78af_2"	"bioconda"
"chrombpnet"	"perl-http-date"	"6.06"	"pl5321hdfd78af_0"	"bioconda"
"chrombpnet"	"perl-http-message"	"7.01"	"pl5321hdfd78af_0"	"bioconda"
"chrombpnet"	"perl-inc-latest"	"0.500"	"pl5321ha770c72_0"	"conda-forge"
"chrombpnet"	"perl-io-html"	"1.004"	"pl5321hdfd78af_0"	"bioconda"
"chrombpnet"	"perl-json"	"4.10"	"pl5321hdfd78af_1"	"bioconda"
"chrombpnet"	"perl-json-xs"	"4.04"	"pl5321h9948957_0"	"bioconda"
"chrombpnet"	"perl-log-log4perl"	"1.56"	"pl5321hd8ed1ab_0"	"conda-forge"
"chrombpnet"	"perl-lwp-mediatypes"	"6.04"	"pl5321hdfd78af_1"	"bioconda"
"chrombpnet"	"perl-math-cdf"	"0.1"	"pl5321h7b50bb2_11"	"bioconda"
"chrombpnet"	"perl-mime-base64"	"3.16"	"pl5321hb9d3cd8_3"	"conda-forge"
"chrombpnet"	"perl-module-build"	"0.4234"	"pl5321ha770c72_1"	"conda-forge"
"chrombpnet"	"perl-parent"	"0.243"	"pl5321hd8ed1ab_0"	"conda-forge"
"chrombpnet"	"perl-pathtools"	"3.75"	"pl5321hb9d3cd8_2"	"conda-forge"
"chrombpnet"	"perl-scalar-list-utils"	"1.70"	"pl5321hb03c661_0"	"conda-forge"
"chrombpnet"	"perl-storable"	"3.15"	"pl5321hb9d3cd8_2"	"conda-forge"
"chrombpnet"	"perl-sys-info"	"0.7811"	"pl5321hdfd78af_1"	"bioconda"
"chrombpnet"	"perl-sys-info-base"	"0.7807"	"pl5321hdfd78af_1"	"bioconda"
"chrombpnet"	"perl-sys-info-driver-linux"	"0.7911"	"pl5321hdfd78af_0"	"bioconda"
"chrombpnet"	"perl-test-fatal"	"0.016"	"pl5321ha770c72_0"	"conda-forge"
"chrombpnet"	"perl-test-needs"	"0.002009"	"pl5321hd8ed1ab_0"	"conda-forge"
"chrombpnet"	"perl-test-nowarnings"	"1.06"	"pl5321ha770c72_0"	"conda-forge"
"chrombpnet"	"perl-test-warnings"	"0.031"	"pl5321ha770c72_0"	"conda-forge"
"chrombpnet"	"perl-text-template-simple"	"0.91"	"pl5321hdfd78af_1"	"bioconda"
"chrombpnet"	"perl-time-local"	"1.35"	"pl5321hdfd78af_0"	"bioconda"
"chrombpnet"	"perl-timedate"	"2.33"	"pl5321hdfd78af_2"	"bioconda"
"chrombpnet"	"perl-try-tiny"	"0.31"	"pl5321ha770c72_0"	"conda-forge"
"chrombpnet"	"perl-types-serialiser"	"1.01"	"pl5321hdfd78af_0"	"bioconda"
"chrombpnet"	"perl-unix-processors"	"2.046"	"pl5321hb9d3cd8_1002"	"conda-forge"
"chrombpnet"	"perl-uri"	"5.17"	"pl5321ha770c72_0"	"conda-forge"
"chrombpnet"	"perl-url-encode"	"0.03"	"pl5321h9ee0642_1"	"bioconda"
"chrombpnet"	"perl-xml-namespacesupport"	"1.12"	"pl5321hd8ed1ab_0"	"conda-forge"
"chrombpnet"	"perl-xml-parser"	"2.44_01"	"pl5321hf2e2c51_1004"	"conda-forge"
"chrombpnet"	"perl-xml-sax"	"1.02"	"pl5321hd8ed1ab_0"	"conda-forge"
"chrombpnet"	"perl-xml-sax-base"	"1.09"	"pl5321hd8ed1ab_0"	"conda-forge"
"chrombpnet"	"perl-xml-sax-expat"	"0.51"	"pl5321hd8ed1ab_0"	"conda-forge"
"chrombpnet"	"perl-xml-simple"	"2.25"	"pl5321hdfd78af_2"	"bioconda"
"chrombpnet"	"perl-yaml"	"1.30"	"pl5321hdfd78af_0"	"bioconda"
"chrombpnet"	"pexpect"	"4.9.0"	"pypi_0"	"pypi"
"chrombpnet"	"pickleshare"	"0.7.5"	"pypi_0"	"pypi"
"chrombpnet"	"pillow"	"10.4.0"	"pypi_0"	"pypi"
"chrombpnet"	"pip"	"24.3.1"	"pyh8b19718_0"	"conda-forge"
"chrombpnet"	"prompt-toolkit"	"3.0.52"	"pypi_0"	"pypi"
"chrombpnet"	"protobuf"	"3.20.0"	"pypi_0"	"pypi"
"chrombpnet"	"psutil"	"7.1.2"	"pypi_0"	"pypi"
"chrombpnet"	"ptyprocess"	"0.7.0"	"pypi_0"	"pypi"
"chrombpnet"	"pure-eval"	"0.2.3"	"pypi_0"	"pypi"
"chrombpnet"	"py-cpuinfo"	"9.0.0"	"pypi_0"	"pypi"
"chrombpnet"	"pyasn1"	"0.6.1"	"pypi_0"	"pypi"
"chrombpnet"	"pyasn1-modules"	"0.4.2"	"pypi_0"	"pypi"
"chrombpnet"	"pybedtools"	"0.10.0"	"py38hd638cd3_2"	"bioconda"
"chrombpnet"	"pybigwig"	"0.3.22"	"py38h71499f8_3"	"bioconda"
"chrombpnet"	"pycparser"	"2.23"	"pypi_0"	"pypi"
"chrombpnet"	"pyfaidx"	"0.6.1"	"pypi_0"	"pypi"
"chrombpnet"	"pygments"	"2.19.2"	"pypi_0"	"pypi"
"chrombpnet"	"pyparsing"	"3.1.4"	"pypi_0"	"pypi"
"chrombpnet"	"pyphen"	"0.16.0"	"pypi_0"	"pypi"
"chrombpnet"	"pysam"	"0.22.1"	"py38h2d19e03_2"	"bioconda"
"chrombpnet"	"python"	"3.8.20"	"h4a871b0_2_cpython"	"conda-forge"
"chrombpnet"	"python-dateutil"	"2.9.0.post0"	"pypi_0"	"pypi"
"chrombpnet"	"python_abi"	"3.8"	"8_cp38"	"conda-forge"
"chrombpnet"	"pytz"	"2025.2"	"pypi_0"	"pypi"
"chrombpnet"	"pywavelets"	"1.4.1"	"pypi_0"	"pypi"
"chrombpnet"	"readline"	"8.2"	"h8c095d6_2"	"conda-forge"
"chrombpnet"	"requests"	"2.32.4"	"pypi_0"	"pypi"
"chrombpnet"	"requests-oauthlib"	"2.0.0"	"pypi_0"	"pypi"
"chrombpnet"	"rsa"	"4.9.1"	"pypi_0"	"pypi"
"chrombpnet"	"samtools"	"1.22.1"	"h96c455f_0"	"bioconda"
"chrombpnet"	"scikit-image"	"0.21.0"	"pypi_0"	"pypi"
"chrombpnet"	"scikit-learn"	"1.3.2"	"pypi_0"	"pypi"
"chrombpnet"	"scipy"	"1.10.1"	"pypi_0"	"pypi"
"chrombpnet"	"setuptools"	"75.3.0"	"pyhd8ed1ab_0"	"conda-forge"
"chrombpnet"	"six"	"1.17.0"	"pypi_0"	"pypi"
"chrombpnet"	"soupsieve"	"2.6"	"pyhd8ed1ab_0"	"conda-forge"
"chrombpnet"	"stack-data"	"0.6.3"	"pypi_0"	"pypi"
"chrombpnet"	"tables"	"3.8.0"	"pypi_0"	"pypi"
"chrombpnet"	"tensorboard"	"2.8.0"	"pypi_0"	"pypi"
"chrombpnet"	"tensorboard-data-server"	"0.6.1"	"pypi_0"	"pypi"
"chrombpnet"	"tensorboard-plugin-wit"	"1.8.1"	"pypi_0"	"pypi"
"chrombpnet"	"tensorflow"	"2.8.0"	"pypi_0"	"pypi"
"chrombpnet"	"tensorflow-estimator"	"2.8.0"	"pypi_0"	"pypi"
"chrombpnet"	"tensorflow-io-gcs-filesystem"	"0.34.0"	"pypi_0"	"pypi"
"chrombpnet"	"tensorflow-probability"	"0.15.0"	"pypi_0"	"pypi"
"chrombpnet"	"termcolor"	"2.4.0"	"pypi_0"	"pypi"
"chrombpnet"	"texttable"	"1.7.0"	"pypi_0"	"pypi"
"chrombpnet"	"tf-estimator-nightly"	"2.8.0.dev2021122109"	"pypi_0"	"pypi"
"chrombpnet"	"threadpoolctl"	"3.5.0"	"pypi_0"	"pypi"
"chrombpnet"	"tifffile"	"2023.7.10"	"pypi_0"	"pypi"
"chrombpnet"	"tinycss2"	"1.4.0"	"pypi_0"	"pypi"
"chrombpnet"	"tk"	"8.6.13"	"noxft_hd72426e_102"	"conda-forge"
"chrombpnet"	"tqdm"	"4.48.2"	"pypi_0"	"pypi"
"chrombpnet"	"traitlets"	"5.14.3"	"pypi_0"	"pypi"
"chrombpnet"	"typing-extensions"	"4.13.2"	"pypi_0"	"pypi"
"chrombpnet"	"tzdata"	"2025.2"	"pypi_0"	"pypi"
"chrombpnet"	"ucsc-bedgraphtobigwig"	"482"	"hdc0a859_0"	"bioconda"
"chrombpnet"	"urllib3"	"2.2.3"	"pypi_0"	"pypi"
"chrombpnet"	"wcwidth"	"0.2.14"	"pypi_0"	"pypi"
"chrombpnet"	"weasyprint"	"52.5"	"pypi_0"	"pypi"
"chrombpnet"	"webencodings"	"0.5.1"	"pypi_0"	"pypi"
"chrombpnet"	"werkzeug"	"3.0.6"	"pypi_0"	"pypi"
"chrombpnet"	"wheel"	"0.45.1"	"pyhd8ed1ab_0"	"conda-forge"
"chrombpnet"	"wrapt"	"2.0.0"	"pypi_0"	"pypi"
"chrombpnet"	"xz"	"5.8.1"	"hbcc6ac9_2"	"conda-forge"
"chrombpnet"	"xz-gpl-tools"	"5.8.1"	"hbcc6ac9_2"	"conda-forge"
"chrombpnet"	"xz-tools"	"5.8.1"	"hb9d3cd8_2"	"conda-forge"
"chrombpnet"	"zipp"	"3.20.2"	"pypi_0"	"pypi"
"chrombpnet"	"zlib"	"1.3.1"	"hb9d3cd8_2"	"conda-forge"
"chrombpnet"	"zstd"	"1.5.7"	"hb8e6e7a_2"	"conda-forge"
"chromimpute"	"_openmp_mutex"	"4.5"	"20_gnu"	"conda-forge"
"chromimpute"	"alsa-lib"	"1.2.16.1"	"hb03c661_0"	"conda-forge"
"chromimpute"	"brotli"	"1.2.0"	"hed03a55_1"	"conda-forge"
"chromimpute"	"brotli-bin"	"1.2.0"	"hb03c661_1"	"conda-forge"
"chromimpute"	"bzip2"	"1.0.8"	"hda65f42_9"	"conda-forge"
"chromimpute"	"c-ares"	"1.34.6"	"hb03c661_0"	"conda-forge"
"chromimpute"	"ca-certificates"	"2026.7.22"	"hbd8a1cb_0"	"conda-forge"
"chromimpute"	"cairo"	"1.18.4"	"he90730b_1"	"conda-forge"
"chromimpute"	"contourpy"	"1.3.3"	"py314h97ea11e_4"	"conda-forge"
"chromimpute"	"curl"	"8.21.0"	"hae6b9f4_2"	"conda-forge"
"chromimpute"	"cycler"	"0.12.1"	"pyhcf101f3_2"	"conda-forge"
"chromimpute"	"cyrus-sasl"	"2.1.28"	"hac629b4_1"	"conda-forge"
"chromimpute"	"dbus"	"1.16.2"	"h24cb091_1"	"conda-forge"
"chromimpute"	"double-conversion"	"3.4.0"	"hecca717_0"	"conda-forge"
"chromimpute"	"font-ttf-dejavu-sans-mono"	"2.37"	"hab24e00_0"	"conda-forge"
"chromimpute"	"font-ttf-inconsolata"	"3.000"	"h77eed37_0"	"conda-forge"
"chromimpute"	"font-ttf-source-code-pro"	"2.038"	"h77eed37_0"	"conda-forge"
"chromimpute"	"font-ttf-ubuntu"	"0.83"	"h77eed37_3"	"conda-forge"
"chromimpute"	"fontconfig"	"2.18.2"	"h27c8c51_0"	"conda-forge"
"chromimpute"	"fonts-conda-ecosystem"	"1"	"0"	"conda-forge"
"chromimpute"	"fonts-conda-forge"	"1"	"hc364b38_1"	"conda-forge"
"chromimpute"	"fonttools"	"4.63.0"	"pyh7db6752_0"	"conda-forge"
"chromimpute"	"freetype"	"2.14.3"	"ha770c72_0"	"conda-forge"
"chromimpute"	"git"	"2.55.0"	"pl5321h5685339_1"	"conda-forge"
"chromimpute"	"graphite2"	"1.3.15"	"hecca717_0"	"conda-forge"
"chromimpute"	"harfbuzz"	"14.2.1"	"ha770c72_1"	"conda-forge"
"chromimpute"	"icu"	"78.3"	"h33c6efd_0"	"conda-forge"
"chromimpute"	"keyutils"	"1.6.3"	"hb9d3cd8_0"	"conda-forge"
"chromimpute"	"kiwisolver"	"1.5.0"	"py314h97ea11e_0"	"conda-forge"
"chromimpute"	"krb5"	"1.22.2"	"hbde042b_1"	"conda-forge"
"chromimpute"	"lcms2"	"2.19.1"	"h0c24ade_1"	"conda-forge"
"chromimpute"	"ld_impl_linux-64"	"2.46.1"	"default_hbd61a6d_102"	"conda-forge"
"chromimpute"	"lerc"	"4.2.0"	"hdb68285_0"	"conda-forge"
"chromimpute"	"libblas"	"3.11.0"	"8_h4a7cf45_openblas"	"conda-forge"
"chromimpute"	"libbrotlicommon"	"1.2.0"	"hb03c661_1"	"conda-forge"
"chromimpute"	"libbrotlidec"	"1.2.0"	"hb03c661_1"	"conda-forge"
"chromimpute"	"libbrotlienc"	"1.2.0"	"hb03c661_1"	"conda-forge"
"chromimpute"	"libcblas"	"3.11.0"	"8_h0358290_openblas"	"conda-forge"
"chromimpute"	"libclang-cpp22.1"	"22.1.8"	"default_h6c227bf_3"	"conda-forge"
"chromimpute"	"libclang13"	"22.1.8"	"default_h9692865_3"	"conda-forge"
"chromimpute"	"libcups"	"2.3.3"	"h7a8fb5f_6"	"conda-forge"
"chromimpute"	"libcurl"	"8.21.0"	"hae6b9f4_2"	"conda-forge"
"chromimpute"	"libdeflate"	"1.25"	"h17f619e_0"	"conda-forge"
"chromimpute"	"libdrm"	"2.4.127"	"hb03c661_0"	"conda-forge"
"chromimpute"	"libedit"	"3.1.20250104"	"pl5321h7949ede_0"	"conda-forge"
"chromimpute"	"libegl"	"1.7.0"	"ha4b6fd6_3"	"conda-forge"
"chromimpute"	"libegl-devel"	"1.7.0"	"ha4b6fd6_3"	"conda-forge"
"chromimpute"	"libev"	"4.33"	"hd590300_2"	"conda-forge"
"chromimpute"	"libexpat"	"2.8.1"	"hecca717_1"	"conda-forge"
"chromimpute"	"libffi"	"3.5.2"	"h3435931_0"	"conda-forge"
"chromimpute"	"libfreetype"	"2.14.3"	"ha770c72_0"	"conda-forge"
"chromimpute"	"libfreetype6"	"2.14.3"	"h73754d4_0"	"conda-forge"
"chromimpute"	"libgcc"	"15.2.0"	"he0feb66_19"	"conda-forge"
"chromimpute"	"libgcc-ng"	"15.2.0"	"h69a702a_19"	"conda-forge"
"chromimpute"	"libgfortran"	"15.2.0"	"h69a702a_20"	"conda-forge"
"chromimpute"	"libgfortran5"	"15.2.0"	"h68bc16d_20"	"conda-forge"
"chromimpute"	"libgl"	"1.7.0"	"ha4b6fd6_3"	"conda-forge"
"chromimpute"	"libgl-devel"	"1.7.0"	"ha4b6fd6_3"	"conda-forge"
"chromimpute"	"libglib"	"2.88.3"	"h0d30a3d_0"	"conda-forge"
"chromimpute"	"libglvnd"	"1.7.0"	"ha4b6fd6_3"	"conda-forge"
"chromimpute"	"libglx"	"1.7.0"	"ha4b6fd6_3"	"conda-forge"
"chromimpute"	"libglx-devel"	"1.7.0"	"ha4b6fd6_3"	"conda-forge"
"chromimpute"	"libgomp"	"15.2.0"	"he0feb66_19"	"conda-forge"
"chromimpute"	"libharfbuzz"	"14.2.1"	"h17a8019_1"	"conda-forge"
"chromimpute"	"libharfbuzz-devel"	"14.2.1"	"h17a8019_1"	"conda-forge"
"chromimpute"	"libiconv"	"1.18"	"h3b78370_2"	"conda-forge"
"chromimpute"	"libidn2"	"2.3.8"	"hfac485b_1"	"conda-forge"
"chromimpute"	"libjpeg-turbo"	"3.2.0"	"hb03c661_0"	"conda-forge"
"chromimpute"	"liblapack"	"3.11.0"	"8_h47877c9_openblas"	"conda-forge"
"chromimpute"	"libllvm22"	"22.1.8"	"hf7376ad_1"	"conda-forge"
"chromimpute"	"liblzma"	"5.8.3"	"hb03c661_0"	"conda-forge"
"chromimpute"	"libmpdec"	"4.0.0"	"hb03c661_1"	"conda-forge"
"chromimpute"	"libnghttp2"	"1.68.1"	"h877daf1_0"	"conda-forge"
"chromimpute"	"libntlm"	"1.8"	"hb9d3cd8_0"	"conda-forge"
"chromimpute"	"libopenblas"	"0.3.33"	"pthreads_h94d23a6_0"	"conda-forge"
"chromimpute"	"libopengl"	"1.7.0"	"ha4b6fd6_3"	"conda-forge"
"chromimpute"	"libopenssl-static"	"3.6.3"	"hb03c661_0"	"conda-forge"
"chromimpute"	"libpciaccess"	"0.19"	"hb03c661_0"	"conda-forge"
"chromimpute"	"libpng"	"1.6.58"	"h421ea60_0"	"conda-forge"
"chromimpute"	"libpq"	"18.4"	"hd5a49e9_1"	"conda-forge"
"chromimpute"	"libpsl"	"0.22.0"	"hd9031aa_0"	"conda-forge"
"chromimpute"	"libsqlite"	"3.53.4"	"hf4e2dac_0"	"conda-forge"
"chromimpute"	"libssh2"	"1.11.1"	"hcf80075_0"	"conda-forge"
"chromimpute"	"libstdcxx"	"15.2.0"	"h934c35e_19"	"conda-forge"
"chromimpute"	"libstdcxx-ng"	"15.2.0"	"hdf11a46_19"	"conda-forge"
"chromimpute"	"libtiff"	"4.7.2"	"h9d88235_0"	"conda-forge"
"chromimpute"	"libunistring"	"0.9.10"	"h7f98852_0"	"conda-forge"
"chromimpute"	"libuuid"	"2.42.2"	"h5347b49_0"	"conda-forge"
"chromimpute"	"libvulkan-loader"	"1.4.357.0"	"h5279c79_0"	"conda-forge"
"chromimpute"	"libwebp-base"	"1.6.0"	"hd42ef1d_0"	"conda-forge"
"chromimpute"	"libxcb"	"1.17.0"	"h8a09558_0"	"conda-forge"
"chromimpute"	"libxcrypt"	"4.4.36"	"hd590300_1"	"conda-forge"
"chromimpute"	"libxkbcommon"	"1.13.2"	"hca5e8e5_0"	"conda-forge"
"chromimpute"	"libxml2"	"2.15.3"	"h49c6c72_0"	"conda-forge"
"chromimpute"	"libxml2-16"	"2.15.3"	"hca6bf5a_0"	"conda-forge"
"chromimpute"	"libxslt"	"1.1.43"	"h711ed8c_1"	"conda-forge"
"chromimpute"	"libzlib"	"1.3.2"	"h25fd6f3_2"	"conda-forge"
"chromimpute"	"matplotlib"	"3.10.9"	"py314hdafbbf9_0"	"conda-forge"
"chromimpute"	"matplotlib-base"	"3.10.9"	"py314h1194b4b_0"	"conda-forge"
"chromimpute"	"munkres"	"1.1.4"	"pyhd8ed1ab_1"	"conda-forge"
"chromimpute"	"mysql-connector-c"	"6.1.11"	"h659d440_1008"	"conda-forge"
"chromimpute"	"ncurses"	"6.6"	"hdb14827_0"	"conda-forge"
"chromimpute"	"numpy"	"2.5.1"	"py314h2b28147_0"	"conda-forge"
"chromimpute"	"openjdk"	"8.0.472"	"h4d9bdce_0"	"conda-forge"
"chromimpute"	"openjpeg"	"2.5.4"	"h55fea9a_0"	"conda-forge"
"chromimpute"	"openldap"	"2.6.13"	"hbde042b_0"	"conda-forge"
"chromimpute"	"openssl"	"3.6.3"	"h35e630c_0"	"conda-forge"
"chromimpute"	"packaging"	"26.2"	"pyhc364b38_0"	"conda-forge"
"chromimpute"	"pandas"	"3.0.5"	"py314hb4ffadd_1"	"conda-forge"
"chromimpute"	"parallel"	"20260622"	"ha770c72_0"	"conda-forge"
"chromimpute"	"pcre2"	"10.47"	"haa7fec5_0"	"conda-forge"
"chromimpute"	"perl"	"5.32.1"	"7_hd590300_perl5"	"conda-forge"
"chromimpute"	"pigz"	"2.8"	"h421ea60_2"	"conda-forge"
"chromimpute"	"pillow"	"12.3.0"	"py314h8ec4b1a_0"	"conda-forge"
"chromimpute"	"pip"	"26.2"	"pyh145f28c_0"	"conda-forge"
"chromimpute"	"pixman"	"0.46.4"	"h54a6638_2"	"conda-forge"
"chromimpute"	"pthread-stubs"	"0.4"	"hb9d3cd8_1002"	"conda-forge"
"chromimpute"	"pyparsing"	"3.3.2"	"pyhcf101f3_0"	"conda-forge"
"chromimpute"	"pyside6"	"6.11.1"	"py314h3987850_1"	"conda-forge"
"chromimpute"	"python"	"3.14.6"	"habeac84_101_cp314"	"conda-forge"
"chromimpute"	"python-dateutil"	"2.9.0.post0"	"pyhe01879c_2"	"conda-forge"
"chromimpute"	"python_abi"	"3.14"	"8_cp314"	"conda-forge"
"chromimpute"	"qhull"	"2020.2"	"h434a139_5"	"conda-forge"
"chromimpute"	"qt6-main"	"6.11.1"	"pl5321h16c4a6b_1"	"conda-forge"
"chromimpute"	"readline"	"8.3"	"h853b02a_0"	"conda-forge"
"chromimpute"	"scipy"	"1.18.0"	"py314hf07bd8e_0"	"conda-forge"
"chromimpute"	"six"	"1.17.0"	"pyhe01879c_1"	"conda-forge"
"chromimpute"	"tk"	"8.6.13"	"noxft_hd70dff1_3"	"conda-forge"
"chromimpute"	"tornado"	"6.5.7"	"py314h5bd0f2a_0"	"conda-forge"
"chromimpute"	"tzdata"	"2026c"	"h151e31d_0"	"conda-forge"
"chromimpute"	"ucsc-bedgraphtobigwig"	"482"	"hdc0a859_0"	"bioconda"
"chromimpute"	"ucsc-bigwigaverageoverbed"	"482"	"h0b57e2e_0"	"bioconda"
"chromimpute"	"ucsc-bigwiginfo"	"482"	"h0b57e2e_0"	"bioconda"
"chromimpute"	"ucsc-bigwigtobedgraph"	"482"	"h0b57e2e_0"	"bioconda"
"chromimpute"	"ucsc-wigtobigwig"	"482"	"hdc0a859_1"	"bioconda"
"chromimpute"	"unicodedata2"	"17.0.1"	"py314h5bd0f2a_0"	"conda-forge"
"chromimpute"	"unzip"	"6.0"	"hb03c661_4"	"conda-forge"
"chromimpute"	"wayland"	"1.26.0"	"hd6090a7_0"	"conda-forge"
"chromimpute"	"wget"	"1.25.0"	"h653f8fd_1"	"conda-forge"
"chromimpute"	"xcb-util"	"0.4.1"	"h4f16b4b_2"	"conda-forge"
"chromimpute"	"xcb-util-cursor"	"0.1.6"	"hb03c661_0"	"conda-forge"
"chromimpute"	"xcb-util-image"	"0.4.0"	"hb711507_2"	"conda-forge"
"chromimpute"	"xcb-util-keysyms"	"0.4.1"	"hb711507_0"	"conda-forge"
"chromimpute"	"xcb-util-renderutil"	"0.3.10"	"hb711507_0"	"conda-forge"
"chromimpute"	"xcb-util-wm"	"0.4.2"	"hb711507_0"	"conda-forge"
"chromimpute"	"xkeyboard-config"	"2.48"	"h280c20c_0"	"conda-forge"
"chromimpute"	"xorg-libice"	"1.1.2"	"hb9d3cd8_0"	"conda-forge"
"chromimpute"	"xorg-libsm"	"1.2.6"	"he73a12e_0"	"conda-forge"
"chromimpute"	"xorg-libx11"	"1.8.13"	"he1eb515_0"	"conda-forge"
"chromimpute"	"xorg-libxau"	"1.0.12"	"hb03c661_1"	"conda-forge"
"chromimpute"	"xorg-libxcomposite"	"0.4.7"	"hb03c661_0"	"conda-forge"
"chromimpute"	"xorg-libxcursor"	"1.2.3"	"hb9d3cd8_0"	"conda-forge"
"chromimpute"	"xorg-libxdamage"	"1.1.6"	"hb9d3cd8_0"	"conda-forge"
"chromimpute"	"xorg-libxdmcp"	"1.1.5"	"hb03c661_1"	"conda-forge"
"chromimpute"	"xorg-libxext"	"1.3.7"	"hb03c661_0"	"conda-forge"
"chromimpute"	"xorg-libxfixes"	"6.0.2"	"hb03c661_0"	"conda-forge"
"chromimpute"	"xorg-libxi"	"1.8.3"	"hb03c661_0"	"conda-forge"
"chromimpute"	"xorg-libxrandr"	"1.5.5"	"hb03c661_0"	"conda-forge"
"chromimpute"	"xorg-libxrender"	"0.9.12"	"hb9d3cd8_0"	"conda-forge"
"chromimpute"	"xorg-libxtst"	"1.2.5"	"hb9d3cd8_3"	"conda-forge"
"chromimpute"	"xorg-libxxf86vm"	"1.1.7"	"hb03c661_0"	"conda-forge"
"chromimpute"	"xorg-xorgproto"	"2025.1"	"hb03c661_0"	"conda-forge"
"chromimpute"	"zlib"	"1.3.2"	"h25fd6f3_2"	"conda-forge"
"chromimpute"	"zlib-ng"	"2.3.3"	"hceb46e0_1"	"conda-forge"
"chromimpute"	"zstd"	"1.5.7"	"hb78ec9c_6"	"conda-forge"
"encode_wgbs"	"_libgcc_mutex"	"0.1"	"conda_forge"	"conda-forge"
"encode_wgbs"	"_openmp_mutex"	"4.5"	"2_gnu"	"conda-forge"
"encode_wgbs"	"bzip2"	"1.0.8"	"hda65f42_8"	"conda-forge"
"encode_wgbs"	"ca-certificates"	"2026.1.4"	"hbd8a1cb_0"	"conda-forge"
"encode_wgbs"	"icu"	"78.2"	"h33c6efd_0"	"conda-forge"
"encode_wgbs"	"ld_impl_linux-64"	"2.45.1"	"default_hbd61a6d_101"	"conda-forge"
"encode_wgbs"	"libexpat"	"2.7.3"	"hecca717_0"	"conda-forge"
"encode_wgbs"	"libffi"	"3.5.2"	"h3435931_0"	"conda-forge"
"encode_wgbs"	"libgcc"	"15.2.0"	"he0feb66_17"	"conda-forge"
"encode_wgbs"	"libgcc-ng"	"15.2.0"	"h69a702a_17"	"conda-forge"
"encode_wgbs"	"libgomp"	"15.2.0"	"he0feb66_17"	"conda-forge"
"encode_wgbs"	"liblzma"	"5.8.2"	"hb03c661_0"	"conda-forge"
"encode_wgbs"	"libnsl"	"2.0.1"	"hb9d3cd8_1"	"conda-forge"
"encode_wgbs"	"libsqlite"	"3.51.2"	"hf4e2dac_0"	"conda-forge"
"encode_wgbs"	"libstdcxx"	"15.2.0"	"h934c35e_17"	"conda-forge"
"encode_wgbs"	"libuuid"	"2.41.3"	"h5347b49_0"	"conda-forge"
"encode_wgbs"	"libxcrypt"	"4.4.36"	"hd590300_1"	"conda-forge"
"encode_wgbs"	"libzlib"	"1.3.1"	"hb9d3cd8_2"	"conda-forge"
"encode_wgbs"	"ncurses"	"6.5"	"h2d0b736_3"	"conda-forge"
"encode_wgbs"	"openssl"	"3.6.1"	"h35e630c_1"	"conda-forge"
"encode_wgbs"	"packaging"	"26.0"	"pyhcf101f3_0"	"conda-forge"
"encode_wgbs"	"pip"	"26.0.1"	"pyh8b19718_0"	"conda-forge"
"encode_wgbs"	"python"	"3.10.19"	"h3c07f61_3_cpython"	"conda-forge"
"encode_wgbs"	"readline"	"8.3"	"h853b02a_0"	"conda-forge"
"encode_wgbs"	"setuptools"	"80.10.2"	"pyh332efcf_0"	"conda-forge"
"encode_wgbs"	"tk"	"8.6.13"	"noxft_h366c992_103"	"conda-forge"
"encode_wgbs"	"tzdata"	"2025c"	"hc9c84f9_1"	"conda-forge"
"encode_wgbs"	"wheel"	"0.46.3"	"pyhd8ed1ab_0"	"conda-forge"
"encode_wgbs"	"zstd"	"1.5.7"	"hb78ec9c_6"	"conda-forge"
"footprint"	"_libgcc_mutex"	"0.1"	"conda_forge"	"conda-forge"
"footprint"	"_openmp_mutex"	"4.5"	"2_gnu"	"conda-forge"
"footprint"	"adjusttext"	"1.3.0"	"pyhd8ed1ab_0"	"conda-forge"
"footprint"	"adwaita-icon-theme"	"49.0"	"unix_0"	"conda-forge"
"footprint"	"alsa-lib"	"1.2.15.3"	"hb03c661_0"	"conda-forge"
"footprint"	"anyio"	"4.12.0"	"pyhcf101f3_0"	"conda-forge"
"footprint"	"aom"	"3.9.1"	"hac33072_0"	"conda-forge"
"footprint"	"at-spi2-atk"	"2.38.0"	"h0630a04_3"	"conda-forge"
"footprint"	"at-spi2-core"	"2.40.3"	"h0630a04_0"	"conda-forge"
"footprint"	"atk-1.0"	"2.38.0"	"h04ea711_2"	"conda-forge"
"footprint"	"backports"	"1.0"	"pyhd8ed1ab_5"	"conda-forge"
"footprint"	"backports.tarfile"	"1.2.0"	"pyhd8ed1ab_1"	"conda-forge"
"footprint"	"backports.zstd"	"1.2.0"	"py312h90b7ffd_0"	"conda-forge"
"footprint"	"bedtools"	"2.31.1"	"h13024bc_3"	"bioconda"
"footprint"	"biopython"	"1.86"	"py312h4c3975b_0"	"conda-forge"
"footprint"	"boto3"	"1.42.6"	"pyhd8ed1ab_0"	"conda-forge"
"footprint"	"botocore"	"1.42.6"	"pyhd8ed1ab_0"	"conda-forge"
"footprint"	"brotli"	"1.2.0"	"hed03a55_1"	"conda-forge"
"footprint"	"brotli-bin"	"1.2.0"	"hb03c661_1"	"conda-forge"
"footprint"	"brotli-python"	"1.2.0"	"py312hdb49522_1"	"conda-forge"
"footprint"	"bzip2"	"1.0.8"	"hda65f42_8"	"conda-forge"
"footprint"	"c-ares"	"1.34.6"	"hb03c661_0"	"conda-forge"
"footprint"	"ca-certificates"	"2026.1.4"	"hbd8a1cb_0"	"conda-forge"
"footprint"	"cached-property"	"1.5.2"	"hd8ed1ab_1"	"conda-forge"
"footprint"	"cached_property"	"1.5.2"	"pyha770c72_1"	"conda-forge"
"footprint"	"cairo"	"1.18.4"	"h3394656_0"	"conda-forge"
"footprint"	"certifi"	"2026.1.4"	"pyhd8ed1ab_0"	"conda-forge"
"footprint"	"cffi"	"2.0.0"	"py312h460c074_1"	"conda-forge"
"footprint"	"charset-normalizer"	"3.4.4"	"pyhd8ed1ab_0"	"conda-forge"
"footprint"	"click"	"8.3.1"	"pyh8f84b5b_1"	"conda-forge"
"footprint"	"configs"	"3.0.3"	"py_0"	"conda-forge"
"footprint"	"contourpy"	"1.3.3"	"py312hd9148b4_3"	"conda-forge"
"footprint"	"cryptography"	"46.0.3"	"py312ha4b625e_1"	"conda-forge"
"footprint"	"cycler"	"0.12.1"	"pyhcf101f3_2"	"conda-forge"
"footprint"	"cyrus-sasl"	"2.1.28"	"hd9c7081_0"	"conda-forge"
"footprint"	"dataclasses"	"0.8"	"pyhc8e2a94_3"	"conda-forge"
"footprint"	"dav1d"	"1.2.1"	"hd590300_0"	"conda-forge"
"footprint"	"dbus"	"1.16.2"	"h24cb091_1"	"conda-forge"
"footprint"	"distlib"	"0.4.0"	"pyhd8ed1ab_0"	"conda-forge"
"footprint"	"double-conversion"	"3.4.0"	"hecca717_0"	"conda-forge"
"footprint"	"editables"	"0.5"	"pyhd8ed1ab_1"	"conda-forge"
"footprint"	"epoxy"	"1.5.10"	"hb03c661_2"	"conda-forge"
"footprint"	"exceptiongroup"	"1.3.1"	"pyhd8ed1ab_0"	"conda-forge"
"footprint"	"fftw"	"3.3.10"	"nompi_h3b011a4_111"	"conda-forge"
"footprint"	"filelock"	"3.20.0"	"pyhd8ed1ab_0"	"conda-forge"
"footprint"	"font-ttf-dejavu-sans-mono"	"2.37"	"hab24e00_0"	"conda-forge"
"footprint"	"font-ttf-inconsolata"	"3.000"	"h77eed37_0"	"conda-forge"
"footprint"	"font-ttf-source-code-pro"	"2.038"	"h77eed37_0"	"conda-forge"
"footprint"	"font-ttf-ubuntu"	"0.83"	"h77eed37_3"	"conda-forge"
"footprint"	"fontconfig"	"2.15.0"	"h7e30c49_1"	"conda-forge"
"footprint"	"fonts-conda-ecosystem"	"1"	"0"	"conda-forge"
"footprint"	"fonts-conda-forge"	"1"	"hc364b38_1"	"conda-forge"
"footprint"	"fonttools"	"4.61.0"	"py312h8a5da7c_0"	"conda-forge"
"footprint"	"freetype"	"2.14.1"	"ha770c72_0"	"conda-forge"
"footprint"	"freetype-py"	"2.3.0"	"pyhd8ed1ab_0"	"conda-forge"
"footprint"	"fribidi"	"1.0.16"	"hb03c661_0"	"conda-forge"
"footprint"	"gdk-pixbuf"	"2.44.4"	"h2b0a6b4_0"	"conda-forge"
"footprint"	"ghostscript"	"10.06.0"	"hecca717_0"	"conda-forge"
"footprint"	"giflib"	"5.2.2"	"hd590300_0"	"conda-forge"
"footprint"	"glib-tools"	"2.86.3"	"hf516916_0"	"conda-forge"
"footprint"	"graphite2"	"1.3.14"	"hecca717_2"	"conda-forge"
"footprint"	"graphviz"	"14.1.0"	"h8b86629_0"	"conda-forge"
"footprint"	"gtk3"	"3.24.43"	"h993cebd_6"	"conda-forge"
"footprint"	"gts"	"0.7.6"	"h977cf35_4"	"conda-forge"
"footprint"	"h11"	"0.16.0"	"pyhd8ed1ab_0"	"conda-forge"
"footprint"	"h2"	"4.3.0"	"pyhcf101f3_0"	"conda-forge"
"footprint"	"h5py"	"3.15.1"	"nompi_py312ha4f8f14_101"	"conda-forge"
"footprint"	"harfbuzz"	"12.2.0"	"h15599e2_0"	"conda-forge"
"footprint"	"hatch"	"1.16.2"	"pyhcf101f3_0"	"conda-forge"
"footprint"	"hatchling"	"1.27.0"	"pypyhd8ed1ab_0"	"conda-forge"
"footprint"	"hdf5"	"1.14.6"	"nompi_h1b119a7_104"	"conda-forge"
"footprint"	"hdf5plugin"	"6.0.0"	"pypi_0"	"pypi"
"footprint"	"hicolor-icon-theme"	"0.17"	"ha770c72_2"	"conda-forge"
"footprint"	"hpack"	"4.1.0"	"pyhd8ed1ab_0"	"conda-forge"
"footprint"	"httpcore"	"1.0.9"	"pyh29332c3_0"	"conda-forge"
"footprint"	"httpx"	"0.28.1"	"pyhd8ed1ab_0"	"conda-forge"
"footprint"	"hyperframe"	"6.1.0"	"pyhd8ed1ab_0"	"conda-forge"
"footprint"	"hyperlink"	"21.0.0"	"pyh29332c3_1"	"conda-forge"
"footprint"	"icu"	"75.1"	"he02047a_0"	"conda-forge"
"footprint"	"idna"	"3.11"	"pyhd8ed1ab_0"	"conda-forge"
"footprint"	"imagemagick"	"7.1.2_10"	"imagemagick_hf4cd0b3_0"	"conda-forge"
"footprint"	"importlib-metadata"	"8.7.0"	"pyhe01879c_1"	"conda-forge"
"footprint"	"importlib_resources"	"6.5.2"	"pyhd8ed1ab_0"	"conda-forge"
"footprint"	"jaraco.classes"	"3.4.0"	"pyhd8ed1ab_2"	"conda-forge"
"footprint"	"jaraco.context"	"6.0.1"	"pyhd8ed1ab_0"	"conda-forge"
"footprint"	"jaraco.functools"	"4.3.0"	"pyhd8ed1ab_0"	"conda-forge"
"footprint"	"jbig"	"2.1"	"h7f98852_2003"	"conda-forge"
"footprint"	"jeepney"	"0.9.0"	"pyhd8ed1ab_0"	"conda-forge"
"footprint"	"jmespath"	"1.0.1"	"pyhd8ed1ab_1"	"conda-forge"
"footprint"	"joblib"	"1.5.2"	"pyhd8ed1ab_0"	"conda-forge"
"footprint"	"keyring"	"25.7.0"	"pyha804496_0"	"conda-forge"
"footprint"	"keyutils"	"1.6.3"	"hb9d3cd8_0"	"conda-forge"
"footprint"	"kiwisolver"	"1.4.9"	"py312h0a2e395_2"	"conda-forge"
"footprint"	"kneed"	"0.8.5"	"pyhd8ed1ab_1"	"conda-forge"
"footprint"	"krb5"	"1.21.3"	"h659f571_0"	"conda-forge"
"footprint"	"lcms2"	"2.17"	"h717163a_0"	"conda-forge"
"footprint"	"ld_impl_linux-64"	"2.45"	"default_hbd61a6d_104"	"conda-forge"
"footprint"	"lerc"	"4.0.0"	"h0aef613_1"	"conda-forge"
"footprint"	"libaec"	"1.1.4"	"h3f801dc_0"	"conda-forge"
"footprint"	"libavif16"	"1.3.0"	"h6395336_2"	"conda-forge"
"footprint"	"libblas"	"3.11.0"	"4_h4a7cf45_openblas"	"conda-forge"
"footprint"	"libbrotlicommon"	"1.2.0"	"hb03c661_1"	"conda-forge"
"footprint"	"libbrotlidec"	"1.2.0"	"hb03c661_1"	"conda-forge"
"footprint"	"libbrotlienc"	"1.2.0"	"hb03c661_1"	"conda-forge"
"footprint"	"libcblas"	"3.11.0"	"4_h0358290_openblas"	"conda-forge"
"footprint"	"libclang-cpp21.1"	"21.1.8"	"default_h99862b1_1"	"conda-forge"
"footprint"	"libclang13"	"21.1.8"	"default_h746c552_1"	"conda-forge"
"footprint"	"libcups"	"2.3.3"	"hb8b1518_5"	"conda-forge"
"footprint"	"libcurl"	"8.17.0"	"h4e3cde8_1"	"conda-forge"
"footprint"	"libde265"	"1.0.15"	"h00ab1b0_0"	"conda-forge"
"footprint"	"libdeflate"	"1.25"	"h17f619e_0"	"conda-forge"
"footprint"	"libdrm"	"2.4.125"	"hb03c661_1"	"conda-forge"
"footprint"	"libedit"	"3.1.20250104"	"pl5321h7949ede_0"	"conda-forge"
"footprint"	"libegl"	"1.7.0"	"ha4b6fd6_2"	"conda-forge"
"footprint"	"libegl-devel"	"1.7.0"	"ha4b6fd6_2"	"conda-forge"
"footprint"	"libev"	"4.33"	"hd590300_2"	"conda-forge"
"footprint"	"libexpat"	"2.7.3"	"hecca717_0"	"conda-forge"
"footprint"	"libffi"	"3.5.2"	"h9ec8514_0"	"conda-forge"
"footprint"	"libfreetype"	"2.14.1"	"ha770c72_0"	"conda-forge"
"footprint"	"libfreetype6"	"2.14.1"	"h73754d4_0"	"conda-forge"
"footprint"	"libgcc"	"15.2.0"	"he0feb66_16"	"conda-forge"
"footprint"	"libgcc-ng"	"15.2.0"	"h69a702a_16"	"conda-forge"
"footprint"	"libgd"	"2.3.3"	"h6f5c62b_11"	"conda-forge"
"footprint"	"libgfortran"	"15.2.0"	"h69a702a_16"	"conda-forge"
"footprint"	"libgfortran5"	"15.2.0"	"h68bc16d_16"	"conda-forge"
"footprint"	"libgl"	"1.7.0"	"ha4b6fd6_2"	"conda-forge"
"footprint"	"libgl-devel"	"1.7.0"	"ha4b6fd6_2"	"conda-forge"
"footprint"	"libglib"	"2.86.3"	"h6548e54_0"	"conda-forge"
"footprint"	"libglvnd"	"1.7.0"	"ha4b6fd6_2"	"conda-forge"
"footprint"	"libglx"	"1.7.0"	"ha4b6fd6_2"	"conda-forge"
"footprint"	"libglx-devel"	"1.7.0"	"ha4b6fd6_2"	"conda-forge"
"footprint"	"libgomp"	"15.2.0"	"he0feb66_16"	"conda-forge"
"footprint"	"libheif"	"1.19.7"	"gpl_hc18d805_100"	"conda-forge"
"footprint"	"libiconv"	"1.18"	"h3b78370_2"	"conda-forge"
"footprint"	"libjpeg-turbo"	"3.1.2"	"hb03c661_0"	"conda-forge"
"footprint"	"liblapack"	"3.11.0"	"4_h47877c9_openblas"	"conda-forge"
"footprint"	"libllvm21"	"21.1.8"	"hf7376ad_0"	"conda-forge"
"footprint"	"liblzma"	"5.8.1"	"hb9d3cd8_2"	"conda-forge"
"footprint"	"liblzma-devel"	"5.8.1"	"hb9d3cd8_2"	"conda-forge"
"footprint"	"libnghttp2"	"1.67.0"	"had1ee68_0"	"conda-forge"
"footprint"	"libnsl"	"2.0.1"	"hb9d3cd8_1"	"conda-forge"
"footprint"	"libntlm"	"1.8"	"hb9d3cd8_0"	"conda-forge"
"footprint"	"libopenblas"	"0.3.30"	"pthreads_h94d23a6_4"	"conda-forge"
"footprint"	"libopengl"	"1.7.0"	"ha4b6fd6_2"	"conda-forge"
"footprint"	"libpciaccess"	"0.18"	"hb9d3cd8_0"	"conda-forge"
"footprint"	"libpng"	"1.6.53"	"h421ea60_0"	"conda-forge"
"footprint"	"libpq"	"18.1"	"h5c52fec_2"	"conda-forge"
"footprint"	"librsvg"	"2.60.0"	"h61e6d4b_0"	"conda-forge"
"footprint"	"libsqlite"	"3.51.1"	"h0c1763c_0"	"conda-forge"
"footprint"	"libssh2"	"1.11.1"	"hcf80075_0"	"conda-forge"
"footprint"	"libstdcxx"	"15.2.0"	"h934c35e_16"	"conda-forge"
"footprint"	"libstdcxx-ng"	"15.2.0"	"hdf11a46_16"	"conda-forge"
"footprint"	"libtiff"	"4.7.1"	"h9d88235_1"	"conda-forge"
"footprint"	"libuuid"	"2.41.2"	"h5347b49_1"	"conda-forge"
"footprint"	"libvulkan-loader"	"1.4.328.1"	"h5279c79_0"	"conda-forge"
"footprint"	"libwebp"	"1.6.0"	"h9635ea4_0"	"conda-forge"
"footprint"	"libwebp-base"	"1.6.0"	"hd42ef1d_0"	"conda-forge"
"footprint"	"libxcb"	"1.17.0"	"h8a09558_0"	"conda-forge"
"footprint"	"libxcrypt"	"4.4.36"	"hd590300_1"	"conda-forge"
"footprint"	"libxgboost"	"3.1.2"	"cpu_h2ebb00f_2"	"conda-forge"
"footprint"	"libxkbcommon"	"1.13.1"	"hca5e8e5_0"	"conda-forge"
"footprint"	"libxml2"	"2.15.1"	"h26afc86_0"	"conda-forge"
"footprint"	"libxml2-16"	"2.15.1"	"ha9997c6_0"	"conda-forge"
"footprint"	"libxml2-devel"	"2.15.1"	"h26afc86_0"	"conda-forge"
"footprint"	"libxslt"	"1.1.43"	"h711ed8c_1"	"conda-forge"
"footprint"	"libzlib"	"1.3.1"	"hb9d3cd8_2"	"conda-forge"
"footprint"	"logomaker"	"0.8.6"	"pyhd8ed1ab_0"	"conda-forge"
"footprint"	"lz4-c"	"1.9.4"	"hcb278e6_0"	"conda-forge"
"footprint"	"markdown-it-py"	"4.0.0"	"pyhd8ed1ab_0"	"conda-forge"
"footprint"	"matplotlib"	"3.10.8"	"py312h7900ff3_0"	"conda-forge"
"footprint"	"matplotlib-base"	"3.10.8"	"py312he3d6523_0"	"conda-forge"
"footprint"	"mdurl"	"0.1.2"	"pyhd8ed1ab_1"	"conda-forge"
"footprint"	"moods"	"1.9.4.2"	"py312hf731ba3_3"	"bioconda"
"footprint"	"moods-python"	"1.9.4.1"	"pypi_0"	"pypi"
"footprint"	"more-itertools"	"10.8.0"	"pyhcf101f3_1"	"conda-forge"
"footprint"	"munkres"	"1.1.4"	"pyhd8ed1ab_1"	"conda-forge"
"footprint"	"ncurses"	"6.5"	"h2d0b736_3"	"conda-forge"
"footprint"	"numpy"	"1.26.4"	"py312heda63a1_0"	"conda-forge"
"footprint"	"openjpeg"	"2.5.4"	"h55fea9a_0"	"conda-forge"
"footprint"	"openldap"	"2.6.10"	"he970967_0"	"conda-forge"
"footprint"	"openssl"	"3.6.1"	"h35e630c_1"	"conda-forge"
"footprint"	"packaging"	"25.0"	"pyh29332c3_1"	"conda-forge"
"footprint"	"pandas"	"2.3.3"	"py312hf79963d_1"	"conda-forge"
"footprint"	"pango"	"1.56.4"	"hadf4263_0"	"conda-forge"
"footprint"	"pathspec"	"0.12.1"	"pyhd8ed1ab_1"	"conda-forge"
"footprint"	"patsy"	"1.0.2"	"pypi_0"	"pypi"
"footprint"	"pcre2"	"10.47"	"haa7fec5_0"	"conda-forge"
"footprint"	"pexpect"	"4.9.0"	"pyhd8ed1ab_1"	"conda-forge"
"footprint"	"pillow"	"12.0.0"	"py312h50c33e8_2"	"conda-forge"
"footprint"	"pip"	"25.3"	"pyh8b19718_0"	"conda-forge"
"footprint"	"pixman"	"0.46.4"	"h54a6638_1"	"conda-forge"
"footprint"	"pkg-config"	"0.29.2"	"h4bc722e_1009"	"conda-forge"
"footprint"	"platformdirs"	"4.5.1"	"pyhcf101f3_0"	"conda-forge"
"footprint"	"pluggy"	"1.6.0"	"pyhf9edf01_1"	"conda-forge"
"footprint"	"pthread-stubs"	"0.4"	"hb9d3cd8_1002"	"conda-forge"
"footprint"	"ptyprocess"	"0.7.0"	"pyhd8ed1ab_1"	"conda-forge"
"footprint"	"py-xgboost"	"3.1.2"	"cpu_pyh718b53a_2"	"conda-forge"
"footprint"	"pybedtools"	"0.12.0"	"py312h5e9d817_0"	"bioconda"
"footprint"	"pybigwig"	"0.3.22"	"py312h743a563_4"	"bioconda"
"footprint"	"pycairo"	"1.29.0"	"py312h2596900_0"	"conda-forge"
"footprint"	"pycparser"	"2.22"	"pyh29332c3_1"	"conda-forge"
"footprint"	"pyfaidx"	"0.9.0.3"	"pypi_0"	"pypi"
"footprint"	"pygments"	"2.19.2"	"pyhd8ed1ab_0"	"conda-forge"
"footprint"	"pyparsing"	"3.2.5"	"pyhcf101f3_0"	"conda-forge"
"footprint"	"pypdf2"	"2.12.1"	"pypi_0"	"pypi"
"footprint"	"pyproject_hooks"	"1.2.0"	"pyhd8ed1ab_1"	"conda-forge"
"footprint"	"pysam"	"0.23.3"	"py312h47d5410_1"	"bioconda"
"footprint"	"pyside6"	"6.10.1"	"py312h9da60e5_0"	"conda-forge"
"footprint"	"pysocks"	"1.7.1"	"pyha55dd90_7"	"conda-forge"
"footprint"	"python"	"3.12.12"	"hd63d673_1_cpython"	"conda-forge"
"footprint"	"python-dateutil"	"2.9.0.post0"	"pyhe01879c_2"	"conda-forge"
"footprint"	"python-tzdata"	"2025.2"	"pyhd8ed1ab_0"	"conda-forge"
"footprint"	"python_abi"	"3.12"	"8_cp312"	"conda-forge"
"footprint"	"pytz"	"2025.2"	"pyhd8ed1ab_0"	"conda-forge"
"footprint"	"pyyaml"	"6.0.3"	"py312h8a5da7c_0"	"conda-forge"
"footprint"	"qhull"	"2020.2"	"h434a139_5"	"conda-forge"
"footprint"	"qt6-main"	"6.10.1"	"h6f76662_3"	"conda-forge"
"footprint"	"rav1e"	"0.7.1"	"h8fae777_3"	"conda-forge"
"footprint"	"readline"	"8.2"	"h8c095d6_2"	"conda-forge"
"footprint"	"reportlab"	"4.4.6"	"py312h4c3975b_0"	"conda-forge"
"footprint"	"rich"	"14.2.0"	"pyhcf101f3_0"	"conda-forge"
"footprint"	"rlpycairo"	"0.4.0"	"pyh6c17108_0"	"conda-forge"
"footprint"	"s3transfer"	"0.16.0"	"pyhd8ed1ab_0"	"conda-forge"
"footprint"	"sambamba"	"1.0.1"	"he614052_4"	"bioconda"
"footprint"	"scikit-learn"	"1.8.0"	"py312h4f0b9e3_0"	"conda-forge"
"footprint"	"scipy"	"1.16.3"	"py312h7a1785b_1"	"conda-forge"
"footprint"	"seaborn-base"	"0.13.2"	"pyhd8ed1ab_3"	"conda-forge"
"footprint"	"secretstorage"	"3.4.1"	"py312h7900ff3_0"	"conda-forge"
"footprint"	"setuptools"	"80.9.0"	"pyhff2d567_0"	"conda-forge"
"footprint"	"shellingham"	"1.5.4"	"pyhd8ed1ab_2"	"conda-forge"
"footprint"	"six"	"1.17.0"	"pyhe01879c_1"	"conda-forge"
"footprint"	"sniffio"	"1.3.1"	"pyhd8ed1ab_2"	"conda-forge"
"footprint"	"statsmodels"	"0.14.6"	"pypi_0"	"pypi"
"footprint"	"svist4get"	"1.3.1.1"	"pyhdfd78af_0"	"bioconda"
"footprint"	"svt-av1"	"3.1.2"	"hecca717_0"	"conda-forge"
"footprint"	"threadpoolctl"	"3.6.0"	"pyhecae5ae_0"	"conda-forge"
"footprint"	"tk"	"8.6.13"	"noxft_ha0e22de_103"	"conda-forge"
"footprint"	"tobias"	"0.17.3"	"py312hc9302aa_0"	"bioconda"
"footprint"	"tomli"	"2.3.0"	"pyhcf101f3_0"	"conda-forge"
"footprint"	"tomli-w"	"1.2.0"	"pyhd8ed1ab_0"	"conda-forge"
"footprint"	"tomlkit"	"0.13.3"	"pyha770c72_0"	"conda-forge"
"footprint"	"tornado"	"6.5.3"	"py312h4c3975b_0"	"conda-forge"
"footprint"	"trove-classifiers"	"2025.12.1.14"	"pyhd8ed1ab_0"	"conda-forge"
"footprint"	"typing_extensions"	"4.15.0"	"pyhcf101f3_0"	"conda-forge"
"footprint"	"tzdata"	"2025b"	"h78e105d_0"	"conda-forge"
"footprint"	"unicodedata2"	"17.0.0"	"py312h4c3975b_1"	"conda-forge"
"footprint"	"urllib3"	"2.6.1"	"pyhd8ed1ab_0"	"conda-forge"
"footprint"	"userpath"	"1.9.2"	"pyhd8ed1ab_0"	"conda-forge"
"footprint"	"uv"	"0.9.17"	"h76e24b7_0"	"conda-forge"
"footprint"	"virtualenv"	"20.35.4"	"pyhd8ed1ab_0"	"conda-forge"
"footprint"	"wand"	"0.6.10"	"pyhd8ed1ab_0"	"conda-forge"
"footprint"	"wayland"	"1.24.0"	"hd6090a7_1"	"conda-forge"
"footprint"	"wheel"	"0.45.1"	"pyhd8ed1ab_1"	"conda-forge"
"footprint"	"x265"	"3.5"	"h924138e_3"	"conda-forge"
"footprint"	"xcb-util"	"0.4.1"	"h4f16b4b_2"	"conda-forge"
"footprint"	"xcb-util-cursor"	"0.1.6"	"hb03c661_0"	"conda-forge"
"footprint"	"xcb-util-image"	"0.4.0"	"hb711507_2"	"conda-forge"
"footprint"	"xcb-util-keysyms"	"0.4.1"	"hb711507_0"	"conda-forge"
"footprint"	"xcb-util-renderutil"	"0.3.10"	"hb711507_0"	"conda-forge"
"footprint"	"xcb-util-wm"	"0.4.2"	"hb711507_0"	"conda-forge"
"footprint"	"xgboost"	"3.1.2"	"cpu_pyhb39878e_2"	"conda-forge"
"footprint"	"xkeyboard-config"	"2.46"	"hb03c661_0"	"conda-forge"
"footprint"	"xlsxwriter"	"3.2.9"	"pyhd8ed1ab_0"	"conda-forge"
"footprint"	"xorg-libice"	"1.1.2"	"hb9d3cd8_0"	"conda-forge"
"footprint"	"xorg-libsm"	"1.2.6"	"he73a12e_0"	"conda-forge"
"footprint"	"xorg-libx11"	"1.8.12"	"h4f16b4b_0"	"conda-forge"
"footprint"	"xorg-libxau"	"1.0.12"	"hb03c661_1"	"conda-forge"
"footprint"	"xorg-libxcomposite"	"0.4.6"	"hb9d3cd8_2"	"conda-forge"
"footprint"	"xorg-libxcursor"	"1.2.3"	"hb9d3cd8_0"	"conda-forge"
"footprint"	"xorg-libxdamage"	"1.1.6"	"hb9d3cd8_0"	"conda-forge"
"footprint"	"xorg-libxdmcp"	"1.1.5"	"hb03c661_1"	"conda-forge"
"footprint"	"xorg-libxext"	"1.3.6"	"hb9d3cd8_0"	"conda-forge"
"footprint"	"xorg-libxfixes"	"6.0.2"	"hb03c661_0"	"conda-forge"
"footprint"	"xorg-libxi"	"1.8.2"	"hb9d3cd8_0"	"conda-forge"
"footprint"	"xorg-libxinerama"	"1.1.5"	"h5888daf_1"	"conda-forge"
"footprint"	"xorg-libxrandr"	"1.5.4"	"hb9d3cd8_0"	"conda-forge"
"footprint"	"xorg-libxrender"	"0.9.12"	"hb9d3cd8_0"	"conda-forge"
"footprint"	"xorg-libxt"	"1.3.1"	"hb9d3cd8_0"	"conda-forge"
"footprint"	"xorg-libxtst"	"1.2.5"	"hb9d3cd8_3"	"conda-forge"
"footprint"	"xorg-libxxf86vm"	"1.1.6"	"hb9d3cd8_0"	"conda-forge"
"footprint"	"xorg-xorgproto"	"2024.1"	"hb9d3cd8_1"	"conda-forge"
"footprint"	"yaml"	"0.2.5"	"h280c20c_3"	"conda-forge"
"footprint"	"zipp"	"3.23.0"	"pyhcf101f3_1"	"conda-forge"
"footprint"	"zlib"	"1.3.1"	"hb9d3cd8_2"	"conda-forge"
"footprint"	"zlib-ng"	"2.3.2"	"h54a6638_0"	"conda-forge"
"footprint"	"zstd"	"1.5.7"	"hb78ec9c_6"	"conda-forge"
"fp_pdf"	"_libgcc_mutex"	"0.1"	"conda_forge"	"conda-forge"
"fp_pdf"	"_openmp_mutex"	"4.5"	"2_gnu"	"conda-forge"
"fp_pdf"	"alsa-lib"	"1.2.15.3"	"hb03c661_0"	"conda-forge"
"fp_pdf"	"blosc"	"1.21.6"	"he440d0b_1"	"conda-forge"
"fp_pdf"	"brotli"	"1.2.0"	"hed03a55_1"	"conda-forge"
"fp_pdf"	"brotli-bin"	"1.2.0"	"hb03c661_1"	"conda-forge"
"fp_pdf"	"bzip2"	"1.0.8"	"hda65f42_8"	"conda-forge"
"fp_pdf"	"c-ares"	"1.34.6"	"hb03c661_0"	"conda-forge"
"fp_pdf"	"c-blosc2"	"2.22.0"	"hc31b594_1"	"conda-forge"
"fp_pdf"	"ca-certificates"	"2026.1.4"	"hbd8a1cb_0"	"conda-forge"
"fp_pdf"	"cached-property"	"1.5.2"	"hd8ed1ab_1"	"conda-forge"
"fp_pdf"	"cached_property"	"1.5.2"	"pyha770c72_1"	"conda-forge"
"fp_pdf"	"cairo"	"1.18.4"	"he90730b_1"	"conda-forge"
"fp_pdf"	"contourpy"	"1.3.2"	"py310h3788b33_0"	"conda-forge"
"fp_pdf"	"cycler"	"0.12.1"	"pyhcf101f3_2"	"conda-forge"
"fp_pdf"	"cyrus-sasl"	"2.1.28"	"hd9c7081_0"	"conda-forge"
"fp_pdf"	"dbus"	"1.16.2"	"h24cb091_1"	"conda-forge"
"fp_pdf"	"double-conversion"	"3.4.0"	"hecca717_0"	"conda-forge"
"fp_pdf"	"font-ttf-dejavu-sans-mono"	"2.37"	"hab24e00_0"	"conda-forge"
"fp_pdf"	"font-ttf-inconsolata"	"3.000"	"h77eed37_0"	"conda-forge"
"fp_pdf"	"font-ttf-source-code-pro"	"2.038"	"h77eed37_0"	"conda-forge"
"fp_pdf"	"font-ttf-ubuntu"	"0.83"	"h77eed37_3"	"conda-forge"
"fp_pdf"	"fontconfig"	"2.15.0"	"h7e30c49_1"	"conda-forge"
"fp_pdf"	"fonts-conda-ecosystem"	"1"	"0"	"conda-forge"
"fp_pdf"	"fonts-conda-forge"	"1"	"hc364b38_1"	"conda-forge"
"fp_pdf"	"fonttools"	"4.61.1"	"py310h3406613_0"	"conda-forge"
"fp_pdf"	"freetype"	"2.14.1"	"ha770c72_0"	"conda-forge"
"fp_pdf"	"graphite2"	"1.3.14"	"hecca717_2"	"conda-forge"
"fp_pdf"	"h5py"	"3.15.1"	"nompi_py310h4aa865e_101"	"conda-forge"
"fp_pdf"	"harfbuzz"	"12.3.0"	"h6083320_0"	"conda-forge"
"fp_pdf"	"hdf5"	"1.14.6"	"nompi_h1b119a7_105"	"conda-forge"
"fp_pdf"	"hdf5plugin"	"6.0.0"	"py310h59e83ab_2"	"conda-forge"
"fp_pdf"	"icu"	"78.2"	"h33c6efd_0"	"conda-forge"
"fp_pdf"	"keyutils"	"1.6.3"	"hb9d3cd8_0"	"conda-forge"
"fp_pdf"	"kiwisolver"	"1.4.9"	"py310haaf941d_2"	"conda-forge"
"fp_pdf"	"krb5"	"1.21.3"	"h659f571_0"	"conda-forge"
"fp_pdf"	"lcms2"	"2.18"	"h0c24ade_0"	"conda-forge"
"fp_pdf"	"ld_impl_linux-64"	"2.45"	"default_hbd61a6d_105"	"conda-forge"
"fp_pdf"	"lerc"	"4.0.0"	"h0aef613_1"	"conda-forge"
"fp_pdf"	"libaec"	"1.1.4"	"h3f801dc_0"	"conda-forge"
"fp_pdf"	"libblas"	"3.11.0"	"5_h4a7cf45_openblas"	"conda-forge"
"fp_pdf"	"libbrotlicommon"	"1.2.0"	"hb03c661_1"	"conda-forge"
"fp_pdf"	"libbrotlidec"	"1.2.0"	"hb03c661_1"	"conda-forge"
"fp_pdf"	"libbrotlienc"	"1.2.0"	"hb03c661_1"	"conda-forge"
"fp_pdf"	"libcblas"	"3.11.0"	"5_h0358290_openblas"	"conda-forge"
"fp_pdf"	"libclang-cpp21.1"	"21.1.8"	"default_h99862b1_1"	"conda-forge"
"fp_pdf"	"libclang13"	"21.1.8"	"default_h746c552_1"	"conda-forge"
"fp_pdf"	"libcups"	"2.3.3"	"hb8b1518_5"	"conda-forge"
"fp_pdf"	"libcurl"	"8.18.0"	"h4e3cde8_0"	"conda-forge"
"fp_pdf"	"libdeflate"	"1.25"	"h17f619e_0"	"conda-forge"
"fp_pdf"	"libdrm"	"2.4.125"	"hb03c661_1"	"conda-forge"
"fp_pdf"	"libedit"	"3.1.20250104"	"pl5321h7949ede_0"	"conda-forge"
"fp_pdf"	"libegl"	"1.7.0"	"ha4b6fd6_2"	"conda-forge"
"fp_pdf"	"libev"	"4.33"	"hd590300_2"	"conda-forge"
"fp_pdf"	"libexpat"	"2.7.3"	"hecca717_0"	"conda-forge"
"fp_pdf"	"libffi"	"3.5.2"	"h9ec8514_0"	"conda-forge"
"fp_pdf"	"libfreetype"	"2.14.1"	"ha770c72_0"	"conda-forge"
"fp_pdf"	"libfreetype6"	"2.14.1"	"h73754d4_0"	"conda-forge"
"fp_pdf"	"libgcc"	"15.2.0"	"he0feb66_16"	"conda-forge"
"fp_pdf"	"libgcc-ng"	"15.2.0"	"h69a702a_16"	"conda-forge"
"fp_pdf"	"libgfortran"	"15.2.0"	"h69a702a_16"	"conda-forge"
"fp_pdf"	"libgfortran5"	"15.2.0"	"h68bc16d_16"	"conda-forge"
"fp_pdf"	"libgl"	"1.7.0"	"ha4b6fd6_2"	"conda-forge"
"fp_pdf"	"libglib"	"2.86.3"	"h6548e54_0"	"conda-forge"
"fp_pdf"	"libglvnd"	"1.7.0"	"ha4b6fd6_2"	"conda-forge"
"fp_pdf"	"libglx"	"1.7.0"	"ha4b6fd6_2"	"conda-forge"
"fp_pdf"	"libgomp"	"15.2.0"	"he0feb66_16"	"conda-forge"
"fp_pdf"	"libiconv"	"1.18"	"h3b78370_2"	"conda-forge"
"fp_pdf"	"libjpeg-turbo"	"3.1.2"	"hb03c661_0"	"conda-forge"
"fp_pdf"	"liblapack"	"3.11.0"	"5_h47877c9_openblas"	"conda-forge"
"fp_pdf"	"libllvm21"	"21.1.8"	"hf7376ad_0"	"conda-forge"
"fp_pdf"	"liblzma"	"5.8.2"	"hb03c661_0"	"conda-forge"
"fp_pdf"	"libnghttp2"	"1.67.0"	"had1ee68_0"	"conda-forge"
"fp_pdf"	"libnsl"	"2.0.1"	"hb9d3cd8_1"	"conda-forge"
"fp_pdf"	"libntlm"	"1.8"	"hb9d3cd8_0"	"conda-forge"
"fp_pdf"	"libopenblas"	"0.3.30"	"pthreads_h94d23a6_4"	"conda-forge"
"fp_pdf"	"libopengl"	"1.7.0"	"ha4b6fd6_2"	"conda-forge"
"fp_pdf"	"libpciaccess"	"0.18"	"hb9d3cd8_0"	"conda-forge"
"fp_pdf"	"libpng"	"1.6.54"	"h421ea60_0"	"conda-forge"
"fp_pdf"	"libpq"	"18.1"	"hb80d175_3"	"conda-forge"
"fp_pdf"	"libsqlite"	"3.51.2"	"hf4e2dac_0"	"conda-forge"
"fp_pdf"	"libssh2"	"1.11.1"	"hcf80075_0"	"conda-forge"
"fp_pdf"	"libstdcxx"	"15.2.0"	"h934c35e_16"	"conda-forge"
"fp_pdf"	"libstdcxx-ng"	"15.2.0"	"hdf11a46_16"	"conda-forge"
"fp_pdf"	"libtiff"	"4.7.1"	"h9d88235_1"	"conda-forge"
"fp_pdf"	"libuuid"	"2.41.3"	"h5347b49_0"	"conda-forge"
"fp_pdf"	"libvulkan-loader"	"1.4.328.1"	"h5279c79_0"	"conda-forge"
"fp_pdf"	"libwebp-base"	"1.6.0"	"hd42ef1d_0"	"conda-forge"
"fp_pdf"	"libxcb"	"1.17.0"	"h8a09558_0"	"conda-forge"
"fp_pdf"	"libxcrypt"	"4.4.36"	"hd590300_1"	"conda-forge"
"fp_pdf"	"libxkbcommon"	"1.13.1"	"hca5e8e5_0"	"conda-forge"
"fp_pdf"	"libxml2"	"2.15.1"	"he237659_1"	"conda-forge"
"fp_pdf"	"libxml2-16"	"2.15.1"	"hca6bf5a_1"	"conda-forge"
"fp_pdf"	"libxslt"	"1.1.43"	"h711ed8c_1"	"conda-forge"
"fp_pdf"	"libzlib"	"1.3.1"	"hb9d3cd8_2"	"conda-forge"
"fp_pdf"	"lz4-c"	"1.10.0"	"h5888daf_1"	"conda-forge"
"fp_pdf"	"matplotlib"	"3.10.8"	"py310hff52083_0"	"conda-forge"
"fp_pdf"	"matplotlib-base"	"3.10.8"	"py310hfde16b3_0"	"conda-forge"
"fp_pdf"	"munkres"	"1.1.4"	"pyhd8ed1ab_1"	"conda-forge"
"fp_pdf"	"ncurses"	"6.5"	"h2d0b736_3"	"conda-forge"
"fp_pdf"	"numpy"	"2.2.6"	"py310hefbff90_0"	"conda-forge"
"fp_pdf"	"openjpeg"	"2.5.4"	"h55fea9a_0"	"conda-forge"
"fp_pdf"	"openldap"	"2.6.10"	"he970967_0"	"conda-forge"
"fp_pdf"	"openssl"	"3.6.0"	"h26f9b46_0"	"conda-forge"
"fp_pdf"	"packaging"	"25.0"	"pyh29332c3_1"	"conda-forge"
"fp_pdf"	"pcre2"	"10.47"	"haa7fec5_0"	"conda-forge"
"fp_pdf"	"pillow"	"12.1.0"	"py310h5a73078_0"	"conda-forge"
"fp_pdf"	"pip"	"25.3"	"pyh8b19718_0"	"conda-forge"
"fp_pdf"	"pixman"	"0.46.4"	"h54a6638_1"	"conda-forge"
"fp_pdf"	"pthread-stubs"	"0.4"	"hb9d3cd8_1002"	"conda-forge"
"fp_pdf"	"pyparsing"	"3.3.1"	"pyhcf101f3_0"	"conda-forge"
"fp_pdf"	"pyside6"	"6.10.1"	"py310h2007e60_0"	"conda-forge"
"fp_pdf"	"python"	"3.10.19"	"h3c07f61_2_cpython"	"conda-forge"
"fp_pdf"	"python-dateutil"	"2.9.0.post0"	"pyhe01879c_2"	"conda-forge"
"fp_pdf"	"python_abi"	"3.10"	"8_cp310"	"conda-forge"
"fp_pdf"	"qhull"	"2020.2"	"h434a139_5"	"conda-forge"
"fp_pdf"	"qt6-main"	"6.10.1"	"hb82b983_4"	"conda-forge"
"fp_pdf"	"readline"	"8.3"	"h853b02a_0"	"conda-forge"
"fp_pdf"	"setuptools"	"80.9.0"	"pyhff2d567_0"	"conda-forge"
"fp_pdf"	"six"	"1.17.0"	"pyhe01879c_1"	"conda-forge"
"fp_pdf"	"snappy"	"1.2.2"	"h03e3b7b_1"	"conda-forge"
"fp_pdf"	"tk"	"8.6.13"	"noxft_ha0e22de_103"	"conda-forge"
"fp_pdf"	"tornado"	"6.5.3"	"py310h7c4b9e2_0"	"conda-forge"
"fp_pdf"	"tzdata"	"2025c"	"hc9c84f9_1"	"conda-forge"
"fp_pdf"	"unicodedata2"	"17.0.0"	"py310h7c4b9e2_1"	"conda-forge"
"fp_pdf"	"wayland"	"1.24.0"	"hd6090a7_1"	"conda-forge"
"fp_pdf"	"wheel"	"0.45.1"	"pyhd8ed1ab_1"	"conda-forge"
"fp_pdf"	"xcb-util"	"0.4.1"	"h4f16b4b_2"	"conda-forge"
"fp_pdf"	"xcb-util-cursor"	"0.1.6"	"hb03c661_0"	"conda-forge"
"fp_pdf"	"xcb-util-image"	"0.4.0"	"hb711507_2"	"conda-forge"
"fp_pdf"	"xcb-util-keysyms"	"0.4.1"	"hb711507_0"	"conda-forge"
"fp_pdf"	"xcb-util-renderutil"	"0.3.10"	"hb711507_0"	"conda-forge"
"fp_pdf"	"xcb-util-wm"	"0.4.2"	"hb711507_0"	"conda-forge"
"fp_pdf"	"xkeyboard-config"	"2.46"	"hb03c661_0"	"conda-forge"
"fp_pdf"	"xorg-libice"	"1.1.2"	"hb9d3cd8_0"	"conda-forge"
"fp_pdf"	"xorg-libsm"	"1.2.6"	"he73a12e_0"	"conda-forge"
"fp_pdf"	"xorg-libx11"	"1.8.12"	"h4f16b4b_0"	"conda-forge"
"fp_pdf"	"xorg-libxau"	"1.0.12"	"hb03c661_1"	"conda-forge"
"fp_pdf"	"xorg-libxcomposite"	"0.4.6"	"hb9d3cd8_2"	"conda-forge"
"fp_pdf"	"xorg-libxcursor"	"1.2.3"	"hb9d3cd8_0"	"conda-forge"
"fp_pdf"	"xorg-libxdamage"	"1.1.6"	"hb9d3cd8_0"	"conda-forge"
"fp_pdf"	"xorg-libxdmcp"	"1.1.5"	"hb03c661_1"	"conda-forge"
"fp_pdf"	"xorg-libxext"	"1.3.6"	"hb9d3cd8_0"	"conda-forge"
"fp_pdf"	"xorg-libxfixes"	"6.0.2"	"hb03c661_0"	"conda-forge"
"fp_pdf"	"xorg-libxi"	"1.8.2"	"hb9d3cd8_0"	"conda-forge"
"fp_pdf"	"xorg-libxrandr"	"1.5.4"	"hb9d3cd8_0"	"conda-forge"
"fp_pdf"	"xorg-libxrender"	"0.9.12"	"hb9d3cd8_0"	"conda-forge"
"fp_pdf"	"xorg-libxtst"	"1.2.5"	"hb9d3cd8_3"	"conda-forge"
"fp_pdf"	"xorg-libxxf86vm"	"1.1.6"	"hb9d3cd8_0"	"conda-forge"
"fp_pdf"	"zlib-ng"	"2.3.2"	"hceb46e0_1"	"conda-forge"
"fp_pdf"	"zstd"	"1.5.7"	"hb78ec9c_6"	"conda-forge"
"go_heatmap"	"_openmp_mutex"	"4.5"	"20_gnu"	"conda-forge"
"go_heatmap"	"_r-mutex"	"1.0.1"	"anacondar_1"	"conda-forge"
"go_heatmap"	"alsa-lib"	"1.2.15.3"	"hb03c661_0"	"conda-forge"
"go_heatmap"	"binutils_impl_linux-64"	"2.45.1"	"default_hfdba357_101"	"conda-forge"
"go_heatmap"	"bioconductor-biocgenerics"	"0.56.0"	"r45hdfd78af_2"	"bioconda"
"go_heatmap"	"bioconductor-complexheatmap"	"2.26.1"	"r45hdfd78af_0"	"bioconda"
"go_heatmap"	"bioconductor-iranges"	"2.44.0"	"r45h01b2380_1"	"bioconda"
"go_heatmap"	"bioconductor-s4vectors"	"0.48.0"	"r45h01b2380_1"	"bioconda"
"go_heatmap"	"brotli"	"1.2.0"	"hed03a55_1"	"conda-forge"
"go_heatmap"	"brotli-bin"	"1.2.0"	"hb03c661_1"	"conda-forge"
"go_heatmap"	"bwidget"	"1.10.1"	"ha770c72_1"	"conda-forge"
"go_heatmap"	"bzip2"	"1.0.8"	"hda65f42_9"	"conda-forge"
"go_heatmap"	"c-ares"	"1.34.6"	"hb03c661_0"	"conda-forge"
"go_heatmap"	"ca-certificates"	"2026.2.25"	"hbd8a1cb_0"	"conda-forge"
"go_heatmap"	"cairo"	"1.18.4"	"he90730b_1"	"conda-forge"
"go_heatmap"	"contourpy"	"1.3.3"	"py314h97ea11e_4"	"conda-forge"
"go_heatmap"	"curl"	"8.18.0"	"hcf29cc6_1"	"conda-forge"
"go_heatmap"	"cycler"	"0.12.1"	"pyhcf101f3_2"	"conda-forge"
"go_heatmap"	"cyrus-sasl"	"2.1.28"	"hac629b4_1"	"conda-forge"
"go_heatmap"	"dbus"	"1.16.2"	"h24cb091_1"	"conda-forge"
"go_heatmap"	"double-conversion"	"3.4.0"	"hecca717_0"	"conda-forge"
"go_heatmap"	"font-ttf-dejavu-sans-mono"	"2.37"	"hab24e00_0"	"conda-forge"
"go_heatmap"	"font-ttf-inconsolata"	"3.000"	"h77eed37_0"	"conda-forge"
"go_heatmap"	"font-ttf-source-code-pro"	"2.038"	"h77eed37_0"	"conda-forge"
"go_heatmap"	"font-ttf-ubuntu"	"0.83"	"h77eed37_3"	"conda-forge"
"go_heatmap"	"fontconfig"	"2.17.1"	"h27c8c51_0"	"conda-forge"
"go_heatmap"	"fonts-conda-ecosystem"	"1"	"0"	"conda-forge"
"go_heatmap"	"fonts-conda-forge"	"1"	"hc364b38_1"	"conda-forge"
"go_heatmap"	"fonttools"	"4.61.1"	"pyh7db6752_0"	"conda-forge"
"go_heatmap"	"freetype"	"2.14.1"	"ha770c72_0"	"conda-forge"
"go_heatmap"	"fribidi"	"1.0.16"	"hb03c661_0"	"conda-forge"
"go_heatmap"	"gcc_impl_linux-64"	"15.2.0"	"he420e7e_18"	"conda-forge"
"go_heatmap"	"gfortran_impl_linux-64"	"15.2.0"	"h281d09f_18"	"conda-forge"
"go_heatmap"	"graphite2"	"1.3.14"	"hecca717_2"	"conda-forge"
"go_heatmap"	"gsl"	"2.7"	"he838d99_0"	"conda-forge"
"go_heatmap"	"gxx_impl_linux-64"	"15.2.0"	"hda75c37_18"	"conda-forge"
"go_heatmap"	"harfbuzz"	"12.3.2"	"h6083320_0"	"conda-forge"
"go_heatmap"	"icu"	"78.2"	"h33c6efd_0"	"conda-forge"
"go_heatmap"	"kernel-headers_linux-64"	"3.10.0"	"he073ed8_18"	"conda-forge"
"go_heatmap"	"keyutils"	"1.6.3"	"hb9d3cd8_0"	"conda-forge"
"go_heatmap"	"kiwisolver"	"1.4.9"	"py314h97ea11e_2"	"conda-forge"
"go_heatmap"	"krb5"	"1.22.2"	"ha1258a1_0"	"conda-forge"
"go_heatmap"	"lcms2"	"2.18"	"h0c24ade_0"	"conda-forge"
"go_heatmap"	"ld_impl_linux-64"	"2.45.1"	"default_hbd61a6d_101"	"conda-forge"
"go_heatmap"	"lerc"	"4.0.0"	"h0aef613_1"	"conda-forge"
"go_heatmap"	"libblas"	"3.11.0"	"5_h4a7cf45_openblas"	"conda-forge"
"go_heatmap"	"libbrotlicommon"	"1.2.0"	"hb03c661_1"	"conda-forge"
"go_heatmap"	"libbrotlidec"	"1.2.0"	"hb03c661_1"	"conda-forge"
"go_heatmap"	"libbrotlienc"	"1.2.0"	"hb03c661_1"	"conda-forge"
"go_heatmap"	"libcblas"	"3.11.0"	"5_h0358290_openblas"	"conda-forge"
"go_heatmap"	"libclang-cpp22.1"	"22.1.0"	"default_h99862b1_0"	"conda-forge"
"go_heatmap"	"libclang13"	"22.1.0"	"default_h746c552_0"	"conda-forge"
"go_heatmap"	"libcups"	"2.3.3"	"h7a8fb5f_6"	"conda-forge"
"go_heatmap"	"libcurl"	"8.18.0"	"hcf29cc6_1"	"conda-forge"
"go_heatmap"	"libdeflate"	"1.25"	"h17f619e_0"	"conda-forge"
"go_heatmap"	"libdrm"	"2.4.125"	"hb03c661_1"	"conda-forge"
"go_heatmap"	"libedit"	"3.1.20250104"	"pl5321h7949ede_0"	"conda-forge"
"go_heatmap"	"libegl"	"1.7.0"	"ha4b6fd6_2"	"conda-forge"
"go_heatmap"	"libev"	"4.33"	"hd590300_2"	"conda-forge"
"go_heatmap"	"libexpat"	"2.7.4"	"hecca717_0"	"conda-forge"
"go_heatmap"	"libffi"	"3.5.2"	"h3435931_0"	"conda-forge"
"go_heatmap"	"libfreetype"	"2.14.1"	"ha770c72_0"	"conda-forge"
"go_heatmap"	"libfreetype6"	"2.14.1"	"h73754d4_0"	"conda-forge"
"go_heatmap"	"libgcc"	"15.2.0"	"he0feb66_18"	"conda-forge"
"go_heatmap"	"libgcc-devel_linux-64"	"15.2.0"	"hcc6f6b0_118"	"conda-forge"
"go_heatmap"	"libgcc-ng"	"15.2.0"	"h69a702a_18"	"conda-forge"
"go_heatmap"	"libgfortran"	"15.2.0"	"h69a702a_18"	"conda-forge"
"go_heatmap"	"libgfortran-ng"	"15.2.0"	"h69a702a_18"	"conda-forge"
"go_heatmap"	"libgfortran5"	"15.2.0"	"h68bc16d_18"	"conda-forge"
"go_heatmap"	"libgl"	"1.7.0"	"ha4b6fd6_2"	"conda-forge"
"go_heatmap"	"libglib"	"2.86.4"	"h6548e54_1"	"conda-forge"
"go_heatmap"	"libglvnd"	"1.7.0"	"ha4b6fd6_2"	"conda-forge"
"go_heatmap"	"libglx"	"1.7.0"	"ha4b6fd6_2"	"conda-forge"
"go_heatmap"	"libgomp"	"15.2.0"	"he0feb66_18"	"conda-forge"
"go_heatmap"	"libiconv"	"1.18"	"h3b78370_2"	"conda-forge"
"go_heatmap"	"libjpeg-turbo"	"3.1.2"	"hb03c661_0"	"conda-forge"
"go_heatmap"	"liblapack"	"3.11.0"	"5_h47877c9_openblas"	"conda-forge"
"go_heatmap"	"libllvm22"	"22.1.0"	"hf7376ad_0"	"conda-forge"
"go_heatmap"	"liblzma"	"5.8.2"	"hb03c661_0"	"conda-forge"
"go_heatmap"	"libmpdec"	"4.0.0"	"hb03c661_1"	"conda-forge"
"go_heatmap"	"libnghttp2"	"1.67.0"	"had1ee68_0"	"conda-forge"
"go_heatmap"	"libntlm"	"1.8"	"hb9d3cd8_0"	"conda-forge"
"go_heatmap"	"libopenblas"	"0.3.30"	"pthreads_h94d23a6_4"	"conda-forge"
"go_heatmap"	"libopengl"	"1.7.0"	"ha4b6fd6_2"	"conda-forge"
"go_heatmap"	"libpciaccess"	"0.18"	"hb9d3cd8_0"	"conda-forge"
"go_heatmap"	"libpng"	"1.6.55"	"h421ea60_0"	"conda-forge"
"go_heatmap"	"libpq"	"18.3"	"h9abb657_0"	"conda-forge"
"go_heatmap"	"libsanitizer"	"15.2.0"	"h90f66d4_18"	"conda-forge"
"go_heatmap"	"libsqlite"	"3.51.2"	"hf4e2dac_0"	"conda-forge"
"go_heatmap"	"libssh2"	"1.11.1"	"hcf80075_0"	"conda-forge"
"go_heatmap"	"libstdcxx"	"15.2.0"	"h934c35e_18"	"conda-forge"
"go_heatmap"	"libstdcxx-devel_linux-64"	"15.2.0"	"hd446a21_118"	"conda-forge"
"go_heatmap"	"libstdcxx-ng"	"15.2.0"	"hdf11a46_18"	"conda-forge"
"go_heatmap"	"libtiff"	"4.7.1"	"h9d88235_1"	"conda-forge"
"go_heatmap"	"libuuid"	"2.41.3"	"h5347b49_0"	"conda-forge"
"go_heatmap"	"libvulkan-loader"	"1.4.341.0"	"h5279c79_0"	"conda-forge"
"go_heatmap"	"libwebp-base"	"1.6.0"	"hd42ef1d_0"	"conda-forge"
"go_heatmap"	"libxcb"	"1.17.0"	"h8a09558_0"	"conda-forge"
"go_heatmap"	"libxcrypt"	"4.4.36"	"hd590300_1"	"conda-forge"
"go_heatmap"	"libxkbcommon"	"1.13.1"	"hca5e8e5_0"	"conda-forge"
"go_heatmap"	"libxml2"	"2.15.1"	"he237659_1"	"conda-forge"
"go_heatmap"	"libxml2-16"	"2.15.1"	"hca6bf5a_1"	"conda-forge"
"go_heatmap"	"libxslt"	"1.1.43"	"h711ed8c_1"	"conda-forge"
"go_heatmap"	"libzlib"	"1.3.1"	"hb9d3cd8_2"	"conda-forge"
"go_heatmap"	"make"	"4.4.1"	"hb9d3cd8_2"	"conda-forge"
"go_heatmap"	"matplotlib"	"3.10.8"	"py314hdafbbf9_0"	"conda-forge"
"go_heatmap"	"matplotlib-base"	"3.10.8"	"py314h1194b4b_0"	"conda-forge"
"go_heatmap"	"munkres"	"1.1.4"	"pyhd8ed1ab_1"	"conda-forge"
"go_heatmap"	"ncurses"	"6.5"	"h2d0b736_3"	"conda-forge"
"go_heatmap"	"numpy"	"2.4.2"	"py314h2b28147_1"	"conda-forge"
"go_heatmap"	"openjpeg"	"2.5.4"	"h55fea9a_0"	"conda-forge"
"go_heatmap"	"openldap"	"2.6.10"	"hbde042b_1"	"conda-forge"
"go_heatmap"	"openssl"	"3.6.1"	"h35e630c_1"	"conda-forge"
"go_heatmap"	"packaging"	"26.0"	"pyhcf101f3_0"	"conda-forge"
"go_heatmap"	"pandas"	"3.0.1"	"py314hb4ffadd_0"	"conda-forge"
"go_heatmap"	"pango"	"1.56.4"	"hadf4263_0"	"conda-forge"
"go_heatmap"	"pcre2"	"10.47"	"haa7fec5_0"	"conda-forge"
"go_heatmap"	"pillow"	"12.1.1"	"py314h8ec4b1a_0"	"conda-forge"
"go_heatmap"	"pip"	"26.0.1"	"pyh145f28c_0"	"conda-forge"
"go_heatmap"	"pixman"	"0.46.4"	"h54a6638_1"	"conda-forge"
"go_heatmap"	"pthread-stubs"	"0.4"	"hb9d3cd8_1002"	"conda-forge"
"go_heatmap"	"pyparsing"	"3.3.2"	"pyhcf101f3_0"	"conda-forge"
"go_heatmap"	"pyside6"	"6.10.2"	"py314hf36963e_0"	"conda-forge"
"go_heatmap"	"python"	"3.14.3"	"h32b2ec7_101_cp314"	"conda-forge"
"go_heatmap"	"python-dateutil"	"2.9.0.post0"	"pyhe01879c_2"	"conda-forge"
"go_heatmap"	"python_abi"	"3.14"	"8_cp314"	"conda-forge"
"go_heatmap"	"qhull"	"2020.2"	"h434a139_5"	"conda-forge"
"go_heatmap"	"qt6-main"	"6.10.2"	"h17e89b9_5"	"conda-forge"
"go_heatmap"	"r-base"	"4.5.2"	"h1fbe982_4"	"conda-forge"
"go_heatmap"	"r-circlize"	"0.4.17"	"r45hc72bb7e_0"	"conda-forge"
"go_heatmap"	"r-clue"	"0.3_67"	"r45h54b55ab_0"	"conda-forge"
"go_heatmap"	"r-cluster"	"2.1.8.2"	"r45heaba542_0"	"conda-forge"
"go_heatmap"	"r-codetools"	"0.2_20"	"r45hc72bb7e_2"	"conda-forge"
"go_heatmap"	"r-colorspace"	"2.1_2"	"r45h54b55ab_0"	"conda-forge"
"go_heatmap"	"r-crayon"	"1.5.3"	"r45hc72bb7e_2"	"conda-forge"
"go_heatmap"	"r-digest"	"0.6.39"	"r45h3697838_0"	"conda-forge"
"go_heatmap"	"r-doparallel"	"1.0.17"	"r45hc72bb7e_4"	"conda-forge"
"go_heatmap"	"r-foreach"	"1.5.2"	"r45hc72bb7e_4"	"conda-forge"
"go_heatmap"	"r-generics"	"0.1.4"	"r45hc72bb7e_1"	"conda-forge"
"go_heatmap"	"r-getoptlong"	"1.1.0"	"r45hc72bb7e_0"	"conda-forge"
"go_heatmap"	"r-globaloptions"	"0.1.3"	"r45ha770c72_0"	"conda-forge"
"go_heatmap"	"r-iterators"	"1.0.14"	"r45hc72bb7e_4"	"conda-forge"
"go_heatmap"	"r-matrixstats"	"1.5.0"	"r45h54b55ab_1"	"conda-forge"
"go_heatmap"	"r-png"	"0.1_8"	"r45h6b2d295_3"	"conda-forge"
"go_heatmap"	"r-rcolorbrewer"	"1.1_3"	"r45h785f33e_4"	"conda-forge"
"go_heatmap"	"r-rjson"	"0.2.23"	"r45h3697838_1"	"conda-forge"
"go_heatmap"	"r-shape"	"1.4.6.1"	"r45ha770c72_2"	"conda-forge"
"go_heatmap"	"readline"	"8.3"	"h853b02a_0"	"conda-forge"
"go_heatmap"	"sed"	"4.9"	"h6688a6e_0"	"conda-forge"
"go_heatmap"	"six"	"1.17.0"	"pyhe01879c_1"	"conda-forge"
"go_heatmap"	"sysroot_linux-64"	"2.17"	"h0157908_18"	"conda-forge"
"go_heatmap"	"tk"	"8.6.13"	"noxft_h366c992_103"	"conda-forge"
"go_heatmap"	"tktable"	"2.10"	"h8d826fa_7"	"conda-forge"
"go_heatmap"	"tornado"	"6.5.3"	"py314h5bd0f2a_0"	"conda-forge"
"go_heatmap"	"tzdata"	"2025c"	"hc9c84f9_1"	"conda-forge"
"go_heatmap"	"unicodedata2"	"17.0.1"	"py314h5bd0f2a_0"	"conda-forge"
"go_heatmap"	"wayland"	"1.24.0"	"hd6090a7_1"	"conda-forge"
"go_heatmap"	"xcb-util"	"0.4.1"	"h4f16b4b_2"	"conda-forge"
"go_heatmap"	"xcb-util-cursor"	"0.1.6"	"hb03c661_0"	"conda-forge"
"go_heatmap"	"xcb-util-image"	"0.4.0"	"hb711507_2"	"conda-forge"
"go_heatmap"	"xcb-util-keysyms"	"0.4.1"	"hb711507_0"	"conda-forge"
"go_heatmap"	"xcb-util-renderutil"	"0.3.10"	"hb711507_0"	"conda-forge"
"go_heatmap"	"xcb-util-wm"	"0.4.2"	"hb711507_0"	"conda-forge"
"go_heatmap"	"xkeyboard-config"	"2.47"	"hb03c661_0"	"conda-forge"
"go_heatmap"	"xorg-libice"	"1.1.2"	"hb9d3cd8_0"	"conda-forge"
"go_heatmap"	"xorg-libsm"	"1.2.6"	"he73a12e_0"	"conda-forge"
"go_heatmap"	"xorg-libx11"	"1.8.13"	"he1eb515_0"	"conda-forge"
"go_heatmap"	"xorg-libxau"	"1.0.12"	"hb03c661_1"	"conda-forge"
"go_heatmap"	"xorg-libxcomposite"	"0.4.7"	"hb03c661_0"	"conda-forge"
"go_heatmap"	"xorg-libxcursor"	"1.2.3"	"hb9d3cd8_0"	"conda-forge"
"go_heatmap"	"xorg-libxdamage"	"1.1.6"	"hb9d3cd8_0"	"conda-forge"
"go_heatmap"	"xorg-libxdmcp"	"1.1.5"	"hb03c661_1"	"conda-forge"
"go_heatmap"	"xorg-libxext"	"1.3.7"	"hb03c661_0"	"conda-forge"
"go_heatmap"	"xorg-libxfixes"	"6.0.2"	"hb03c661_0"	"conda-forge"
"go_heatmap"	"xorg-libxi"	"1.8.2"	"hb9d3cd8_0"	"conda-forge"
"go_heatmap"	"xorg-libxrandr"	"1.5.5"	"hb03c661_0"	"conda-forge"
"go_heatmap"	"xorg-libxrender"	"0.9.12"	"hb9d3cd8_0"	"conda-forge"
"go_heatmap"	"xorg-libxt"	"1.3.1"	"hb9d3cd8_0"	"conda-forge"
"go_heatmap"	"xorg-libxtst"	"1.2.5"	"hb9d3cd8_3"	"conda-forge"
"go_heatmap"	"xorg-libxxf86vm"	"1.1.7"	"hb03c661_0"	"conda-forge"
"go_heatmap"	"zlib-ng"	"2.3.3"	"hceb46e0_1"	"conda-forge"
"go_heatmap"	"zstd"	"1.5.7"	"hb78ec9c_6"	"conda-forge"
"hic"	"_libgcc_mutex"	"0.1"	"conda_forge"	"conda-forge"
"hic"	"_openmp_mutex"	"4.5"	"2_gnu"	"conda-forge"
"hic"	"alsa-lib"	"1.2.12"	"h4ab18f5_0"	"conda-forge"
"hic"	"bwa"	"0.7.18"	"he4a0461_1"	"bioconda"
"hic"	"bzip2"	"1.0.8"	"h4bc722e_7"	"conda-forge"
"hic"	"c-ares"	"1.32.3"	"h4bc722e_0"	"conda-forge"
"hic"	"ca-certificates"	"2025.6.15"	"hbd8a1cb_0"	"conda-forge"
"hic"	"cairo"	"1.16.0"	"ha00ac49_1009"	"conda-forge"
"hic"	"certifi"	"2019.11.28"	"py27h8c360ce_1"	"conda-forge"
"hic"	"coreutils"	"8.25"	"1"	"bioconda"
"hic"	"cudatoolkit"	"11.8.0"	"h4ba93d1_13"	"conda-forge"
"hic"	"dbus"	"1.13.6"	"h5008d03_3"	"conda-forge"
"hic"	"expat"	"2.6.3"	"h5888daf_0"	"conda-forge"
"hic"	"font-ttf-dejavu-sans-mono"	"2.37"	"0"	"anaconda/pkgs/free"
"hic"	"font-ttf-inconsolata"	"2.000"	"0"	"anaconda/pkgs/free"
"hic"	"font-ttf-source-code-pro"	"2.030"	"0"	"anaconda/pkgs/free"
"hic"	"font-ttf-ubuntu"	"0.83"	"0"	"anaconda/pkgs/free"
"hic"	"fontconfig"	"2.14.2"	"h14ed4e7_0"	"conda-forge"
"hic"	"fonts-conda-ecosystem"	"1"	"0"	"conda-forge"
"hic"	"fonts-conda-forge"	"1"	"0"	"conda-forge"
"hic"	"freetype"	"2.12.1"	"h267a509_2"	"conda-forge"
"hic"	"fribidi"	"1.0.10"	"h36c2ea0_0"	"conda-forge"
"hic"	"giflib"	"5.2.2"	"hd590300_0"	"conda-forge"
"hic"	"glib"	"2.80.2"	"hf974151_0"	"conda-forge"
"hic"	"glib-tools"	"2.80.2"	"hb6ce0ca_0"	"conda-forge"
"hic"	"graphite2"	"1.3.13"	"h59595ed_1003"	"conda-forge"
"hic"	"harfbuzz"	"4.2.0"	"h40b6f09_0"	"conda-forge"
"hic"	"htslib"	"1.21"	"h5efdd21_0"	"bioconda"
"hic"	"icu"	"69.1"	"h9c3ff4c_0"	"conda-forge"
"hic"	"juicer"	"1.6"	"cpu_py310hc74bb38_0"	"hcc"
"hic"	"keyutils"	"1.6.1"	"h166bdaf_0"	"conda-forge"
"hic"	"krb5"	"1.21.3"	"h659f571_0"	"conda-forge"
"hic"	"lcms2"	"2.16"	"hb7c19ff_0"	"conda-forge"
"hic"	"lerc"	"4.0.0"	"h27087fc_0"	"conda-forge"
"hic"	"libcups"	"2.3.3"	"h4637d8d_4"	"conda-forge"
"hic"	"libcurl"	"8.8.0"	"hca28451_1"	"conda-forge"
"hic"	"libdeflate"	"1.20"	"hd590300_0"	"conda-forge"
"hic"	"libedit"	"3.1.20191231"	"he28a2e2_2"	"conda-forge"
"hic"	"libev"	"4.33"	"hd590300_2"	"conda-forge"
"hic"	"libexpat"	"2.6.3"	"h5888daf_0"	"conda-forge"
"hic"	"libffi"	"3.4.2"	"h7f98852_5"	"conda-forge"
"hic"	"libgcc"	"14.2.0"	"h77fa898_1"	"conda-forge"
"hic"	"libgcc-ng"	"14.2.0"	"h69a702a_1"	"conda-forge"
"hic"	"libglib"	"2.80.2"	"hf974151_0"	"conda-forge"
"hic"	"libgomp"	"14.2.0"	"h77fa898_1"	"conda-forge"
"hic"	"libiconv"	"1.17"	"hd590300_2"	"conda-forge"
"hic"	"libjpeg-turbo"	"3.0.0"	"hd590300_1"	"conda-forge"
"hic"	"libnghttp2"	"1.58.0"	"h47da74e_1"	"conda-forge"
"hic"	"libpng"	"1.6.43"	"h2797004_0"	"conda-forge"
"hic"	"libsqlite"	"3.46.0"	"hde9e2c9_0"	"conda-forge"
"hic"	"libssh2"	"1.11.0"	"h0841786_0"	"conda-forge"
"hic"	"libstdcxx"	"14.2.0"	"hc0a3c3a_1"	"conda-forge"
"hic"	"libstdcxx-ng"	"14.2.0"	"h4852527_1"	"conda-forge"
"hic"	"libtiff"	"4.6.0"	"h1dd3fc0_3"	"conda-forge"
"hic"	"libuuid"	"2.38.1"	"h0b41bf4_0"	"conda-forge"
"hic"	"libwebp-base"	"1.4.0"	"hd590300_0"	"conda-forge"
"hic"	"libxcb"	"1.17.0"	"h8a09558_0"	"conda-forge"
"hic"	"libxcrypt"	"4.4.36"	"hd590300_1"	"conda-forge"
"hic"	"libzlib"	"1.2.13"	"h4ab18f5_6"	"conda-forge"
"hic"	"ncurses"	"6.5"	"he02047a_1"	"conda-forge"
"hic"	"numpy"	"1.16.6"	"pypi_0"	"pypi"
"hic"	"openjdk"	"21.0.6"	"h38aa4c6_0"	"pkgs/main"
"hic"	"openssl"	"3.5.0"	"h7b32b05_1"	"conda-forge"
"hic"	"pandas"	"0.24.2"	"pypi_0"	"pypi"
"hic"	"pango"	"1.50.7"	"hbd2fdc8_0"	"conda-forge"
"hic"	"pcre2"	"10.43"	"hcad00b1_0"	"conda-forge"
"hic"	"perl"	"5.32.1"	"7_hd590300_perl5"	"conda-forge"
"hic"	"pip"	"20.1.1"	"pyh9f0ad1d_0"	"conda-forge"
"hic"	"pixman"	"0.43.2"	"h59595ed_0"	"conda-forge"
"hic"	"pthread-stubs"	"0.4"	"hb9d3cd8_1002"	"conda-forge"
"hic"	"python"	"2.7.18"	"h42bf7aa_3"	"pkgs/main"
"hic"	"python-dateutil"	"2.9.0.post0"	"pypi_0"	"pypi"
"hic"	"python_abi"	"2.7"	"1_cp27mu"	"conda-forge"
"hic"	"pytz"	"2025.2"	"pypi_0"	"pypi"
"hic"	"readline"	"8.2"	"h8c095d6_2"	"conda-forge"
"hic"	"samtools"	"1.21"	"h50ea8bc_0"	"bioconda"
"hic"	"setuptools"	"44.0.0"	"py27_0"	"conda-forge"
"hic"	"six"	"1.17.0"	"pypi_0"	"pypi"
"hic"	"sqlite"	"3.46.0"	"h6d4b2fc_0"	"conda-forge"
"hic"	"tk"	"8.6.13"	"noxft_h4845f30_101"	"conda-forge"
"hic"	"wheel"	"0.37.1"	"pyhd8ed1ab_0"	"conda-forge"
"hic"	"xorg-libice"	"1.1.1"	"hb9d3cd8_1"	"conda-forge"
"hic"	"xorg-libsm"	"1.2.4"	"he73a12e_1"	"conda-forge"
"hic"	"xorg-libx11"	"1.8.10"	"h4f16b4b_0"	"conda-forge"
"hic"	"xorg-libxau"	"1.0.11"	"hb9d3cd8_1"	"conda-forge"
"hic"	"xorg-libxdmcp"	"1.1.5"	"hb9d3cd8_0"	"conda-forge"
"hic"	"xorg-libxext"	"1.3.6"	"hb9d3cd8_0"	"conda-forge"
"hic"	"xorg-libxfixes"	"6.0.1"	"hb9d3cd8_0"	"conda-forge"
"hic"	"xorg-libxi"	"1.8.2"	"hb9d3cd8_0"	"conda-forge"
"hic"	"xorg-libxrender"	"0.9.11"	"hb9d3cd8_1"	"conda-forge"
"hic"	"xorg-libxt"	"1.3.0"	"hb9d3cd8_2"	"conda-forge"
"hic"	"xorg-libxtst"	"1.2.5"	"hb9d3cd8_3"	"conda-forge"
"hic"	"xorg-xorgproto"	"2024.1"	"hb9d3cd8_1"	"conda-forge"
"hic"	"xz"	"5.2.6"	"h166bdaf_0"	"conda-forge"
"hic"	"zlib"	"1.2.13"	"h4ab18f5_6"	"conda-forge"
"hic"	"zstd"	"1.5.6"	"ha6fb4c9_0"	"conda-forge"
"idr"	"_libgcc_mutex"	"0.1"	"conda_forge"	"conda-forge"
"idr"	"_openmp_mutex"	"4.5"	"2_gnu"	"conda-forge"
"idr"	"bzip2"	"1.0.8"	"h4bc722e_7"	"conda-forge"
"idr"	"ca-certificates"	"2025.7.14"	"hbd8a1cb_0"	"conda-forge"
"idr"	"cycler"	"0.12.1"	"pyhd8ed1ab_1"	"conda-forge"
"idr"	"freetype"	"2.13.3"	"ha770c72_1"	"conda-forge"
"idr"	"icu"	"67.1"	"he1b5a44_0"	"conda-forge"
"idr"	"idr"	"2.0.4.2"	"py39h031d066_12"	"bioconda"
"idr"	"kiwisolver"	"1.4.7"	"py39h74842e3_0"	"conda-forge"
"idr"	"ld_impl_linux-64"	"2.44"	"h1423503_1"	"conda-forge"
"idr"	"libblas"	"3.9.0"	"20_linux64_openblas"	"conda-forge"
"idr"	"libcblas"	"3.9.0"	"20_linux64_openblas"	"conda-forge"
"idr"	"libexpat"	"2.7.1"	"hecca717_0"	"conda-forge"
"idr"	"libffi"	"3.4.6"	"h2dba641_1"	"conda-forge"
"idr"	"libfreetype"	"2.13.3"	"ha770c72_1"	"conda-forge"
"idr"	"libfreetype6"	"2.13.3"	"h48d6fc4_1"	"conda-forge"
"idr"	"libgcc"	"15.1.0"	"h767d61c_3"	"conda-forge"
"idr"	"libgcc-ng"	"15.1.0"	"h69a702a_3"	"conda-forge"
"idr"	"libgfortran"	"15.1.0"	"h69a702a_3"	"conda-forge"
"idr"	"libgfortran-ng"	"15.1.0"	"h69a702a_3"	"conda-forge"
"idr"	"libgfortran5"	"15.1.0"	"hcea5267_3"	"conda-forge"
"idr"	"libgomp"	"15.1.0"	"h767d61c_3"	"conda-forge"
"idr"	"liblapack"	"3.9.0"	"20_linux64_openblas"	"conda-forge"
"idr"	"liblzma"	"5.8.1"	"hb9d3cd8_2"	"conda-forge"
"idr"	"libnsl"	"2.0.1"	"hb9d3cd8_1"	"conda-forge"
"idr"	"libopenblas"	"0.3.25"	"pthreads_h413a1c8_0"	"conda-forge"
"idr"	"libpng"	"1.6.50"	"h943b412_0"	"conda-forge"
"idr"	"libsqlite"	"3.50.3"	"h0c1763c_1"	"conda-forge"
"idr"	"libstdcxx"	"15.1.0"	"h8f9b012_3"	"conda-forge"
"idr"	"libstdcxx-ng"	"15.1.0"	"h4852527_3"	"conda-forge"
"idr"	"libuuid"	"2.38.1"	"h0b41bf4_0"	"conda-forge"
"idr"	"libxcrypt"	"4.4.36"	"hd590300_1"	"conda-forge"
"idr"	"libzlib"	"1.3.1"	"hb9d3cd8_2"	"conda-forge"
"idr"	"matplotlib-base"	"2.2.5"	"py39hb8df6d4_3"	"conda-forge"
"idr"	"ncurses"	"6.5"	"h2d0b736_3"	"conda-forge"
"idr"	"numpy"	"1.19.5"	"py39hd249d9e_3"	"conda-forge"
"idr"	"openssl"	"3.5.1"	"h7b32b05_0"	"conda-forge"
"idr"	"pip"	"25.1.1"	"pyh8b19718_0"	"conda-forge"
"idr"	"pyparsing"	"3.2.3"	"pyhd8ed1ab_1"	"conda-forge"
"idr"	"python"	"3.9.23"	"hc30ae73_0_cpython"	"conda-forge"
"idr"	"python-dateutil"	"2.9.0.post0"	"pyhe01879c_2"	"conda-forge"
"idr"	"python_abi"	"3.9"	"8_cp39"	"conda-forge"
"idr"	"pytz"	"2025.2"	"pyhd8ed1ab_0"	"conda-forge"
"idr"	"readline"	"8.2"	"h8c095d6_2"	"conda-forge"
"idr"	"scipy"	"1.9.1"	"py39h8ba3f38_0"	"conda-forge"
"idr"	"setuptools"	"80.9.0"	"pyhff2d567_0"	"conda-forge"
"idr"	"six"	"1.17.0"	"pyhe01879c_1"	"conda-forge"
"idr"	"tk"	"8.6.13"	"noxft_hd72426e_102"	"conda-forge"
"idr"	"tornado"	"6.5.1"	"py39h8cd3c5a_0"	"conda-forge"
"idr"	"tzdata"	"2025b"	"h78e105d_0"	"conda-forge"
"idr"	"wheel"	"0.45.1"	"pyhd8ed1ab_1"	"conda-forge"
"modisco"	"_libgcc_mutex"	"0.1"	"conda_forge"	"conda-forge"
"modisco"	"_openmp_mutex"	"4.5"	"2_gnu"	"conda-forge"
"modisco"	"arpack"	"3.9.1"	"nompi_hf03ea27_102"	"conda-forge"
"modisco"	"asttokens"	"3.0.1"	"pypi_0"	"pypi"
"modisco"	"blosc"	"1.21.6"	"he440d0b_1"	"conda-forge"
"modisco"	"bzip2"	"1.0.8"	"hda65f42_8"	"conda-forge"
"modisco"	"c-ares"	"1.34.5"	"hb9d3cd8_0"	"conda-forge"
"modisco"	"c-blosc2"	"2.19.1"	"h4cfbee9_0"	"conda-forge"
"modisco"	"ca-certificates"	"2025.11.12"	"hbd8a1cb_0"	"conda-forge"
"modisco"	"cached-property"	"1.5.2"	"hd8ed1ab_1"	"conda-forge"
"modisco"	"cached_property"	"1.5.2"	"pyha770c72_1"	"conda-forge"
"modisco"	"comm"	"0.2.3"	"pypi_0"	"pypi"
"modisco"	"contourpy"	"1.3.0"	"pypi_0"	"pypi"
"modisco"	"cycler"	"0.12.1"	"pypi_0"	"pypi"
"modisco"	"debugpy"	"1.8.17"	"pypi_0"	"pypi"
"modisco"	"decorator"	"5.2.1"	"pypi_0"	"pypi"
"modisco"	"exceptiongroup"	"1.3.0"	"pypi_0"	"pypi"
"modisco"	"executing"	"2.2.1"	"pypi_0"	"pypi"
"modisco"	"expat"	"2.7.1"	"hecca717_0"	"conda-forge"
"modisco"	"filelock"	"3.19.1"	"pypi_0"	"pypi"
"modisco"	"fonttools"	"4.60.1"	"pypi_0"	"pypi"
"modisco"	"fsspec"	"2025.10.0"	"pypi_0"	"pypi"
"modisco"	"glpk"	"5.0"	"h445213a_0"	"conda-forge"
"modisco"	"gmp"	"6.3.0"	"hac33072_2"	"conda-forge"
"modisco"	"h5py"	"3.14.0"	"nompi_py39h63168ba_100"	"conda-forge"
"modisco"	"hdf5"	"1.14.6"	"nompi_h6e4c0c1_103"	"conda-forge"
"modisco"	"hdf5plugin"	"5.1.0"	"py39hbef1ffa_4"	"conda-forge"
"modisco"	"icu"	"73.2"	"h59595ed_0"	"conda-forge"
"modisco"	"igraph"	"0.10.16"	"h98b0679_0"	"conda-forge"
"modisco"	"importlib-metadata"	"8.7.0"	"pypi_0"	"pypi"
"modisco"	"importlib-resources"	"6.5.2"	"pypi_0"	"pypi"
"modisco"	"ipykernel"	"6.31.0"	"pypi_0"	"pypi"
"modisco"	"ipython"	"8.18.1"	"pypi_0"	"pypi"
"modisco"	"jedi"	"0.19.2"	"pypi_0"	"pypi"
"modisco"	"jinja2"	"3.1.6"	"pypi_0"	"pypi"
"modisco"	"joblib"	"1.5.2"	"pypi_0"	"pypi"
"modisco"	"jupyter-client"	"8.6.3"	"pypi_0"	"pypi"
"modisco"	"jupyter-core"	"5.8.1"	"pypi_0"	"pypi"
"modisco"	"keyutils"	"1.6.3"	"hb9d3cd8_0"	"conda-forge"
"modisco"	"kiwisolver"	"1.4.7"	"pypi_0"	"pypi"
"modisco"	"krb5"	"1.21.3"	"h659f571_0"	"conda-forge"
"modisco"	"ld_impl_linux-64"	"2.44"	"h1aa0949_5"	"conda-forge"
"modisco"	"leidenalg"	"0.10.2"	"py39h3d6467e_0"	"conda-forge"
"modisco"	"libaec"	"1.1.4"	"h3f801dc_0"	"conda-forge"
"modisco"	"libblas"	"3.9.0"	"38_h4a7cf45_openblas"	"conda-forge"
"modisco"	"libcblas"	"3.9.0"	"38_h0358290_openblas"	"conda-forge"
"modisco"	"libcurl"	"8.17.0"	"h4e3cde8_0"	"conda-forge"
"modisco"	"libedit"	"3.1.20250104"	"pl5321h7949ede_0"	"conda-forge"
"modisco"	"libev"	"4.33"	"hd590300_2"	"conda-forge"
"modisco"	"libexpat"	"2.7.1"	"hecca717_0"	"conda-forge"
"modisco"	"libffi"	"3.5.2"	"h9ec8514_0"	"conda-forge"
"modisco"	"libgcc"	"15.2.0"	"h767d61c_7"	"conda-forge"
"modisco"	"libgcc-ng"	"15.2.0"	"h69a702a_7"	"conda-forge"
"modisco"	"libgfortran"	"15.2.0"	"h69a702a_7"	"conda-forge"
"modisco"	"libgfortran5"	"15.2.0"	"hcd61629_7"	"conda-forge"
"modisco"	"libgomp"	"15.2.0"	"h767d61c_7"	"conda-forge"
"modisco"	"liblapack"	"3.9.0"	"38_h47877c9_openblas"	"conda-forge"
"modisco"	"libleidenalg"	"0.11.1"	"h00ab1b0_0"	"conda-forge"
"modisco"	"liblzma"	"5.8.1"	"hb9d3cd8_2"	"conda-forge"
"modisco"	"liblzma-devel"	"5.8.1"	"hb9d3cd8_2"	"conda-forge"
"modisco"	"libnghttp2"	"1.67.0"	"had1ee68_0"	"conda-forge"
"modisco"	"libnsl"	"2.0.1"	"hb9d3cd8_1"	"conda-forge"
"modisco"	"libopenblas"	"0.3.30"	"pthreads_h94d23a6_3"	"conda-forge"
"modisco"	"libsqlite"	"3.51.0"	"h0c1763c_0"	"conda-forge"
"modisco"	"libssh2"	"1.11.1"	"hcf80075_0"	"conda-forge"
"modisco"	"libstdcxx"	"15.2.0"	"h8f9b012_7"	"conda-forge"
"modisco"	"libstdcxx-ng"	"15.2.0"	"h4852527_7"	"conda-forge"
"modisco"	"libuuid"	"2.41.2"	"he9a06e4_0"	"conda-forge"
"modisco"	"libuv"	"1.51.0"	"hb03c661_1"	"conda-forge"
"modisco"	"libxcrypt"	"4.4.36"	"hd590300_1"	"conda-forge"
"modisco"	"libxml2"	"2.13.8"	"hfdd30dd_0"	"pkgs/main"
"modisco"	"libxslt"	"1.1.43"	"h7a3aeb2_0"	"conda-forge"
"modisco"	"libzlib"	"1.3.1"	"hb9d3cd8_2"	"conda-forge"
"modisco"	"llvmlite"	"0.43.0"	"pypi_0"	"pypi"
"modisco"	"logomaker"	"0.8.7"	"pypi_0"	"pypi"
"modisco"	"lz4-c"	"1.10.0"	"h5888daf_1"	"conda-forge"
"modisco"	"markupsafe"	"3.0.3"	"pypi_0"	"pypi"
"modisco"	"matplotlib"	"3.9.4"	"pypi_0"	"pypi"
"modisco"	"matplotlib-inline"	"0.2.1"	"pypi_0"	"pypi"
"modisco"	"meme"	"5.5.8"	"pl5321h1ca524f_0"	"bioconda"
"modisco"	"memelite"	"0.2.0"	"pypi_0"	"pypi"
"modisco"	"mizani"	"0.11.4"	"pypi_0"	"pypi"
"modisco"	"modisco-lite"	"2.4.0"	"pypi_0"	"pypi"
"modisco"	"mpmath"	"1.3.0"	"pypi_0"	"pypi"
"modisco"	"ncurses"	"6.5"	"h2d0b736_3"	"conda-forge"
"modisco"	"nest-asyncio"	"1.6.0"	"pypi_0"	"pypi"
"modisco"	"networkx"	"3.2.1"	"pypi_0"	"pypi"
"modisco"	"nodejs"	"22.6.0"	"h6d9b948_0"	"conda-forge"
"modisco"	"numba"	"0.60.0"	"pypi_0"	"pypi"
"modisco"	"numpy"	"2.0.1"	"pypi_0"	"pypi"
"modisco"	"nvidia-cublas-cu12"	"12.4.5.8"	"pypi_0"	"pypi"
"modisco"	"nvidia-cuda-cupti-cu12"	"12.4.127"	"pypi_0"	"pypi"
"modisco"	"nvidia-cuda-nvrtc-cu12"	"12.4.127"	"pypi_0"	"pypi"
"modisco"	"nvidia-cuda-runtime-cu12"	"12.4.127"	"pypi_0"	"pypi"
"modisco"	"nvidia-cudnn-cu12"	"9.1.0.70"	"pypi_0"	"pypi"
"modisco"	"nvidia-cufft-cu12"	"11.2.1.3"	"pypi_0"	"pypi"
"modisco"	"nvidia-curand-cu12"	"10.3.5.147"	"pypi_0"	"pypi"
"modisco"	"nvidia-cusolver-cu12"	"11.6.1.9"	"pypi_0"	"pypi"
"modisco"	"nvidia-cusparse-cu12"	"12.3.1.170"	"pypi_0"	"pypi"
"modisco"	"nvidia-cusparselt-cu12"	"0.6.2"	"pypi_0"	"pypi"
"modisco"	"nvidia-nccl-cu12"	"2.21.5"	"pypi_0"	"pypi"
"modisco"	"nvidia-nvjitlink-cu12"	"12.4.127"	"pypi_0"	"pypi"
"modisco"	"nvidia-nvtx-cu12"	"12.4.127"	"pypi_0"	"pypi"
"modisco"	"openssl"	"3.6.0"	"h26f9b46_0"	"conda-forge"
"modisco"	"packaging"	"25.0"	"pypi_0"	"pypi"
"modisco"	"pandas"	"2.3.1"	"py39h1b6b32d_0"	"conda-forge"
"modisco"	"parso"	"0.8.5"	"pypi_0"	"pypi"
"modisco"	"patsy"	"1.0.2"	"pypi_0"	"pypi"
"modisco"	"perl"	"5.32.1"	"7_hd590300_perl5"	"conda-forge"
"modisco"	"perl-app-cpanminus"	"1.7048"	"pl5321hd8ed1ab_0"	"conda-forge"
"modisco"	"perl-b-cow"	"0.007"	"pl5321hb9d3cd8_1"	"conda-forge"
"modisco"	"perl-base"	"2.23"	"pl5321hd8ed1ab_0"	"conda-forge"
"modisco"	"perl-business-isbn"	"3.007"	"pl5321hd8ed1ab_0"	"conda-forge"
"modisco"	"perl-business-isbn-data"	"20210112.006"	"pl5321hd8ed1ab_0"	"conda-forge"
"modisco"	"perl-carp"	"1.50"	"pl5321hd8ed1ab_0"	"conda-forge"
"modisco"	"perl-cgi"	"4.71"	"pl5321h7b50bb2_0"	"bioconda"
"modisco"	"perl-clone"	"0.46"	"pl5321hb9d3cd8_1"	"conda-forge"
"modisco"	"perl-common-sense"	"3.75"	"pl5321hd8ed1ab_0"	"conda-forge"
"modisco"	"perl-compress-raw-bzip2"	"2.214"	"pl5321hda65f42_0"	"conda-forge"
"modisco"	"perl-compress-raw-zlib"	"2.214"	"pl5321h4dac143_0"	"conda-forge"
"modisco"	"perl-config-general"	"2.67"	"pl5321hdfd78af_0"	"bioconda"
"modisco"	"perl-constant"	"1.33"	"pl5321hd8ed1ab_0"	"conda-forge"
"modisco"	"perl-dbi"	"1.647"	"pl5321hb03c661_0"	"conda-forge"
"modisco"	"perl-digest-md5"	"2.59"	"pl5321hb9d3cd8_3"	"conda-forge"
"modisco"	"perl-encode"	"3.21"	"pl5321hb9d3cd8_1"	"conda-forge"
"modisco"	"perl-encode-locale"	"1.05"	"pl5321hdfd78af_7"	"bioconda"
"modisco"	"perl-exporter"	"5.74"	"pl5321hd8ed1ab_0"	"conda-forge"
"modisco"	"perl-extutils-makemaker"	"7.70"	"pl5321hd8ed1ab_0"	"conda-forge"
"modisco"	"perl-file-path"	"2.18"	"pl5321hd8ed1ab_0"	"conda-forge"
"modisco"	"perl-file-spec"	"3.48_01"	"pl5321hdfd78af_2"	"bioconda"
"modisco"	"perl-file-temp"	"0.2304"	"pl5321hd8ed1ab_0"	"conda-forge"
"modisco"	"perl-file-which"	"1.24"	"pl5321hd8ed1ab_0"	"conda-forge"
"modisco"	"perl-html-parser"	"3.83"	"pl5321h9948957_1"	"bioconda"
"modisco"	"perl-html-tagset"	"3.24"	"pl5321hdfd78af_0"	"bioconda"
"modisco"	"perl-html-template"	"2.97"	"pl5321hdfd78af_2"	"bioconda"
"modisco"	"perl-html-tree"	"5.07"	"pl5321hdfd78af_2"	"bioconda"
"modisco"	"perl-http-date"	"6.06"	"pl5321hdfd78af_0"	"bioconda"
"modisco"	"perl-http-message"	"7.01"	"pl5321hdfd78af_0"	"bioconda"
"modisco"	"perl-inc-latest"	"0.500"	"pl5321ha770c72_0"	"conda-forge"
"modisco"	"perl-io-html"	"1.004"	"pl5321hdfd78af_0"	"bioconda"
"modisco"	"perl-json"	"4.10"	"pl5321hdfd78af_1"	"bioconda"
"modisco"	"perl-json-xs"	"4.04"	"pl5321h9948957_0"	"bioconda"
"modisco"	"perl-log-log4perl"	"1.56"	"pl5321hd8ed1ab_0"	"conda-forge"
"modisco"	"perl-lwp-mediatypes"	"6.04"	"pl5321hdfd78af_1"	"bioconda"
"modisco"	"perl-math-cdf"	"0.1"	"pl5321h7b50bb2_11"	"bioconda"
"modisco"	"perl-mime-base64"	"3.16"	"pl5321hb9d3cd8_3"	"conda-forge"
"modisco"	"perl-module-build"	"0.4234"	"pl5321ha770c72_1"	"conda-forge"
"modisco"	"perl-parent"	"0.243"	"pl5321hd8ed1ab_0"	"conda-forge"
"modisco"	"perl-pathtools"	"3.75"	"pl5321hb9d3cd8_2"	"conda-forge"
"modisco"	"perl-scalar-list-utils"	"1.70"	"pl5321hb03c661_0"	"conda-forge"
"modisco"	"perl-storable"	"3.15"	"pl5321hb9d3cd8_2"	"conda-forge"
"modisco"	"perl-sys-info"	"0.7811"	"pl5321hdfd78af_1"	"bioconda"
"modisco"	"perl-sys-info-base"	"0.7807"	"pl5321hdfd78af_1"	"bioconda"
"modisco"	"perl-sys-info-driver-linux"	"0.7911"	"pl5321hdfd78af_0"	"bioconda"
"modisco"	"perl-test-fatal"	"0.016"	"pl5321ha770c72_0"	"conda-forge"
"modisco"	"perl-test-needs"	"0.002009"	"pl5321hd8ed1ab_0"	"conda-forge"
"modisco"	"perl-test-nowarnings"	"1.06"	"pl5321ha770c72_0"	"conda-forge"
"modisco"	"perl-test-warnings"	"0.031"	"pl5321ha770c72_0"	"conda-forge"
"modisco"	"perl-text-template-simple"	"0.91"	"pl5321hdfd78af_1"	"bioconda"
"modisco"	"perl-time-local"	"1.35"	"pl5321hdfd78af_0"	"bioconda"
"modisco"	"perl-timedate"	"2.33"	"pl5321hdfd78af_2"	"bioconda"
"modisco"	"perl-try-tiny"	"0.31"	"pl5321ha770c72_0"	"conda-forge"
"modisco"	"perl-types-serialiser"	"1.01"	"pl5321hdfd78af_0"	"bioconda"
"modisco"	"perl-unix-processors"	"2.046"	"pl5321hb9d3cd8_1002"	"conda-forge"
"modisco"	"perl-uri"	"5.17"	"pl5321ha770c72_0"	"conda-forge"
"modisco"	"perl-url-encode"	"0.03"	"pl5321h9ee0642_1"	"bioconda"
"modisco"	"perl-xml-namespacesupport"	"1.12"	"pl5321hd8ed1ab_0"	"conda-forge"
"modisco"	"perl-xml-parser"	"2.44_01"	"pl5321hf2e2c51_1004"	"conda-forge"
"modisco"	"perl-xml-sax"	"1.02"	"pl5321hd8ed1ab_0"	"conda-forge"
"modisco"	"perl-xml-sax-base"	"1.09"	"pl5321hd8ed1ab_0"	"conda-forge"
"modisco"	"perl-xml-sax-expat"	"0.51"	"pl5321hd8ed1ab_0"	"conda-forge"
"modisco"	"perl-xml-simple"	"2.25"	"pl5321hdfd78af_2"	"bioconda"
"modisco"	"perl-yaml"	"1.30"	"pl5321hdfd78af_0"	"bioconda"
"modisco"	"pexpect"	"4.9.0"	"pypi_0"	"pypi"
"modisco"	"pillow"	"11.3.0"	"pypi_0"	"pypi"
"modisco"	"pip"	"25.2"	"pyh8b19718_0"	"conda-forge"
"modisco"	"platformdirs"	"4.4.0"	"pypi_0"	"pypi"
"modisco"	"plotnine"	"0.13.6"	"pypi_0"	"pypi"
"modisco"	"prompt-toolkit"	"3.0.52"	"pypi_0"	"pypi"
"modisco"	"psutil"	"7.1.3"	"pypi_0"	"pypi"
"modisco"	"ptyprocess"	"0.7.0"	"pypi_0"	"pypi"
"modisco"	"pure-eval"	"0.2.3"	"pypi_0"	"pypi"
"modisco"	"pybigtools"	"0.2.4"	"pypi_0"	"pypi"
"modisco"	"pybigwig"	"0.3.24"	"pypi_0"	"pypi"
"modisco"	"pyfaidx"	"0.9.0.3"	"pypi_0"	"pypi"
"modisco"	"pygments"	"2.19.2"	"pypi_0"	"pypi"
"modisco"	"pyparsing"	"3.2.5"	"pypi_0"	"pypi"
"modisco"	"python"	"3.9.23"	"hc30ae73_0_cpython"	"conda-forge"
"modisco"	"python-dateutil"	"2.9.0.post0"	"pyhe01879c_2"	"conda-forge"
"modisco"	"python-igraph"	"0.11.9"	"py39h3b801fc_0"	"conda-forge"
"modisco"	"python-tzdata"	"2025.2"	"pyhd8ed1ab_0"	"conda-forge"
"modisco"	"python_abi"	"3.9"	"8_cp39"	"conda-forge"
"modisco"	"pytz"	"2025.2"	"pyhd8ed1ab_0"	"conda-forge"
"modisco"	"pyzmq"	"27.1.0"	"pypi_0"	"pypi"
"modisco"	"readline"	"8.2"	"h8c095d6_2"	"conda-forge"
"modisco"	"scikit-learn"	"1.6.1"	"pypi_0"	"pypi"
"modisco"	"scipy"	"1.13.1"	"pypi_0"	"pypi"
"modisco"	"seaborn"	"0.13.2"	"pypi_0"	"pypi"
"modisco"	"setuptools"	"80.9.0"	"pyhff2d567_0"	"conda-forge"
"modisco"	"six"	"1.17.0"	"pyhe01879c_1"	"conda-forge"
"modisco"	"snappy"	"1.2.2"	"h03e3b7b_0"	"conda-forge"
"modisco"	"stack-data"	"0.6.3"	"pypi_0"	"pypi"
"modisco"	"statsmodels"	"0.14.5"	"pypi_0"	"pypi"
"modisco"	"sympy"	"1.13.1"	"pypi_0"	"pypi"
"modisco"	"tangermeme"	"1.0.0"	"pypi_0"	"pypi"
"modisco"	"texttable"	"1.7.0"	"pyhd8ed1ab_1"	"conda-forge"
"modisco"	"threadpoolctl"	"3.6.0"	"pypi_0"	"pypi"
"modisco"	"tk"	"8.6.13"	"noxft_hd72426e_102"	"conda-forge"
"modisco"	"torch"	"2.6.0"	"pypi_0"	"pypi"
"modisco"	"tornado"	"6.5.2"	"pypi_0"	"pypi"
"modisco"	"tqdm"	"4.67.1"	"pypi_0"	"pypi"
"modisco"	"traitlets"	"5.14.3"	"pypi_0"	"pypi"
"modisco"	"triton"	"3.2.0"	"pypi_0"	"pypi"
"modisco"	"typing-extensions"	"4.15.0"	"pypi_0"	"pypi"
"modisco"	"tzdata"	"2025b"	"h78e105d_0"	"conda-forge"
"modisco"	"wcwidth"	"0.2.14"	"pypi_0"	"pypi"
"modisco"	"wheel"	"0.45.1"	"pyhd8ed1ab_1"	"conda-forge"
"modisco"	"xz"	"5.8.1"	"hbcc6ac9_2"	"conda-forge"
"modisco"	"xz-gpl-tools"	"5.8.1"	"hbcc6ac9_2"	"conda-forge"
"modisco"	"xz-tools"	"5.8.1"	"hb9d3cd8_2"	"conda-forge"
"modisco"	"zipp"	"3.23.0"	"pypi_0"	"pypi"
"modisco"	"zlib"	"1.3.1"	"hb9d3cd8_2"	"conda-forge"
"modisco"	"zlib-ng"	"2.2.5"	"hde8ca8f_0"	"conda-forge"
"modisco"	"zstd"	"1.5.7"	"hb8e6e7a_2"	"conda-forge"
"motif_analysis"	"_libgcc_mutex"	"0.1"	"conda_forge"	"conda-forge"
"motif_analysis"	"_openmp_mutex"	"4.5"	"2_gnu"	"conda-forge"
"motif_analysis"	"_r-mutex"	"1.0.1"	"anacondar_1"	"conda-forge"
"motif_analysis"	"argcomplete"	"3.6.2"	"pyhd8ed1ab_0"	"conda-forge"
"motif_analysis"	"beautifulsoup4"	"4.14.2"	"pypi_0"	"pypi"
"motif_analysis"	"binutils_impl_linux-64"	"2.44"	"hdf8817f_2"	"conda-forge"
"motif_analysis"	"bioconductor-biocgenerics"	"0.48.1"	"r43hdfd78af_2"	"bioconda"
"motif_analysis"	"bioconductor-biostrings"	"2.70.1"	"r43ha9d7317_2"	"bioconda"
"motif_analysis"	"bioconductor-data-packages"	"20250625"	"hdfd78af_0"	"bioconda"
"motif_analysis"	"bioconductor-genomeinfodb"	"1.38.1"	"r43hdfd78af_1"	"bioconda"
"motif_analysis"	"bioconductor-genomeinfodbdata"	"1.2.11"	"r43hdfd78af_1"	"bioconda"
"motif_analysis"	"bioconductor-iranges"	"2.36.0"	"r43ha9d7317_2"	"bioconda"
"motif_analysis"	"bioconductor-rhdf5"	"2.46.1"	"r43hf17093f_1"	"bioconda"
"motif_analysis"	"bioconductor-rhdf5filters"	"1.14.1"	"r43hf17093f_1"	"bioconda"
"motif_analysis"	"bioconductor-rhdf5lib"	"1.24.0"	"r43ha9d7317_2"	"bioconda"
"motif_analysis"	"bioconductor-s4vectors"	"0.40.2"	"r43ha9d7317_2"	"bioconda"
"motif_analysis"	"bioconductor-xvector"	"0.42.0"	"r43ha9d7317_2"	"bioconda"
"motif_analysis"	"bioconductor-zlibbioc"	"1.48.0"	"r43ha9d7317_2"	"bioconda"
"motif_analysis"	"bs4"	"0.0.2"	"pypi_0"	"pypi"
"motif_analysis"	"bwidget"	"1.10.1"	"ha770c72_1"	"conda-forge"
"motif_analysis"	"bzip2"	"1.0.8"	"hda65f42_8"	"conda-forge"
"motif_analysis"	"c-ares"	"1.34.5"	"hb9d3cd8_0"	"conda-forge"
"motif_analysis"	"ca-certificates"	"2025.10.5"	"hbd8a1cb_0"	"conda-forge"
"motif_analysis"	"cairo"	"1.18.4"	"h3394656_0"	"conda-forge"
"motif_analysis"	"curl"	"8.14.1"	"h332b0f4_0"	"conda-forge"
"motif_analysis"	"font-ttf-dejavu-sans-mono"	"2.37"	"hab24e00_0"	"conda-forge"
"motif_analysis"	"font-ttf-inconsolata"	"3.000"	"h77eed37_0"	"conda-forge"
"motif_analysis"	"font-ttf-source-code-pro"	"2.038"	"h77eed37_0"	"conda-forge"
"motif_analysis"	"font-ttf-ubuntu"	"0.83"	"h77eed37_3"	"conda-forge"
"motif_analysis"	"fontconfig"	"2.15.0"	"h7e30c49_1"	"conda-forge"
"motif_analysis"	"fonts-conda-ecosystem"	"1"	"0"	"conda-forge"
"motif_analysis"	"fonts-conda-forge"	"1"	"0"	"conda-forge"
"motif_analysis"	"freetype"	"2.14.1"	"ha770c72_0"	"conda-forge"
"motif_analysis"	"fribidi"	"1.0.16"	"hb03c661_0"	"conda-forge"
"motif_analysis"	"gcc_impl_linux-64"	"15.2.0"	"hcacfade_7"	"conda-forge"
"motif_analysis"	"gfortran_impl_linux-64"	"15.2.0"	"h1b0a18f_7"	"conda-forge"
"motif_analysis"	"graphite2"	"1.3.14"	"hecca717_2"	"conda-forge"
"motif_analysis"	"gsl"	"2.7"	"he838d99_0"	"conda-forge"
"motif_analysis"	"gxx_impl_linux-64"	"15.2.0"	"h54ccb8d_7"	"conda-forge"
"motif_analysis"	"harfbuzz"	"11.4.5"	"h15599e2_0"	"conda-forge"
"motif_analysis"	"hdf5"	"1.14.6"	"nompi_h6e4c0c1_103"	"conda-forge"
"motif_analysis"	"icu"	"75.1"	"he02047a_0"	"conda-forge"
"motif_analysis"	"jq"	"1.8.1"	"h73b1eb8_0"	"conda-forge"
"motif_analysis"	"kernel-headers_linux-64"	"3.10.0"	"he073ed8_18"	"conda-forge"
"motif_analysis"	"keyutils"	"1.6.3"	"hb9d3cd8_0"	"conda-forge"
"motif_analysis"	"krb5"	"1.21.3"	"h659f571_0"	"conda-forge"
"motif_analysis"	"ld_impl_linux-64"	"2.44"	"ha97dd6f_2"	"conda-forge"
"motif_analysis"	"lerc"	"4.0.0"	"h0aef613_1"	"conda-forge"
"motif_analysis"	"libaec"	"1.1.4"	"h3f801dc_0"	"conda-forge"
"motif_analysis"	"libblas"	"3.9.0"	"37_h4a7cf45_openblas"	"conda-forge"
"motif_analysis"	"libcblas"	"3.9.0"	"37_h0358290_openblas"	"conda-forge"
"motif_analysis"	"libcurl"	"8.14.1"	"h332b0f4_0"	"conda-forge"
"motif_analysis"	"libdeflate"	"1.24"	"h86f0d12_0"	"conda-forge"
"motif_analysis"	"libedit"	"3.1.20250104"	"pl5321h7949ede_0"	"conda-forge"
"motif_analysis"	"libev"	"4.33"	"hd590300_2"	"conda-forge"
"motif_analysis"	"libexpat"	"2.7.1"	"hecca717_0"	"conda-forge"
"motif_analysis"	"libffi"	"3.4.6"	"h2dba641_1"	"conda-forge"
"motif_analysis"	"libfreetype"	"2.14.1"	"ha770c72_0"	"conda-forge"
"motif_analysis"	"libfreetype6"	"2.14.1"	"h73754d4_0"	"conda-forge"
"motif_analysis"	"libgcc"	"15.2.0"	"h767d61c_7"	"conda-forge"
"motif_analysis"	"libgcc-devel_linux-64"	"15.2.0"	"h73f6952_107"	"conda-forge"
"motif_analysis"	"libgcc-ng"	"15.2.0"	"h69a702a_7"	"conda-forge"
"motif_analysis"	"libgfortran"	"15.2.0"	"h69a702a_7"	"conda-forge"
"motif_analysis"	"libgfortran-ng"	"15.2.0"	"h69a702a_7"	"conda-forge"
"motif_analysis"	"libgfortran5"	"15.2.0"	"hcd61629_7"	"conda-forge"
"motif_analysis"	"libglib"	"2.84.3"	"hf39c6af_0"	"conda-forge"
"motif_analysis"	"libgomp"	"15.2.0"	"h767d61c_7"	"conda-forge"
"motif_analysis"	"libiconv"	"1.18"	"h3b78370_2"	"conda-forge"
"motif_analysis"	"libjpeg-turbo"	"3.1.0"	"hb9d3cd8_0"	"conda-forge"
"motif_analysis"	"liblapack"	"3.9.0"	"37_h47877c9_openblas"	"conda-forge"
"motif_analysis"	"liblzma"	"5.8.1"	"hb9d3cd8_2"	"conda-forge"
"motif_analysis"	"libmpdec"	"4.0.0"	"hb9d3cd8_0"	"conda-forge"
"motif_analysis"	"libnghttp2"	"1.67.0"	"had1ee68_0"	"conda-forge"
"motif_analysis"	"libopenblas"	"0.3.30"	"pthreads_h94d23a6_2"	"conda-forge"
"motif_analysis"	"libpng"	"1.6.50"	"h421ea60_1"	"conda-forge"
"motif_analysis"	"libsanitizer"	"15.2.0"	"hb13aed2_7"	"conda-forge"
"motif_analysis"	"libsqlite"	"3.50.4"	"h0c1763c_0"	"conda-forge"
"motif_analysis"	"libssh2"	"1.11.1"	"hcf80075_0"	"conda-forge"
"motif_analysis"	"libstdcxx"	"15.2.0"	"h8f9b012_7"	"conda-forge"
"motif_analysis"	"libstdcxx-devel_linux-64"	"15.2.0"	"h73f6952_107"	"conda-forge"
"motif_analysis"	"libstdcxx-ng"	"15.2.0"	"h4852527_7"	"conda-forge"
"motif_analysis"	"libtiff"	"4.7.1"	"h8261f1e_0"	"conda-forge"
"motif_analysis"	"libuuid"	"2.41.2"	"he9a06e4_0"	"conda-forge"
"motif_analysis"	"libwebp-base"	"1.6.0"	"hd42ef1d_0"	"conda-forge"
"motif_analysis"	"libxcb"	"1.17.0"	"h8a09558_0"	"conda-forge"
"motif_analysis"	"libxml2"	"2.13.8"	"h04c0eec_1"	"conda-forge"
"motif_analysis"	"libzlib"	"1.3.1"	"hb9d3cd8_2"	"conda-forge"
"motif_analysis"	"make"	"4.4.1"	"hb9d3cd8_2"	"conda-forge"
"motif_analysis"	"ncurses"	"6.5"	"h2d0b736_3"	"conda-forge"
"motif_analysis"	"oniguruma"	"6.9.10"	"hb9d3cd8_0"	"conda-forge"
"motif_analysis"	"openssl"	"3.5.4"	"h26f9b46_0"	"conda-forge"
"motif_analysis"	"pandoc"	"3.8.2"	"ha770c72_0"	"conda-forge"
"motif_analysis"	"pango"	"1.56.4"	"hadf4263_0"	"conda-forge"
"motif_analysis"	"pcre2"	"10.45"	"hc749103_0"	"conda-forge"
"motif_analysis"	"pip"	"25.2"	"pyh145f28c_0"	"conda-forge"
"motif_analysis"	"pixman"	"0.46.4"	"h54a6638_1"	"conda-forge"
"motif_analysis"	"pthread-stubs"	"0.4"	"hb9d3cd8_1002"	"conda-forge"
"motif_analysis"	"python"	"3.14.0"	"h5989046_101_cp314"	"conda-forge"
"motif_analysis"	"python_abi"	"3.14"	"8_cp314"	"conda-forge"
"motif_analysis"	"pyyaml"	"6.0.3"	"pyh7db6752_0"	"conda-forge"
"motif_analysis"	"r-askpass"	"1.2.1"	"r43h2b5f3a1_0"	"conda-forge"
"motif_analysis"	"r-assertthat"	"0.2.1"	"r43hc72bb7e_5"	"conda-forge"
"motif_analysis"	"r-backports"	"1.5.0"	"r43hb1dbf0f_1"	"conda-forge"
"motif_analysis"	"r-base"	"4.3.3"	"h65010dc_18"	"conda-forge"
"motif_analysis"	"r-base64enc"	"0.1_3"	"r43hb1dbf0f_1007"	"conda-forge"
"motif_analysis"	"r-bit"	"4.6.0"	"r43h2b5f3a1_0"	"conda-forge"
"motif_analysis"	"r-bit64"	"4.6.0_1"	"r43h2b5f3a1_0"	"conda-forge"
"motif_analysis"	"r-bitops"	"1.0_9"	"r43h2b5f3a1_0"	"conda-forge"
"motif_analysis"	"r-blob"	"1.2.4"	"r43hc72bb7e_2"	"conda-forge"
"motif_analysis"	"r-broom"	"1.0.9"	"r43hc72bb7e_0"	"conda-forge"
"motif_analysis"	"r-bslib"	"0.9.0"	"r43hc72bb7e_0"	"conda-forge"
"motif_analysis"	"r-cachem"	"1.1.0"	"r43hb1dbf0f_1"	"conda-forge"
"motif_analysis"	"r-callr"	"3.7.6"	"r43hc72bb7e_1"	"conda-forge"
"motif_analysis"	"r-cellranger"	"1.1.0"	"r43hc72bb7e_1007"	"conda-forge"
"motif_analysis"	"r-cli"	"3.6.5"	"r43h93ab643_0"	"conda-forge"
"motif_analysis"	"r-clipr"	"0.8.0"	"r43hc72bb7e_3"	"conda-forge"
"motif_analysis"	"r-colorspace"	"2.1_1"	"r43hdb488b9_0"	"conda-forge"
"motif_analysis"	"r-conflicted"	"1.2.0"	"r43h785f33e_2"	"conda-forge"
"motif_analysis"	"r-cpp11"	"0.5.2"	"r43h785f33e_1"	"conda-forge"
"motif_analysis"	"r-crayon"	"1.5.3"	"r43hc72bb7e_1"	"conda-forge"
"motif_analysis"	"r-curl"	"7.0.0"	"r43h10955f1_0"	"conda-forge"
"motif_analysis"	"r-data.table"	"1.17.8"	"r43h1c8cec4_0"	"conda-forge"
"motif_analysis"	"r-dbi"	"1.2.3"	"r43hc72bb7e_1"	"conda-forge"
"motif_analysis"	"r-dbplyr"	"2.5.1"	"r43hc72bb7e_0"	"conda-forge"
"motif_analysis"	"r-digest"	"0.6.37"	"r43h0d4f4ea_0"	"conda-forge"
"motif_analysis"	"r-dplyr"	"1.1.4"	"r43h0d4f4ea_1"	"conda-forge"
"motif_analysis"	"r-dtplyr"	"1.3.2"	"r43hc72bb7e_0"	"conda-forge"
"motif_analysis"	"r-ellipsis"	"0.3.2"	"r43hb1dbf0f_3"	"conda-forge"
"motif_analysis"	"r-evaluate"	"1.0.5"	"r43hc72bb7e_0"	"conda-forge"
"motif_analysis"	"r-fansi"	"1.0.6"	"r43hb1dbf0f_1"	"conda-forge"
"motif_analysis"	"r-farver"	"2.1.2"	"r43ha18555a_1"	"conda-forge"
"motif_analysis"	"r-fastmap"	"1.2.0"	"r43ha18555a_1"	"conda-forge"
"motif_analysis"	"r-fontawesome"	"0.5.3"	"r43hc72bb7e_0"	"conda-forge"
"motif_analysis"	"r-forcats"	"1.0.0"	"r43hc72bb7e_2"	"conda-forge"
"motif_analysis"	"r-fs"	"1.6.6"	"r43h93ab643_0"	"conda-forge"
"motif_analysis"	"r-gargle"	"1.6.0"	"r43h785f33e_0"	"conda-forge"
"motif_analysis"	"r-generics"	"0.1.4"	"r43hc72bb7e_0"	"conda-forge"
"motif_analysis"	"r-ggplot2"	"3.5.2"	"r43hc72bb7e_0"	"conda-forge"
"motif_analysis"	"r-ggseqlogo"	"0.2"	"r43hc72bb7e_1"	"conda-forge"
"motif_analysis"	"r-glue"	"1.8.0"	"r43h2b5f3a1_0"	"conda-forge"
"motif_analysis"	"r-googledrive"	"2.1.2"	"r43hc72bb7e_0"	"conda-forge"
"motif_analysis"	"r-googlesheets4"	"1.1.2"	"r43h785f33e_0"	"conda-forge"
"motif_analysis"	"r-gtable"	"0.3.6"	"r43hc72bb7e_0"	"conda-forge"
"motif_analysis"	"r-haven"	"2.5.5"	"r43h6d565e7_0"	"conda-forge"
"motif_analysis"	"r-highr"	"0.11"	"r43hc72bb7e_1"	"conda-forge"
"motif_analysis"	"r-hms"	"1.1.3"	"r43hc72bb7e_2"	"conda-forge"
"motif_analysis"	"r-htmltools"	"0.5.8.1"	"r43ha18555a_1"	"conda-forge"
"motif_analysis"	"r-httr"	"1.4.7"	"r43hc72bb7e_1"	"conda-forge"
"motif_analysis"	"r-ids"	"1.0.1"	"r43hc72bb7e_4"	"conda-forge"
"motif_analysis"	"r-isoband"	"0.2.7"	"r43ha18555a_3"	"conda-forge"
"motif_analysis"	"r-jquerylib"	"0.1.4"	"r43hc72bb7e_3"	"conda-forge"
"motif_analysis"	"r-jsonlite"	"2.0.0"	"r43h2b5f3a1_0"	"conda-forge"
"motif_analysis"	"r-knitr"	"1.50"	"r43hc72bb7e_0"	"conda-forge"
"motif_analysis"	"r-labeling"	"0.4.3"	"r43hc72bb7e_1"	"conda-forge"
"motif_analysis"	"r-lattice"	"0.22_7"	"r43h2b5f3a1_0"	"conda-forge"
"motif_analysis"	"r-lifecycle"	"1.0.4"	"r43hc72bb7e_1"	"conda-forge"
"motif_analysis"	"r-lubridate"	"1.9.4"	"r43h2b5f3a1_0"	"conda-forge"
"motif_analysis"	"r-magrittr"	"2.0.3"	"r43hb1dbf0f_3"	"conda-forge"
"motif_analysis"	"r-mass"	"7.3_60.0.1"	"r43hb1dbf0f_1"	"conda-forge"
"motif_analysis"	"r-matrix"	"1.6_5"	"r43he966344_1"	"conda-forge"
"motif_analysis"	"r-memoise"	"2.0.1"	"r43hc72bb7e_3"	"conda-forge"
"motif_analysis"	"r-mgcv"	"1.9_3"	"r43h2ae2be5_0"	"conda-forge"
"motif_analysis"	"r-mime"	"0.13"	"r43h2b5f3a1_0"	"conda-forge"
"motif_analysis"	"r-modelr"	"0.1.11"	"r43hc72bb7e_2"	"conda-forge"
"motif_analysis"	"r-munsell"	"0.5.1"	"r43hc72bb7e_1"	"conda-forge"
"motif_analysis"	"r-nlme"	"3.1_168"	"r43hb67ce94_0"	"conda-forge"
"motif_analysis"	"r-openssl"	"2.3.3"	"r43he8289e2_0"	"conda-forge"
"motif_analysis"	"r-pheatmap"	"1.0.13"	"r43hc72bb7e_0"	"conda-forge"
"motif_analysis"	"r-pillar"	"1.11.0"	"r43hc72bb7e_0"	"conda-forge"
"motif_analysis"	"r-pkgconfig"	"2.0.3"	"r43hc72bb7e_4"	"conda-forge"
"motif_analysis"	"r-prettyunits"	"1.2.0"	"r43hc72bb7e_1"	"conda-forge"
"motif_analysis"	"r-processx"	"3.8.6"	"r43h2b5f3a1_0"	"conda-forge"
"motif_analysis"	"r-progress"	"1.2.3"	"r43hc72bb7e_1"	"conda-forge"
"motif_analysis"	"r-ps"	"1.9.1"	"r43h2b5f3a1_0"	"conda-forge"
"motif_analysis"	"r-purrr"	"1.1.0"	"r43h54b55ab_0"	"conda-forge"
"motif_analysis"	"r-r6"	"2.6.1"	"r43hc72bb7e_0"	"conda-forge"
"motif_analysis"	"r-ragg"	"1.5.0"	"r43h9f1dc4d_0"	"conda-forge"
"motif_analysis"	"r-rappdirs"	"0.3.3"	"r43hb1dbf0f_3"	"conda-forge"
"motif_analysis"	"r-rcolorbrewer"	"1.1_3"	"r43h785f33e_3"	"conda-forge"
"motif_analysis"	"r-rcurl"	"1.98_1.17"	"r43hb79926e_0"	"conda-forge"
"motif_analysis"	"r-readr"	"2.1.5"	"r43h0d4f4ea_1"	"conda-forge"
"motif_analysis"	"r-readxl"	"1.4.5"	"r43h328fee5_0"	"conda-forge"
"motif_analysis"	"r-rematch"	"2.0.0"	"r43hc72bb7e_1"	"conda-forge"
"motif_analysis"	"r-rematch2"	"2.1.2"	"r43hc72bb7e_4"	"conda-forge"
"motif_analysis"	"r-reprex"	"2.1.1"	"r43hc72bb7e_1"	"conda-forge"
"motif_analysis"	"r-rlang"	"1.1.6"	"r43h93ab643_0"	"conda-forge"
"motif_analysis"	"r-rmarkdown"	"2.29"	"r43hc72bb7e_0"	"conda-forge"
"motif_analysis"	"r-rstudioapi"	"0.17.1"	"r43hc72bb7e_0"	"conda-forge"
"motif_analysis"	"r-rvest"	"1.0.5"	"r43hc72bb7e_0"	"conda-forge"
"motif_analysis"	"r-sass"	"0.4.10"	"r43h93ab643_0"	"conda-forge"
"motif_analysis"	"r-scales"	"1.4.0"	"r43hc72bb7e_0"	"conda-forge"
"motif_analysis"	"r-selectr"	"0.4_2"	"r43hc72bb7e_4"	"conda-forge"
"motif_analysis"	"r-stringi"	"1.8.7"	"r43h3c328a7_0"	"conda-forge"
"motif_analysis"	"r-stringr"	"1.5.2"	"r43h785f33e_0"	"conda-forge"
"motif_analysis"	"r-sys"	"3.4.3"	"r43h2b5f3a1_0"	"conda-forge"
"motif_analysis"	"r-systemfonts"	"1.2.3"	"r43h74f4acd_0"	"conda-forge"
"motif_analysis"	"r-textshaping"	"1.0.3"	"r43h74f4acd_0"	"conda-forge"
"motif_analysis"	"r-tibble"	"3.3.0"	"r43h2b5f3a1_0"	"conda-forge"
"motif_analysis"	"r-tidyr"	"1.3.1"	"r43h0d4f4ea_1"	"conda-forge"
"motif_analysis"	"r-tidyselect"	"1.2.1"	"r43hc72bb7e_1"	"conda-forge"
"motif_analysis"	"r-tidyverse"	"2.0.0"	"r43h785f33e_2"	"conda-forge"
"motif_analysis"	"r-timechange"	"0.3.0"	"r43ha18555a_1"	"conda-forge"
"motif_analysis"	"r-tinytex"	"0.57"	"r43hc72bb7e_0"	"conda-forge"
"motif_analysis"	"r-tzdb"	"0.5.0"	"r43h3697838_1"	"conda-forge"
"motif_analysis"	"r-utf8"	"1.2.6"	"r43h2b5f3a1_0"	"conda-forge"
"motif_analysis"	"r-uuid"	"1.2_1"	"r43hdb488b9_0"	"conda-forge"
"motif_analysis"	"r-vctrs"	"0.6.5"	"r43h0d4f4ea_1"	"conda-forge"
"motif_analysis"	"r-viridislite"	"0.4.2"	"r43hc72bb7e_2"	"conda-forge"
"motif_analysis"	"r-vroom"	"1.6.5"	"r43h0d4f4ea_1"	"conda-forge"
"motif_analysis"	"r-withr"	"3.0.2"	"r43hc72bb7e_0"	"conda-forge"
"motif_analysis"	"r-xfun"	"0.53"	"r43h3697838_0"	"conda-forge"
"motif_analysis"	"r-xml2"	"1.4.0"	"r43hc6fd541_0"	"conda-forge"
"motif_analysis"	"r-yaml"	"2.3.10"	"r43hdb488b9_0"	"conda-forge"
"motif_analysis"	"readline"	"8.2"	"h8c095d6_2"	"conda-forge"
"motif_analysis"	"sed"	"4.9"	"h6688a6e_0"	"conda-forge"
"motif_analysis"	"setuptools"	"80.9.0"	"pyhff2d567_0"	"conda-forge"
"motif_analysis"	"soupsieve"	"2.8"	"pypi_0"	"pypi"
"motif_analysis"	"sysroot_linux-64"	"2.17"	"h0157908_18"	"conda-forge"
"motif_analysis"	"tk"	"8.6.13"	"noxft_hd72426e_102"	"conda-forge"
"motif_analysis"	"tktable"	"2.10"	"h8d826fa_7"	"conda-forge"
"motif_analysis"	"toml"	"0.10.2"	"pyhd8ed1ab_1"	"conda-forge"
"motif_analysis"	"tomlkit"	"0.13.3"	"pyha770c72_0"	"conda-forge"
"motif_analysis"	"typing-extensions"	"4.15.0"	"pypi_0"	"pypi"
"motif_analysis"	"tzdata"	"2025b"	"h78e105d_0"	"conda-forge"
"motif_analysis"	"xmltodict"	"1.0.2"	"pyhcf101f3_0"	"conda-forge"
"motif_analysis"	"xorg-libice"	"1.1.2"	"hb9d3cd8_0"	"conda-forge"
"motif_analysis"	"xorg-libsm"	"1.2.6"	"he73a12e_0"	"conda-forge"
"motif_analysis"	"xorg-libx11"	"1.8.12"	"h4f16b4b_0"	"conda-forge"
"motif_analysis"	"xorg-libxau"	"1.0.12"	"hb9d3cd8_0"	"conda-forge"
"motif_analysis"	"xorg-libxdmcp"	"1.1.5"	"hb9d3cd8_0"	"conda-forge"
"motif_analysis"	"xorg-libxext"	"1.3.6"	"hb9d3cd8_0"	"conda-forge"
"motif_analysis"	"xorg-libxrender"	"0.9.12"	"hb9d3cd8_0"	"conda-forge"
"motif_analysis"	"xorg-libxt"	"1.3.1"	"hb9d3cd8_0"	"conda-forge"
"motif_analysis"	"yaml"	"0.2.5"	"h280c20c_3"	"conda-forge"
"motif_analysis"	"yq"	"3.4.3"	"pyhe01879c_2"	"conda-forge"
"motif_analysis"	"zstd"	"1.5.7"	"hb8e6e7a_2"	"conda-forge"
"nucleoatac"	"_libgcc_mutex"	"0.1"	"conda_forge"	"conda-forge"
"nucleoatac"	"_openmp_mutex"	"4.5"	"2_gnu"	"conda-forge"
"nucleoatac"	"backports"	"1.0"	"pyhd8ed1ab_3"	"conda-forge"
"nucleoatac"	"backports.functools_lru_cache"	"1.6.1"	"py_0"	"conda-forge"
"nucleoatac"	"backports_abc"	"0.5"	"py_1"	"conda-forge"
"nucleoatac"	"bzip2"	"1.0.8"	"hda65f42_8"	"conda-forge"
"nucleoatac"	"c-ares"	"1.34.5"	"hb9d3cd8_0"	"conda-forge"
"nucleoatac"	"ca-certificates"	"2025.11.12"	"hbd8a1cb_0"	"conda-forge"
"nucleoatac"	"certifi"	"2019.11.28"	"py27h8c360ce_1"	"conda-forge"
"nucleoatac"	"cycler"	"0.10.0"	"py_2"	"conda-forge"
"nucleoatac"	"freetype"	"2.12.1"	"h267a509_2"	"conda-forge"
"nucleoatac"	"functools32"	"3.2.3.2"	"py_3"	"conda-forge"
"nucleoatac"	"futures"	"3.3.0"	"py27h8c360ce_1"	"conda-forge"
"nucleoatac"	"htslib"	"1.17"	"h6bc39ce_1"	"bioconda"
"nucleoatac"	"icu"	"64.2"	"he1b5a44_1"	"conda-forge"
"nucleoatac"	"keyutils"	"1.6.3"	"hb9d3cd8_0"	"conda-forge"
"nucleoatac"	"kiwisolver"	"1.1.0"	"py27h9e3301b_1"	"conda-forge"
"nucleoatac"	"krb5"	"1.20.1"	"hf9c8cef_0"	"conda-forge"
"nucleoatac"	"ld_impl_linux-64"	"2.44"	"ha97dd6f_2"	"conda-forge"
"nucleoatac"	"libblas"	"3.9.0"	"20_linux64_openblas"	"conda-forge"
"nucleoatac"	"libcblas"	"3.9.0"	"20_linux64_openblas"	"conda-forge"
"nucleoatac"	"libcurl"	"7.87.0"	"h6312ad2_0"	"conda-forge"
"nucleoatac"	"libdeflate"	"1.25"	"h17f619e_0"	"conda-forge"
"nucleoatac"	"libedit"	"3.1.20250104"	"pl5321h7949ede_0"	"conda-forge"
"nucleoatac"	"libev"	"4.33"	"hd590300_2"	"conda-forge"
"nucleoatac"	"libffi"	"3.2.1"	"he1b5a44_1007"	"conda-forge"
"nucleoatac"	"libgcc"	"15.2.0"	"h767d61c_7"	"conda-forge"
"nucleoatac"	"libgcc-ng"	"15.2.0"	"h69a702a_7"	"conda-forge"
"nucleoatac"	"libgfortran-ng"	"7.5.0"	"h14aa051_20"	"conda-forge"
"nucleoatac"	"libgfortran4"	"7.5.0"	"h14aa051_20"	"conda-forge"
"nucleoatac"	"libgfortran5"	"15.2.0"	"hcd61629_7"	"conda-forge"
"nucleoatac"	"libgomp"	"15.2.0"	"h767d61c_7"	"conda-forge"
"nucleoatac"	"liblapack"	"3.9.0"	"20_linux64_openblas"	"conda-forge"
"nucleoatac"	"libnghttp2"	"1.51.0"	"hdcd2b5c_0"	"conda-forge"
"nucleoatac"	"libopenblas"	"0.3.25"	"pthreads_h413a1c8_0"	"conda-forge"
"nucleoatac"	"libpng"	"1.6.43"	"h2797004_0"	"conda-forge"
"nucleoatac"	"libsqlite"	"3.46.0"	"hde9e2c9_0"	"conda-forge"
"nucleoatac"	"libssh2"	"1.10.0"	"haa6b8db_3"	"conda-forge"
"nucleoatac"	"libstdcxx"	"15.2.0"	"h8f9b012_7"	"conda-forge"
"nucleoatac"	"libstdcxx-ng"	"15.2.0"	"h4852527_7"	"conda-forge"
"nucleoatac"	"libzlib"	"1.2.13"	"h4ab18f5_6"	"conda-forge"
"nucleoatac"	"matplotlib-base"	"2.2.5"	"py27h250f245_1"	"conda-forge"
"nucleoatac"	"ncurses"	"6.5"	"h2d0b736_3"	"conda-forge"
"nucleoatac"	"nucleoatac"	"0.3.4"	"py27h984c793_7"	"bioconda"
"nucleoatac"	"numpy"	"1.16.5"	"py27h95a1406_0"	"conda-forge"
"nucleoatac"	"openssl"	"1.1.1w"	"hd590300_0"	"conda-forge"
"nucleoatac"	"pandas"	"0.24.2"	"py27hb3f55d8_0"	"conda-forge"
"nucleoatac"	"pip"	"20.1.1"	"pyh9f0ad1d_0"	"conda-forge"
"nucleoatac"	"pyparsing"	"2.4.7"	"pyh9f0ad1d_0"	"conda-forge"
"nucleoatac"	"pysam"	"0.20.0"	"py27h7835474_0"	"bioconda"
"nucleoatac"	"python"	"2.7.15"	"h5a48372_1011_cpython"	"conda-forge"
"nucleoatac"	"python-dateutil"	"2.8.1"	"py_0"	"conda-forge"
"nucleoatac"	"python_abi"	"2.7"	"1_cp27mu"	"conda-forge"
"nucleoatac"	"pytz"	"2020.1"	"pyh9f0ad1d_0"	"conda-forge"
"nucleoatac"	"readline"	"8.2"	"h8c095d6_2"	"conda-forge"
"nucleoatac"	"scipy"	"1.2.1"	"py27h921218d_2"	"conda-forge"
"nucleoatac"	"setuptools"	"44.0.0"	"py27_0"	"conda-forge"
"nucleoatac"	"singledispatch"	"3.6.1"	"pyh44b312d_0"	"conda-forge"
"nucleoatac"	"six"	"1.16.0"	"pyh6c4a22f_0"	"conda-forge"
"nucleoatac"	"sqlite"	"3.46.0"	"h6d4b2fc_0"	"conda-forge"
"nucleoatac"	"subprocess32"	"3.5.4"	"py27h516909a_0"	"conda-forge"
"nucleoatac"	"tk"	"8.6.13"	"noxft_h4845f30_101"	"conda-forge"
"nucleoatac"	"tornado"	"5.1.1"	"py27h14c3975_1000"	"conda-forge"
"nucleoatac"	"wheel"	"0.37.1"	"pyhd8ed1ab_0"	"conda-forge"
"nucleoatac"	"xz"	"5.2.6"	"h166bdaf_0"	"conda-forge"
"nucleoatac"	"zlib"	"1.2.13"	"h4ab18f5_6"	"conda-forge"
"phylop"	"_libgcc_mutex"	"0.1"	"conda_forge"	"conda-forge"
"phylop"	"_openmp_mutex"	"4.5"	"2_gnu"	"conda-forge"
"phylop"	"_r-mutex"	"1.0.1"	"anacondar_1"	"conda-forge"
"phylop"	"alsa-lib"	"1.2.15.3"	"hb03c661_0"	"conda-forge"
"phylop"	"argcomplete"	"3.6.3"	"pyhd8ed1ab_0"	"conda-forge"
"phylop"	"attr"	"2.5.2"	"h39aace5_0"	"conda-forge"
"phylop"	"bedtools"	"2.31.1"	"h13024bc_3"	"bioconda"
"phylop"	"binutils_impl_linux-64"	"2.45"	"default_hfdba357_104"	"conda-forge"
"phylop"	"bioconductor-biobase"	"2.62.0"	"r43ha9d7317_3"	"bioconda"
"phylop"	"bioconductor-biocgenerics"	"0.48.1"	"r43hdfd78af_2"	"bioconda"
"phylop"	"bioconductor-biocio"	"1.12.0"	"r43hdfd78af_0"	"bioconda"
"phylop"	"bioconductor-biocparallel"	"1.36.0"	"r43hf17093f_2"	"bioconda"
"phylop"	"bioconductor-biostrings"	"2.70.1"	"r43ha9d7317_2"	"bioconda"
"phylop"	"bioconductor-data-packages"	"20250625"	"hdfd78af_0"	"bioconda"
"phylop"	"bioconductor-delayedarray"	"0.28.0"	"r43ha9d7317_2"	"bioconda"
"phylop"	"bioconductor-genomeinfodb"	"1.38.1"	"r43hdfd78af_1"	"bioconda"
"phylop"	"bioconductor-genomeinfodbdata"	"1.2.11"	"r43hdfd78af_1"	"bioconda"
"phylop"	"bioconductor-genomicalignments"	"1.38.0"	"r43ha9d7317_1"	"bioconda"
"phylop"	"bioconductor-genomicranges"	"1.54.1"	"r43ha9d7317_2"	"bioconda"
"phylop"	"bioconductor-iranges"	"2.36.0"	"r43ha9d7317_2"	"bioconda"
"phylop"	"bioconductor-matrixgenerics"	"1.14.0"	"r43hdfd78af_3"	"bioconda"
"phylop"	"bioconductor-rhtslib"	"2.4.0"	"r43ha9d7317_2"	"bioconda"
"phylop"	"bioconductor-rsamtools"	"2.18.0"	"r43hf17093f_2"	"bioconda"
"phylop"	"bioconductor-rtracklayer"	"1.62.0"	"r43ha9d7317_1"	"bioconda"
"phylop"	"bioconductor-s4arrays"	"1.2.0"	"r43ha9d7317_2"	"bioconda"
"phylop"	"bioconductor-s4vectors"	"0.40.2"	"r43ha9d7317_2"	"bioconda"
"phylop"	"bioconductor-sparsearray"	"1.2.2"	"r43ha9d7317_2"	"bioconda"
"phylop"	"bioconductor-summarizedexperiment"	"1.32.0"	"r43hdfd78af_0"	"bioconda"
"phylop"	"bioconductor-xvector"	"0.42.0"	"r43ha9d7317_2"	"bioconda"
"phylop"	"bioconductor-zlibbioc"	"1.48.0"	"r43ha9d7317_2"	"bioconda"
"phylop"	"brotli"	"1.2.0"	"hed03a55_1"	"conda-forge"
"phylop"	"brotli-bin"	"1.2.0"	"hb03c661_1"	"conda-forge"
"phylop"	"bwidget"	"1.10.1"	"ha770c72_1"	"conda-forge"
"phylop"	"bzip2"	"1.0.8"	"hda65f42_8"	"conda-forge"
"phylop"	"c-ares"	"1.34.5"	"hb9d3cd8_0"	"conda-forge"
"phylop"	"ca-certificates"	"2026.1.4"	"hbd8a1cb_0"	"conda-forge"
"phylop"	"cairo"	"1.18.4"	"h3394656_0"	"conda-forge"
"phylop"	"contourpy"	"1.3.2"	"py310h3788b33_0"	"conda-forge"
"phylop"	"curl"	"8.17.0"	"h4e3cde8_0"	"conda-forge"
"phylop"	"cycler"	"0.12.1"	"pyhcf101f3_2"	"conda-forge"
"phylop"	"cyrus-sasl"	"2.1.28"	"hd9c7081_0"	"conda-forge"
"phylop"	"dbus"	"1.16.2"	"h24cb091_1"	"conda-forge"
"phylop"	"font-ttf-dejavu-sans-mono"	"2.37"	"hab24e00_0"	"conda-forge"
"phylop"	"font-ttf-inconsolata"	"3.000"	"h77eed37_0"	"conda-forge"
"phylop"	"font-ttf-source-code-pro"	"2.038"	"h77eed37_0"	"conda-forge"
"phylop"	"font-ttf-ubuntu"	"0.83"	"h77eed37_3"	"conda-forge"
"phylop"	"fontconfig"	"2.15.0"	"h7e30c49_1"	"conda-forge"
"phylop"	"fonts-conda-ecosystem"	"1"	"0"	"conda-forge"
"phylop"	"fonts-conda-forge"	"1"	"hc364b38_1"	"conda-forge"
"phylop"	"fonttools"	"4.61.1"	"py310h3406613_0"	"conda-forge"
"phylop"	"freetype"	"2.14.1"	"ha770c72_0"	"conda-forge"
"phylop"	"fribidi"	"1.0.16"	"hb03c661_0"	"conda-forge"
"phylop"	"gcc_impl_linux-64"	"15.2.0"	"h065a4ff_12"	"conda-forge"
"phylop"	"gfortran_impl_linux-64"	"15.2.0"	"h281d09f_12"	"conda-forge"
"phylop"	"glib"	"2.86.2"	"h5192d8d_1"	"conda-forge"
"phylop"	"glib-tools"	"2.86.2"	"hf516916_1"	"conda-forge"
"phylop"	"graphite2"	"1.3.14"	"hecca717_2"	"conda-forge"
"phylop"	"gsl"	"2.7"	"he838d99_0"	"conda-forge"
"phylop"	"gst-plugins-base"	"1.24.11"	"h651a532_0"	"conda-forge"
"phylop"	"gstreamer"	"1.24.11"	"hc37bda9_0"	"conda-forge"
"phylop"	"gxx_impl_linux-64"	"15.2.0"	"hda75c37_12"	"conda-forge"
"phylop"	"harfbuzz"	"12.2.0"	"h15599e2_0"	"conda-forge"
"phylop"	"htslib"	"1.22.1"	"h566b1c6_0"	"bioconda"
"phylop"	"icu"	"75.1"	"he02047a_0"	"conda-forge"
"phylop"	"jq"	"1.8.1"	"h73b1eb8_0"	"conda-forge"
"phylop"	"kernel-headers_linux-64"	"3.10.0"	"he073ed8_18"	"conda-forge"
"phylop"	"keyutils"	"1.6.3"	"hb9d3cd8_0"	"conda-forge"
"phylop"	"kiwisolver"	"1.4.9"	"py310haaf941d_2"	"conda-forge"
"phylop"	"krb5"	"1.21.3"	"h659f571_0"	"conda-forge"
"phylop"	"lame"	"3.100"	"h166bdaf_1003"	"conda-forge"
"phylop"	"lcms2"	"2.18"	"h0c24ade_0"	"conda-forge"
"phylop"	"ld_impl_linux-64"	"2.45"	"default_hbd61a6d_104"	"conda-forge"
"phylop"	"lerc"	"4.0.0"	"h0aef613_1"	"conda-forge"
"phylop"	"libblas"	"3.11.0"	"2_h4a7cf45_openblas"	"conda-forge"
"phylop"	"libbrotlicommon"	"1.2.0"	"hb03c661_1"	"conda-forge"
"phylop"	"libbrotlidec"	"1.2.0"	"hb03c661_1"	"conda-forge"
"phylop"	"libbrotlienc"	"1.2.0"	"hb03c661_1"	"conda-forge"
"phylop"	"libcap"	"2.77"	"h3ff7636_0"	"conda-forge"
"phylop"	"libcblas"	"3.11.0"	"2_h0358290_openblas"	"conda-forge"
"phylop"	"libclang-cpp20.1"	"20.1.8"	"default_h99862b1_8"	"conda-forge"
"phylop"	"libclang13"	"21.1.0"	"default_h746c552_1"	"conda-forge"
"phylop"	"libcups"	"2.3.3"	"hb8b1518_5"	"conda-forge"
"phylop"	"libcurl"	"8.17.0"	"h4e3cde8_0"	"conda-forge"
"phylop"	"libdeflate"	"1.25"	"h17f619e_0"	"conda-forge"
"phylop"	"libdrm"	"2.4.125"	"hb03c661_1"	"conda-forge"
"phylop"	"libedit"	"3.1.20250104"	"pl5321h7949ede_0"	"conda-forge"
"phylop"	"libegl"	"1.7.0"	"ha4b6fd6_2"	"conda-forge"
"phylop"	"libev"	"4.33"	"hd590300_2"	"conda-forge"
"phylop"	"libevent"	"2.1.12"	"hf998b51_1"	"conda-forge"
"phylop"	"libexpat"	"2.7.3"	"hecca717_0"	"conda-forge"
"phylop"	"libffi"	"3.5.2"	"h9ec8514_0"	"conda-forge"
"phylop"	"libflac"	"1.5.0"	"he200343_1"	"conda-forge"
"phylop"	"libfreetype"	"2.14.1"	"ha770c72_0"	"conda-forge"
"phylop"	"libfreetype6"	"2.14.1"	"h73754d4_0"	"conda-forge"
"phylop"	"libgcc"	"15.2.0"	"he0feb66_12"	"conda-forge"
"phylop"	"libgcc-devel_linux-64"	"15.2.0"	"hcc6f6b0_112"	"conda-forge"
"phylop"	"libgcc-ng"	"15.2.0"	"h69a702a_12"	"conda-forge"
"phylop"	"libgfortran"	"15.2.0"	"h69a702a_12"	"conda-forge"
"phylop"	"libgfortran-ng"	"15.2.0"	"h69a702a_12"	"conda-forge"
"phylop"	"libgfortran5"	"15.2.0"	"h68bc16d_12"	"conda-forge"
"phylop"	"libgl"	"1.7.0"	"ha4b6fd6_2"	"conda-forge"
"phylop"	"libglib"	"2.86.2"	"h6548e54_1"	"conda-forge"
"phylop"	"libglvnd"	"1.7.0"	"ha4b6fd6_2"	"conda-forge"
"phylop"	"libglx"	"1.7.0"	"ha4b6fd6_2"	"conda-forge"
"phylop"	"libgomp"	"15.2.0"	"he0feb66_12"	"conda-forge"
"phylop"	"libiconv"	"1.18"	"h3b78370_2"	"conda-forge"
"phylop"	"libjpeg-turbo"	"3.1.2"	"hb03c661_0"	"conda-forge"
"phylop"	"liblapack"	"3.11.0"	"2_h47877c9_openblas"	"conda-forge"
"phylop"	"libllvm20"	"20.1.8"	"hecd9e04_0"	"conda-forge"
"phylop"	"libllvm21"	"21.1.0"	"hecd9e04_0"	"conda-forge"
"phylop"	"liblzma"	"5.8.1"	"hb9d3cd8_2"	"conda-forge"
"phylop"	"libnghttp2"	"1.67.0"	"had1ee68_0"	"conda-forge"
"phylop"	"libnsl"	"2.0.1"	"hb9d3cd8_1"	"conda-forge"
"phylop"	"libntlm"	"1.8"	"hb9d3cd8_0"	"conda-forge"
"phylop"	"libogg"	"1.3.5"	"hd0c01bc_1"	"conda-forge"
"phylop"	"libopenblas"	"0.3.30"	"pthreads_h94d23a6_4"	"conda-forge"
"phylop"	"libopengl"	"1.7.0"	"ha4b6fd6_2"	"conda-forge"
"phylop"	"libopenssl-static"	"3.6.0"	"hb03c661_0"	"conda-forge"
"phylop"	"libopus"	"1.6.1"	"h280c20c_0"	"conda-forge"
"phylop"	"libpciaccess"	"0.18"	"hb9d3cd8_0"	"conda-forge"
"phylop"	"libpng"	"1.6.51"	"h421ea60_0"	"conda-forge"
"phylop"	"libpq"	"17.7"	"h5c52fec_1"	"conda-forge"
"phylop"	"libsanitizer"	"15.2.0"	"h90f66d4_12"	"conda-forge"
"phylop"	"libsndfile"	"1.2.2"	"hc7d488a_2"	"conda-forge"
"phylop"	"libsqlite"	"3.51.0"	"hee844dc_0"	"conda-forge"
"phylop"	"libssh2"	"1.11.1"	"hcf80075_0"	"conda-forge"
"phylop"	"libstdcxx"	"15.2.0"	"h934c35e_12"	"conda-forge"
"phylop"	"libstdcxx-devel_linux-64"	"15.2.0"	"hd446a21_112"	"conda-forge"
"phylop"	"libstdcxx-ng"	"15.2.0"	"hdf11a46_12"	"conda-forge"
"phylop"	"libsystemd0"	"257.10"	"hd0affe5_3"	"conda-forge"
"phylop"	"libtiff"	"4.7.1"	"h9d88235_1"	"conda-forge"
"phylop"	"libuuid"	"2.41.2"	"he9a06e4_0"	"conda-forge"
"phylop"	"libvorbis"	"1.3.7"	"h54a6638_2"	"conda-forge"
"phylop"	"libwebp-base"	"1.6.0"	"hd42ef1d_0"	"conda-forge"
"phylop"	"libxcb"	"1.17.0"	"h8a09558_0"	"conda-forge"
"phylop"	"libxcrypt"	"4.4.36"	"hd590300_1"	"conda-forge"
"phylop"	"libxkbcommon"	"1.11.0"	"he8b52b9_0"	"conda-forge"
"phylop"	"libxml2"	"2.13.9"	"h04c0eec_0"	"conda-forge"
"phylop"	"libzlib"	"1.3.1"	"hb9d3cd8_2"	"conda-forge"
"phylop"	"logomaker"	"0.8"	"pyh864c0ab_1"	"bioconda"
"phylop"	"make"	"4.4.1"	"hb9d3cd8_2"	"conda-forge"
"phylop"	"mariadb-connector-c"	"3.4.8"	"h6dee460_0"	"conda-forge"
"phylop"	"matplotlib"	"3.10.8"	"py310h06a4308_0"	"pkgs/main"
"phylop"	"matplotlib-base"	"3.10.8"	"py310hfde16b3_0"	"conda-forge"
"phylop"	"mpg123"	"1.32.9"	"hc50e24c_0"	"conda-forge"
"phylop"	"munkres"	"1.1.4"	"pyhd8ed1ab_1"	"conda-forge"
"phylop"	"mysql-connector-c"	"6.1.11"	"h659d440_1008"	"conda-forge"
"phylop"	"ncurses"	"6.5"	"h2d0b736_3"	"conda-forge"
"phylop"	"nlopt"	"2.9.0"	"py310ha22d986_0"	"conda-forge"
"phylop"	"nspr"	"4.38"	"h29cc59b_0"	"conda-forge"
"phylop"	"nss"	"3.118"	"h445c969_0"	"conda-forge"
"phylop"	"numpy"	"2.2.6"	"py310hefbff90_0"	"conda-forge"
"phylop"	"oniguruma"	"6.9.10"	"hb9d3cd8_0"	"conda-forge"
"phylop"	"openjpeg"	"2.5.4"	"h55fea9a_0"	"conda-forge"
"phylop"	"openldap"	"2.6.10"	"he970967_0"	"conda-forge"
"phylop"	"openssl"	"3.6.0"	"h26f9b46_0"	"conda-forge"
"phylop"	"packaging"	"26.0"	"pyhcf101f3_0"	"conda-forge"
"phylop"	"pandas"	"2.3.3"	"py310h0158d43_2"	"conda-forge"
"phylop"	"pango"	"1.56.4"	"hadf4263_0"	"conda-forge"
"phylop"	"patsy"	"1.0.2"	"pyhcf101f3_0"	"conda-forge"
"phylop"	"pcre2"	"10.47"	"haa7fec5_0"	"conda-forge"
"phylop"	"pillow"	"12.1.0"	"py310h5a73078_0"	"conda-forge"
"phylop"	"pip"	"25.3"	"pyh8b19718_0"	"conda-forge"
"phylop"	"pixman"	"0.46.4"	"h54a6638_1"	"conda-forge"
"phylop"	"ply"	"3.11"	"pyhd8ed1ab_3"	"conda-forge"
"phylop"	"pthread-stubs"	"0.4"	"hb9d3cd8_1002"	"conda-forge"
"phylop"	"pulseaudio-client"	"17.0"	"h9a6aba3_3"	"conda-forge"
"phylop"	"pybigwig"	"0.3.24"	"py310h95e9690_0"	"bioconda"
"phylop"	"pyparsing"	"3.3.2"	"pyhcf101f3_0"	"conda-forge"
"phylop"	"pyqt"	"5.15.11"	"py310h046fae5_2"	"conda-forge"
"phylop"	"pyqt5-sip"	"12.17.0"	"py310hea6c23e_2"	"conda-forge"
"phylop"	"python"	"3.10.19"	"h3c07f61_2_cpython"	"conda-forge"
"phylop"	"python-dateutil"	"2.9.0.post0"	"pyhe01879c_2"	"conda-forge"
"phylop"	"python-tzdata"	"2025.3"	"pyhd8ed1ab_0"	"conda-forge"
"phylop"	"python_abi"	"3.10"	"8_cp310"	"conda-forge"
"phylop"	"pytz"	"2025.2"	"pyhd8ed1ab_0"	"conda-forge"
"phylop"	"pyyaml"	"6.0.3"	"py310h3406613_0"	"conda-forge"
"phylop"	"qhull"	"2020.2"	"h434a139_5"	"conda-forge"
"phylop"	"qt-main"	"5.15.15"	"h3a7ef08_5"	"conda-forge"
"phylop"	"r-abind"	"1.4_5"	"r43hc72bb7e_1006"	"conda-forge"
"phylop"	"r-backports"	"1.5.0"	"r43hb1dbf0f_1"	"conda-forge"
"phylop"	"r-base"	"4.3.3"	"hc28aa72_21"	"conda-forge"
"phylop"	"r-bh"	"1.87.0_1"	"r43hc72bb7e_0"	"conda-forge"
"phylop"	"r-bitops"	"1.0_9"	"r43h2b5f3a1_0"	"conda-forge"
"phylop"	"r-boot"	"1.3_32"	"r43hc72bb7e_0"	"conda-forge"
"phylop"	"r-broom"	"1.0.9"	"r43hc72bb7e_0"	"conda-forge"
"phylop"	"r-car"	"3.1_3"	"r43hc72bb7e_0"	"conda-forge"
"phylop"	"r-cardata"	"3.0_5"	"r43hc72bb7e_3"	"conda-forge"
"phylop"	"r-caret"	"6.0_94"	"r43hdb488b9_2"	"conda-forge"
"phylop"	"r-class"	"7.3_23"	"r43h2b5f3a1_0"	"conda-forge"
"phylop"	"r-cli"	"3.6.5"	"r43h93ab643_0"	"conda-forge"
"phylop"	"r-clock"	"0.7.3"	"r43h93ab643_0"	"conda-forge"
"phylop"	"r-codetools"	"0.2_20"	"r43hc72bb7e_1"	"conda-forge"
"phylop"	"r-colorspace"	"2.1_1"	"r43hdb488b9_0"	"conda-forge"
"phylop"	"r-conquer"	"1.3.3"	"r43hb424bfc_4"	"conda-forge"
"phylop"	"r-corrplot"	"0.95"	"r43hc72bb7e_0"	"conda-forge"
"phylop"	"r-cowplot"	"1.2.0"	"r43hc72bb7e_1"	"conda-forge"
"phylop"	"r-cpp11"	"0.5.2"	"r43h785f33e_1"	"conda-forge"
"phylop"	"r-crayon"	"1.5.3"	"r43hc72bb7e_1"	"conda-forge"
"phylop"	"r-data.table"	"1.17.8"	"r43h1c8cec4_0"	"conda-forge"
"phylop"	"r-deriv"	"4.2.0"	"r43hc72bb7e_0"	"conda-forge"
"phylop"	"r-diagram"	"1.6.5"	"r43ha770c72_3"	"conda-forge"
"phylop"	"r-digest"	"0.6.37"	"r43h0d4f4ea_0"	"conda-forge"
"phylop"	"r-doby"	"4.7.0"	"r43hc72bb7e_0"	"conda-forge"
"phylop"	"r-dplyr"	"1.1.4"	"r43h0d4f4ea_1"	"conda-forge"
"phylop"	"r-e1071"	"1.7_16"	"r43h93ab643_0"	"conda-forge"
"phylop"	"r-ellipsis"	"0.3.2"	"r43hb1dbf0f_3"	"conda-forge"
"phylop"	"r-fansi"	"1.0.6"	"r43hb1dbf0f_1"	"conda-forge"
"phylop"	"r-farver"	"2.1.2"	"r43ha18555a_1"	"conda-forge"
"phylop"	"r-foreach"	"1.5.2"	"r43hc72bb7e_3"	"conda-forge"
"phylop"	"r-formatr"	"1.14"	"r43hc72bb7e_2"	"conda-forge"
"phylop"	"r-formula"	"1.2_5"	"r43hc72bb7e_2"	"conda-forge"
"phylop"	"r-futile.logger"	"1.4.3"	"r43hc72bb7e_1006"	"conda-forge"
"phylop"	"r-futile.options"	"1.0.1"	"r43hc72bb7e_1005"	"conda-forge"
"phylop"	"r-future"	"1.67.0"	"r43h785f33e_0"	"conda-forge"
"phylop"	"r-future.apply"	"1.20.0"	"r43hc72bb7e_0"	"conda-forge"
"phylop"	"r-gbrd"	"0.4.12"	"r43hc72bb7e_1"	"conda-forge"
"phylop"	"r-generics"	"0.1.4"	"r43hc72bb7e_0"	"conda-forge"
"phylop"	"r-ggplot2"	"3.5.2"	"r43hc72bb7e_0"	"conda-forge"
"phylop"	"r-ggpubr"	"0.6.1"	"r43hc72bb7e_0"	"conda-forge"
"phylop"	"r-ggrepel"	"0.9.6"	"r43h3697838_1"	"conda-forge"
"phylop"	"r-ggridges"	"0.5.7"	"r43hc72bb7e_0"	"conda-forge"
"phylop"	"r-ggsci"	"3.2.0"	"r43hc72bb7e_1"	"conda-forge"
"phylop"	"r-ggsignif"	"0.6.4"	"r43hc72bb7e_2"	"conda-forge"
"phylop"	"r-ggthemes"	"5.1.0"	"r43hc72bb7e_1"	"conda-forge"
"phylop"	"r-globals"	"0.18.0"	"r43hc72bb7e_0"	"conda-forge"
"phylop"	"r-glue"	"1.8.0"	"r43h2b5f3a1_0"	"conda-forge"
"phylop"	"r-gower"	"1.0.1"	"r43hb1dbf0f_2"	"conda-forge"
"phylop"	"r-gridextra"	"2.3"	"r43hc72bb7e_1006"	"conda-forge"
"phylop"	"r-gtable"	"0.3.6"	"r43hc72bb7e_0"	"conda-forge"
"phylop"	"r-hardhat"	"1.4.2"	"r43hc72bb7e_0"	"conda-forge"
"phylop"	"r-ipred"	"0.9_15"	"r43hdb488b9_1"	"conda-forge"
"phylop"	"r-isoband"	"0.2.7"	"r43ha18555a_3"	"conda-forge"
"phylop"	"r-iterators"	"1.0.14"	"r43hc72bb7e_3"	"conda-forge"
"phylop"	"r-kernsmooth"	"2.23_26"	"r43h8461fee_0"	"conda-forge"
"phylop"	"r-labeling"	"0.4.3"	"r43hc72bb7e_1"	"conda-forge"
"phylop"	"r-lambda.r"	"1.2.4"	"r43hc72bb7e_4"	"conda-forge"
"phylop"	"r-lattice"	"0.22_7"	"r43h2b5f3a1_0"	"conda-forge"
"phylop"	"r-lava"	"1.8.1"	"r43hc72bb7e_0"	"conda-forge"
"phylop"	"r-lifecycle"	"1.0.4"	"r43hc72bb7e_1"	"conda-forge"
"phylop"	"r-listenv"	"0.9.1"	"r43hc72bb7e_1"	"conda-forge"
"phylop"	"r-lme4"	"1.1_37"	"r43h3697838_1"	"conda-forge"
"phylop"	"r-lubridate"	"1.9.4"	"r43h2b5f3a1_0"	"conda-forge"
"phylop"	"r-magrittr"	"2.0.3"	"r43hb1dbf0f_3"	"conda-forge"
"phylop"	"r-mass"	"7.3_60.0.1"	"r43hb1dbf0f_1"	"conda-forge"
"phylop"	"r-matrix"	"1.6_5"	"r43he966344_1"	"conda-forge"
"phylop"	"r-matrixmodels"	"0.5_4"	"r43hc72bb7e_0"	"conda-forge"
"phylop"	"r-matrixstats"	"1.5.0"	"r43h2b5f3a1_0"	"conda-forge"
"phylop"	"r-mclust"	"6.1.1"	"r43hc29710b_0"	"conda-forge"
"phylop"	"r-mgcv"	"1.9_3"	"r43h2ae2be5_0"	"conda-forge"
"phylop"	"r-microbenchmark"	"1.5.0"	"r43h2b5f3a1_0"	"conda-forge"
"phylop"	"r-minqa"	"1.2.8"	"r43ha36cffa_1"	"conda-forge"
"phylop"	"r-modelmetrics"	"1.2.2.2"	"r43h0d4f4ea_4"	"conda-forge"
"phylop"	"r-modelr"	"0.1.11"	"r43hc72bb7e_2"	"conda-forge"
"phylop"	"r-munsell"	"0.5.1"	"r43hc72bb7e_1"	"conda-forge"
"phylop"	"r-nlme"	"3.1_168"	"r43hb67ce94_0"	"conda-forge"
"phylop"	"r-nloptr"	"2.2.1"	"r43hb8c4c88_0"	"conda-forge"
"phylop"	"r-nnet"	"7.3_20"	"r43h2b5f3a1_0"	"conda-forge"
"phylop"	"r-numderiv"	"2016.8_1.1"	"r43hc72bb7e_6"	"conda-forge"
"phylop"	"r-parallelly"	"1.45.1"	"r43h54b55ab_0"	"conda-forge"
"phylop"	"r-pbkrtest"	"0.5.5"	"r43hc72bb7e_0"	"conda-forge"
"phylop"	"r-pillar"	"1.11.0"	"r43hc72bb7e_0"	"conda-forge"
"phylop"	"r-pkgconfig"	"2.0.3"	"r43hc72bb7e_4"	"conda-forge"
"phylop"	"r-plyr"	"1.8.9"	"r43h3697838_2"	"conda-forge"
"phylop"	"r-polynom"	"1.4_1"	"r43hc72bb7e_3"	"conda-forge"
"phylop"	"r-proc"	"1.19.0.1"	"r43h3697838_0"	"conda-forge"
"phylop"	"r-prodlim"	"2025.04.28"	"r43h93ab643_0"	"conda-forge"
"phylop"	"r-progressr"	"0.15.1"	"r43hc72bb7e_0"	"conda-forge"
"phylop"	"r-proxy"	"0.4_27"	"r43hb1dbf0f_3"	"conda-forge"
"phylop"	"r-purrr"	"1.1.0"	"r43h54b55ab_0"	"conda-forge"
"phylop"	"r-quantreg"	"6.1"	"r43h012206f_0"	"conda-forge"
"phylop"	"r-r6"	"2.6.1"	"r43hc72bb7e_0"	"conda-forge"
"phylop"	"r-rbibutils"	"2.3"	"r43h2b5f3a1_0"	"conda-forge"
"phylop"	"r-rcolorbrewer"	"1.1_3"	"r43h785f33e_3"	"conda-forge"
"phylop"	"r-rcpp"	"1.1.0"	"r43h93ab643_0"	"conda-forge"
"phylop"	"r-rcpparmadillo"	"15.0.2_1"	"r43h3704496_0"	"conda-forge"
"phylop"	"r-rcppeigen"	"0.3.4.0.2"	"r43hb79369c_0"	"conda-forge"
"phylop"	"r-rcurl"	"1.98_1.17"	"r43hb79926e_0"	"conda-forge"
"phylop"	"r-rdpack"	"2.6.4"	"r43hc72bb7e_0"	"conda-forge"
"phylop"	"r-recipes"	"1.3.1"	"r43hc72bb7e_0"	"conda-forge"
"phylop"	"r-reformulas"	"0.4.1"	"r43hc72bb7e_0"	"conda-forge"
"phylop"	"r-reshape2"	"1.4.4"	"r43h3697838_5"	"conda-forge"
"phylop"	"r-restfulr"	"0.0.15"	"r43h56115f1_4"	"bioconda"
"phylop"	"r-rjson"	"0.2.23"	"r43h93ab643_0"	"conda-forge"
"phylop"	"r-rlang"	"1.1.6"	"r43h93ab643_0"	"conda-forge"
"phylop"	"r-rpart"	"4.1.24"	"r43h2b5f3a1_0"	"conda-forge"
"phylop"	"r-rstatix"	"0.7.2"	"r43hc72bb7e_2"	"conda-forge"
"phylop"	"r-scales"	"1.4.0"	"r43hc72bb7e_0"	"conda-forge"
"phylop"	"r-shape"	"1.4.6.1"	"r43ha770c72_1"	"conda-forge"
"phylop"	"r-snow"	"0.4_4"	"r43hc72bb7e_3"	"conda-forge"
"phylop"	"r-sparsem"	"1.84_2"	"r43hc4980d5_0"	"conda-forge"
"phylop"	"r-sparsevctrs"	"0.3.4"	"r43h2b5f3a1_0"	"conda-forge"
"phylop"	"r-squarem"	"2021.1"	"r43hc72bb7e_3"	"conda-forge"
"phylop"	"r-stringi"	"1.8.7"	"r43h3c328a7_0"	"conda-forge"
"phylop"	"r-stringr"	"1.5.2"	"r43h785f33e_0"	"conda-forge"
"phylop"	"r-survival"	"3.8_3"	"r43h2b5f3a1_0"	"conda-forge"
"phylop"	"r-tibble"	"3.3.0"	"r43h2b5f3a1_0"	"conda-forge"
"phylop"	"r-tidyr"	"1.3.1"	"r43h0d4f4ea_1"	"conda-forge"
"phylop"	"r-tidyselect"	"1.2.1"	"r43hc72bb7e_1"	"conda-forge"
"phylop"	"r-timechange"	"0.3.0"	"r43ha18555a_1"	"conda-forge"
"phylop"	"r-timedate"	"4041.110"	"r43hc72bb7e_0"	"conda-forge"
"phylop"	"r-tzdb"	"0.5.0"	"r43h3697838_1"	"conda-forge"
"phylop"	"r-utf8"	"1.2.6"	"r43h2b5f3a1_0"	"conda-forge"
"phylop"	"r-vctrs"	"0.6.5"	"r43h0d4f4ea_1"	"conda-forge"
"phylop"	"r-viridislite"	"0.4.2"	"r43hc72bb7e_2"	"conda-forge"
"phylop"	"r-withr"	"3.0.2"	"r43hc72bb7e_0"	"conda-forge"
"phylop"	"r-xml"	"3.99_0.17"	"r43h5bae778_2"	"conda-forge"
"phylop"	"r-xml2"	"1.4.0"	"r43hc6fd541_0"	"conda-forge"
"phylop"	"r-yaml"	"2.3.10"	"r43hdb488b9_0"	"conda-forge"
"phylop"	"readline"	"8.2"	"h8c095d6_2"	"conda-forge"
"phylop"	"samtools"	"1.22.1"	"h96c455f_0"	"bioconda"
"phylop"	"scipy"	"1.15.2"	"py310h1d65ade_0"	"conda-forge"
"phylop"	"seaborn"	"0.13.2"	"hd8ed1ab_3"	"conda-forge"
"phylop"	"seaborn-base"	"0.13.2"	"pyhd8ed1ab_3"	"conda-forge"
"phylop"	"sed"	"4.9"	"h6688a6e_0"	"conda-forge"
"phylop"	"setuptools"	"80.9.0"	"pyhff2d567_0"	"conda-forge"
"phylop"	"sip"	"6.10.0"	"py310hea6c23e_1"	"conda-forge"
"phylop"	"six"	"1.17.0"	"pyhe01879c_1"	"conda-forge"
"phylop"	"statsmodels"	"0.14.6"	"py310hf779ad0_0"	"conda-forge"
"phylop"	"sysroot_linux-64"	"2.17"	"h0157908_18"	"conda-forge"
"phylop"	"tk"	"8.6.13"	"noxft_ha0e22de_103"	"conda-forge"
"phylop"	"tktable"	"2.10"	"h8d826fa_7"	"conda-forge"
"phylop"	"toml"	"0.10.2"	"pyhd8ed1ab_2"	"conda-forge"
"phylop"	"tomli"	"2.4.0"	"pyhcf101f3_0"	"conda-forge"
"phylop"	"tomlkit"	"0.13.3"	"pyha770c72_0"	"conda-forge"
"phylop"	"tornado"	"6.5.3"	"py310h7c4b9e2_0"	"conda-forge"
"phylop"	"tzdata"	"2025b"	"h78e105d_0"	"conda-forge"
"phylop"	"ucsc-bedgraphtobigwig"	"482"	"hdc0a859_0"	"bioconda"
"phylop"	"ucsc-bigwigaverageoverbed"	"482"	"h0b57e2e_0"	"bioconda"
"phylop"	"ucsc-bigwiginfo"	"482"	"h0b57e2e_0"	"bioconda"
"phylop"	"ucsc-bigwigsummary"	"482"	"h0b57e2e_0"	"bioconda"
"phylop"	"ucsc-bigwigtobedgraph"	"482"	"h0b57e2e_0"	"bioconda"
"phylop"	"ucsc-liftover"	"482"	"h0b57e2e_0"	"bioconda"
"phylop"	"unicodedata2"	"17.0.0"	"py310h7c4b9e2_1"	"conda-forge"
"phylop"	"wheel"	"0.45.1"	"pyhd8ed1ab_1"	"conda-forge"
"phylop"	"xcb-util"	"0.4.1"	"h4f16b4b_2"	"conda-forge"
"phylop"	"xcb-util-image"	"0.4.0"	"hb711507_2"	"conda-forge"
"phylop"	"xcb-util-keysyms"	"0.4.1"	"hb711507_0"	"conda-forge"
"phylop"	"xcb-util-renderutil"	"0.3.10"	"hb711507_0"	"conda-forge"
"phylop"	"xcb-util-wm"	"0.4.2"	"hb711507_0"	"conda-forge"
"phylop"	"xkeyboard-config"	"2.46"	"hb03c661_0"	"conda-forge"
"phylop"	"xmltodict"	"1.0.2"	"pyhcf101f3_0"	"conda-forge"
"phylop"	"xorg-libice"	"1.1.2"	"hb9d3cd8_0"	"conda-forge"
"phylop"	"xorg-libsm"	"1.2.6"	"he73a12e_0"	"conda-forge"
"phylop"	"xorg-libx11"	"1.8.12"	"h4f16b4b_0"	"conda-forge"
"phylop"	"xorg-libxau"	"1.0.12"	"hb03c661_1"	"conda-forge"
"phylop"	"xorg-libxcomposite"	"0.4.6"	"hb9d3cd8_2"	"conda-forge"
"phylop"	"xorg-libxdamage"	"1.1.6"	"hb9d3cd8_0"	"conda-forge"
"phylop"	"xorg-libxdmcp"	"1.1.5"	"hb03c661_1"	"conda-forge"
"phylop"	"xorg-libxext"	"1.3.6"	"hb9d3cd8_0"	"conda-forge"
"phylop"	"xorg-libxfixes"	"6.0.2"	"hb03c661_0"	"conda-forge"
"phylop"	"xorg-libxrender"	"0.9.12"	"hb9d3cd8_0"	"conda-forge"
"phylop"	"xorg-libxshmfence"	"1.3.3"	"hb9d3cd8_0"	"conda-forge"
"phylop"	"xorg-libxt"	"1.3.1"	"hb9d3cd8_0"	"conda-forge"
"phylop"	"xorg-libxxf86vm"	"1.1.6"	"hb9d3cd8_0"	"conda-forge"
"phylop"	"yaml"	"0.2.5"	"h280c20c_3"	"conda-forge"
"phylop"	"yq"	"3.4.3"	"pyhe01879c_2"	"conda-forge"
"phylop"	"zlib-ng"	"2.3.2"	"hceb46e0_1"	"conda-forge"
"phylop"	"zstd"	"1.5.7"	"hb8e6e7a_2"	"conda-forge"
"R"	"_libgcc_mutex"	"0.1"	"conda_forge"	"conda-forge"
"r"	"_libgcc_mutex"	"0.1"	"conda_forge"	"conda-forge"
"R"	"_openmp_mutex"	"4.5"	"2_gnu"	"conda-forge"
"r"	"_openmp_mutex"	"4.5"	"2_gnu"	"conda-forge"
"R"	"_r-mutex"	"1.0.1"	"anacondar_1"	"conda-forge"
"r"	"_r-mutex"	"1.0.1"	"anacondar_1"	"conda-forge"
"r"	"argcomplete"	"3.6.3"	"pyhd8ed1ab_0"	"conda-forge"
"R"	"binutils_impl_linux-64"	"2.45"	"h9d8b0ac_0"	"conda-forge"
"r"	"binutils_impl_linux-64"	"2.45"	"h9d8b0ac_0"	"conda-forge"
"r"	"binutils_linux-64"	"2.45"	"h4852527_0"	"conda-forge"
"r"	"bioconductor-annotate"	"1.84.0"	"r44hdfd78af_0"	"bioconda"
"r"	"bioconductor-annotationdbi"	"1.68.0"	"r44hdfd78af_0"	"bioconda"
"r"	"bioconductor-annotationhub"	"3.14.0"	"r44hdfd78af_0"	"bioconda"
"r"	"bioconductor-biobase"	"2.66.0"	"r44h3df3fcb_0"	"bioconda"
"r"	"bioconductor-biocfilecache"	"2.14.0"	"r44hdfd78af_0"	"bioconda"
"r"	"bioconductor-biocgenerics"	"0.52.0"	"r44hdfd78af_3"	"bioconda"
"r"	"bioconductor-biocio"	"1.16.0"	"r44hdfd78af_0"	"bioconda"
"r"	"bioconductor-biocparallel"	"1.40.0"	"r44he5774e6_1"	"bioconda"
"r"	"bioconductor-biocversion"	"3.20.0"	"r44hdfd78af_0"	"bioconda"
"r"	"bioconductor-biomart"	"2.62.0"	"r44hdfd78af_0"	"bioconda"
"r"	"bioconductor-biostrings"	"2.74.0"	"r44h3df3fcb_1"	"bioconda"
"r"	"bioconductor-clusterprofiler"	"4.14.0"	"r44hdfd78af_0"	"bioconda"
"r"	"bioconductor-data-packages"	"20250625"	"hdfd78af_0"	"bioconda"
"r"	"bioconductor-delayedarray"	"0.32.0"	"r44h3df3fcb_1"	"bioconda"
"r"	"bioconductor-deseq2"	"1.46.0"	"r44he5774e6_1"	"bioconda"
"r"	"bioconductor-dexseq"	"1.52.0"	"r44hdfd78af_0"	"bioconda"
"r"	"bioconductor-dose"	"4.0.0"	"r44hdfd78af_0"	"bioconda"
"r"	"bioconductor-enrichplot"	"1.26.1"	"r44hdfd78af_0"	"bioconda"
"r"	"bioconductor-fgsea"	"1.32.2"	"r44he5774e6_0"	"bioconda"
"r"	"bioconductor-genefilter"	"1.88.0"	"r44h81e381d_1"	"bioconda"
"r"	"bioconductor-geneplotter"	"1.84.0"	"r44hdfd78af_0"	"bioconda"
"r"	"bioconductor-genomeinfodb"	"1.42.0"	"r44hdfd78af_2"	"bioconda"
"r"	"bioconductor-genomeinfodbdata"	"1.2.13"	"r44hdfd78af_0"	"bioconda"
"r"	"bioconductor-genomicalignments"	"1.42.0"	"r44h3df3fcb_1"	"bioconda"
"r"	"bioconductor-genomicfeatures"	"1.58.0"	"r44hdfd78af_0"	"bioconda"
"r"	"bioconductor-genomicranges"	"1.58.0"	"r44h3df3fcb_2"	"bioconda"
"r"	"bioconductor-ggtree"	"3.14.0"	"r44hdfd78af_0"	"bioconda"
"r"	"bioconductor-go.db"	"3.20.0"	"r44hdfd78af_0"	"bioconda"
"r"	"bioconductor-gosemsim"	"2.32.0"	"r44he5774e6_1"	"bioconda"
"r"	"bioconductor-iranges"	"2.40.0"	"r44h3df3fcb_2"	"bioconda"
"r"	"bioconductor-keggrest"	"1.46.0"	"r44hdfd78af_0"	"bioconda"
"r"	"bioconductor-matrixgenerics"	"1.18.0"	"r44hdfd78af_0"	"bioconda"
"r"	"bioconductor-org.ag.eg.db"	"3.20.0"	"r44hdfd78af_0"	"bioconda"
"r"	"bioconductor-org.hs.eg.db"	"3.20.0"	"r44hdfd78af_0"	"bioconda"
"r"	"bioconductor-pasilla"	"1.34.0"	"r44hdfd78af_0"	"bioconda"
"r"	"bioconductor-qvalue"	"2.38.0"	"r44hdfd78af_0"	"bioconda"
"r"	"bioconductor-rhtslib"	"3.2.0"	"r44h15a9599_2"	"bioconda"
"r"	"bioconductor-rsamtools"	"2.22.0"	"r44h77050f0_1"	"bioconda"
"r"	"bioconductor-rtracklayer"	"1.66.0"	"r44h15a9599_1"	"bioconda"
"r"	"bioconductor-s4arrays"	"1.6.0"	"r44h3df3fcb_1"	"bioconda"
"r"	"bioconductor-s4vectors"	"0.44.0"	"r44h3df3fcb_2"	"bioconda"
"r"	"bioconductor-sparsearray"	"1.6.0"	"r44h3df3fcb_1"	"bioconda"
"r"	"bioconductor-summarizedexperiment"	"1.36.0"	"r44hdfd78af_0"	"bioconda"
"r"	"bioconductor-treeio"	"1.30.0"	"r44hdfd78af_0"	"bioconda"
"r"	"bioconductor-ucsc.utils"	"1.2.0"	"r44h9ee0642_1"	"bioconda"
"r"	"bioconductor-universalmotif"	"1.24.0"	"r44he5774e6_1"	"bioconda"
"r"	"bioconductor-xvector"	"0.46.0"	"r44h15a9599_2"	"bioconda"
"r"	"bioconductor-zlibbioc"	"1.52.0"	"r44h3df3fcb_2"	"bioconda"
"R"	"bwidget"	"1.10.1"	"ha770c72_1"	"conda-forge"
"r"	"bwidget"	"1.10.1"	"ha770c72_1"	"conda-forge"
"R"	"bzip2"	"1.0.8"	"hda65f42_8"	"conda-forge"
"r"	"bzip2"	"1.0.8"	"hda65f42_8"	"conda-forge"
"R"	"c-ares"	"1.34.5"	"hb9d3cd8_0"	"conda-forge"
"r"	"c-ares"	"1.34.5"	"hb9d3cd8_0"	"conda-forge"
"R"	"ca-certificates"	"2025.11.12"	"hbd8a1cb_0"	"conda-forge"
"r"	"ca-certificates"	"2026.4.22"	"hbd8a1cb_0"	"conda-forge"
"R"	"cairo"	"1.18.4"	"h3394656_0"	"conda-forge"
"r"	"cairo"	"1.18.4"	"h3394656_0"	"conda-forge"
"r"	"cmake"	"4.1.3"	"hc85cc9f_0"	"conda-forge"
"r"	"conda-gcc-specs"	"15.2.0"	"h53410ce_12"	"conda-forge"
"R"	"curl"	"8.17.0"	"h4e3cde8_0"	"conda-forge"
"r"	"curl"	"8.17.0"	"h4e3cde8_0"	"conda-forge"
"r"	"cxx-compiler"	"1.0.0"	"hf484d3e_0"	"conda-forge"
"R"	"font-ttf-dejavu-sans-mono"	"2.37"	"hab24e00_0"	"conda-forge"
"r"	"font-ttf-dejavu-sans-mono"	"2.37"	"hab24e00_0"	"conda-forge"
"R"	"font-ttf-inconsolata"	"3.000"	"h77eed37_0"	"conda-forge"
"r"	"font-ttf-inconsolata"	"3.000"	"h77eed37_0"	"conda-forge"
"R"	"font-ttf-source-code-pro"	"2.038"	"h77eed37_0"	"conda-forge"
"r"	"font-ttf-source-code-pro"	"2.038"	"h77eed37_0"	"conda-forge"
"R"	"font-ttf-ubuntu"	"0.83"	"h77eed37_3"	"conda-forge"
"r"	"font-ttf-ubuntu"	"0.83"	"h77eed37_3"	"conda-forge"
"R"	"fontconfig"	"2.15.0"	"h7e30c49_1"	"conda-forge"
"r"	"fontconfig"	"2.15.0"	"h7e30c49_1"	"conda-forge"
"R"	"fonts-conda-ecosystem"	"1"	"0"	"conda-forge"
"r"	"fonts-conda-ecosystem"	"1"	"0"	"conda-forge"
"R"	"fonts-conda-forge"	"1"	"hc364b38_1"	"conda-forge"
"r"	"fonts-conda-forge"	"1"	"hc364b38_1"	"conda-forge"
"R"	"freetype"	"2.14.1"	"ha770c72_0"	"conda-forge"
"r"	"freetype"	"2.14.1"	"ha770c72_0"	"conda-forge"
"R"	"fribidi"	"1.0.16"	"hb03c661_0"	"conda-forge"
"r"	"fribidi"	"1.0.16"	"hb03c661_0"	"conda-forge"
"r"	"gcc"	"15.2.0"	"hc115cf6_7"	"conda-forge"
"R"	"gcc_impl_linux-64"	"15.2.0"	"hcacfade_7"	"conda-forge"
"r"	"gcc_impl_linux-64"	"15.2.0"	"hcacfade_7"	"conda-forge"
"r"	"gcc_linux-64"	"15.2.0"	"h862fb80_14"	"conda-forge"
"r"	"gfortran"	"15.2.0"	"h834e499_7"	"conda-forge"
"R"	"gfortran_impl_linux-64"	"15.2.0"	"h1b0a18f_7"	"conda-forge"
"r"	"gfortran_impl_linux-64"	"15.2.0"	"h1b0a18f_7"	"conda-forge"
"r"	"glpk"	"5.0"	"h445213a_0"	"conda-forge"
"r"	"gmp"	"6.3.0"	"hac33072_2"	"conda-forge"
"R"	"graphite2"	"1.3.14"	"hecca717_2"	"conda-forge"
"r"	"graphite2"	"1.3.14"	"hecca717_2"	"conda-forge"
"R"	"gsl"	"2.7"	"he838d99_0"	"conda-forge"
"r"	"gsl"	"2.7"	"he838d99_0"	"conda-forge"
"R"	"gxx_impl_linux-64"	"15.2.0"	"h54ccb8d_7"	"conda-forge"
"r"	"gxx_impl_linux-64"	"15.2.0"	"h54ccb8d_7"	"conda-forge"
"r"	"gxx_linux-64"	"15.2.0"	"h3f70a0e_14"	"conda-forge"
"R"	"harfbuzz"	"12.2.0"	"h15599e2_0"	"conda-forge"
"r"	"harfbuzz"	"12.2.0"	"h15599e2_0"	"conda-forge"
"r"	"hdf5"	"1.14.3"	"nompi_h2d575fe_109"	"conda-forge"
"R"	"icu"	"75.1"	"he02047a_0"	"conda-forge"
"r"	"icu"	"75.1"	"he02047a_0"	"conda-forge"
"r"	"jq"	"1.5"	"0"	"bioconda"
"R"	"kernel-headers_linux-64"	"3.10.0"	"he073ed8_18"	"conda-forge"
"r"	"kernel-headers_linux-64"	"3.10.0"	"he073ed8_18"	"conda-forge"
"R"	"keyutils"	"1.6.3"	"hb9d3cd8_0"	"conda-forge"
"r"	"keyutils"	"1.6.3"	"hb9d3cd8_0"	"conda-forge"
"R"	"krb5"	"1.21.3"	"h659f571_0"	"conda-forge"
"r"	"krb5"	"1.21.3"	"h659f571_0"	"conda-forge"
"R"	"ld_impl_linux-64"	"2.45"	"h1aa0949_0"	"conda-forge"
"r"	"ld_impl_linux-64"	"2.45"	"h1aa0949_0"	"conda-forge"
"R"	"lerc"	"4.0.0"	"h0aef613_1"	"conda-forge"
"r"	"lerc"	"4.0.0"	"h0aef613_1"	"conda-forge"
"r"	"libaec"	"1.1.4"	"h3f801dc_0"	"conda-forge"
"R"	"libblas"	"3.11.0"	"1_h4a7cf45_openblas"	"conda-forge"
"r"	"libblas"	"3.11.0"	"1_h4a7cf45_openblas"	"conda-forge"
"R"	"libcblas"	"3.11.0"	"1_h0358290_openblas"	"conda-forge"
"r"	"libcblas"	"3.11.0"	"1_h0358290_openblas"	"conda-forge"
"R"	"libcurl"	"8.17.0"	"h4e3cde8_0"	"conda-forge"
"r"	"libcurl"	"8.17.0"	"h4e3cde8_0"	"conda-forge"
"R"	"libdeflate"	"1.25"	"h17f619e_0"	"conda-forge"
"r"	"libdeflate"	"1.25"	"h17f619e_0"	"conda-forge"
"R"	"libedit"	"3.1.20250104"	"pl5321h7949ede_0"	"conda-forge"
"r"	"libedit"	"3.1.20250104"	"pl5321h7949ede_0"	"conda-forge"
"R"	"libev"	"4.33"	"hd590300_2"	"conda-forge"
"r"	"libev"	"4.33"	"hd590300_2"	"conda-forge"
"R"	"libexpat"	"2.7.1"	"hecca717_0"	"conda-forge"
"r"	"libexpat"	"2.7.1"	"hecca717_0"	"conda-forge"
"R"	"libffi"	"3.5.2"	"h9ec8514_0"	"conda-forge"
"r"	"libffi"	"3.5.2"	"h9ec8514_0"	"conda-forge"
"R"	"libfreetype"	"2.14.1"	"ha770c72_0"	"conda-forge"
"r"	"libfreetype"	"2.14.1"	"ha770c72_0"	"conda-forge"
"R"	"libfreetype6"	"2.14.1"	"h73754d4_0"	"conda-forge"
"r"	"libfreetype6"	"2.14.1"	"h73754d4_0"	"conda-forge"
"R"	"libgcc"	"15.2.0"	"h767d61c_7"	"conda-forge"
"r"	"libgcc"	"15.2.0"	"h767d61c_7"	"conda-forge"
"R"	"libgcc-devel_linux-64"	"15.2.0"	"h73f6952_107"	"conda-forge"
"r"	"libgcc-devel_linux-64"	"15.2.0"	"h73f6952_107"	"conda-forge"
"R"	"libgcc-ng"	"15.2.0"	"h69a702a_7"	"conda-forge"
"r"	"libgcc-ng"	"15.2.0"	"h69a702a_7"	"conda-forge"
"R"	"libgfortran"	"15.2.0"	"h69a702a_7"	"conda-forge"
"r"	"libgfortran"	"15.2.0"	"h69a702a_7"	"conda-forge"
"R"	"libgfortran-ng"	"15.2.0"	"h69a702a_7"	"conda-forge"
"r"	"libgfortran-ng"	"15.2.0"	"h69a702a_7"	"conda-forge"
"R"	"libgfortran5"	"15.2.0"	"hcd61629_7"	"conda-forge"
"r"	"libgfortran5"	"15.2.0"	"hcd61629_7"	"conda-forge"
"R"	"libglib"	"2.86.1"	"h32235b2_2"	"conda-forge"
"r"	"libglib"	"2.86.1"	"h32235b2_2"	"conda-forge"
"R"	"libgomp"	"15.2.0"	"h767d61c_7"	"conda-forge"
"r"	"libgomp"	"15.2.0"	"h767d61c_7"	"conda-forge"
"r"	"libhwy"	"1.1.0"	"h00ab1b0_0"	"conda-forge"
"R"	"libiconv"	"1.18"	"h3b78370_2"	"conda-forge"
"r"	"libiconv"	"1.18"	"h3b78370_2"	"conda-forge"
"R"	"libjpeg-turbo"	"3.1.2"	"hb03c661_0"	"conda-forge"
"r"	"libjpeg-turbo"	"3.1.2"	"hb03c661_0"	"conda-forge"
"R"	"liblapack"	"3.11.0"	"1_h47877c9_openblas"	"conda-forge"
"r"	"liblapack"	"3.11.0"	"1_h47877c9_openblas"	"conda-forge"
"R"	"liblzma"	"5.8.1"	"hb9d3cd8_2"	"conda-forge"
"r"	"liblzma"	"5.8.1"	"hb9d3cd8_2"	"conda-forge"
"r"	"libmpdec"	"4.0.0"	"hb9d3cd8_0"	"conda-forge"
"R"	"libnghttp2"	"1.67.0"	"had1ee68_0"	"conda-forge"
"r"	"libnghttp2"	"1.67.0"	"had1ee68_0"	"conda-forge"
"R"	"libopenblas"	"0.3.30"	"pthreads_h94d23a6_4"	"conda-forge"
"r"	"libopenblas"	"0.3.30"	"pthreads_h94d23a6_4"	"conda-forge"
"R"	"libpng"	"1.6.50"	"h421ea60_1"	"conda-forge"
"r"	"libpng"	"1.6.50"	"h421ea60_1"	"conda-forge"
"R"	"libsanitizer"	"15.2.0"	"hb13aed2_7"	"conda-forge"
"r"	"libsanitizer"	"15.2.0"	"hb13aed2_7"	"conda-forge"
"r"	"libsqlite"	"3.51.0"	"hee844dc_0"	"conda-forge"
"R"	"libssh2"	"1.11.1"	"hcf80075_0"	"conda-forge"
"r"	"libssh2"	"1.11.1"	"hcf80075_0"	"conda-forge"
"R"	"libstdcxx"	"15.2.0"	"h8f9b012_7"	"conda-forge"
"r"	"libstdcxx"	"15.2.0"	"h8f9b012_7"	"conda-forge"
"R"	"libstdcxx-devel_linux-64"	"15.2.0"	"h73f6952_107"	"conda-forge"
"r"	"libstdcxx-devel_linux-64"	"15.2.0"	"h73f6952_107"	"conda-forge"
"R"	"libstdcxx-ng"	"15.2.0"	"h4852527_7"	"conda-forge"
"r"	"libstdcxx-ng"	"15.2.0"	"h4852527_7"	"conda-forge"
"R"	"libtiff"	"4.7.1"	"h9d88235_1"	"conda-forge"
"r"	"libtiff"	"4.7.1"	"h9d88235_1"	"conda-forge"
"R"	"libuuid"	"2.41.2"	"he9a06e4_0"	"conda-forge"
"r"	"libuuid"	"2.41.2"	"he9a06e4_0"	"conda-forge"
"r"	"libuv"	"1.51.0"	"hb03c661_1"	"conda-forge"
"R"	"libwebp-base"	"1.6.0"	"hd42ef1d_0"	"conda-forge"
"r"	"libwebp-base"	"1.6.0"	"hd42ef1d_0"	"conda-forge"
"R"	"libxcb"	"1.17.0"	"h8a09558_0"	"conda-forge"
"r"	"libxcb"	"1.17.0"	"h8a09558_0"	"conda-forge"
"r"	"libxml2"	"2.15.1"	"h26afc86_0"	"conda-forge"
"r"	"libxml2-16"	"2.15.1"	"ha9997c6_0"	"conda-forge"
"r"	"libxml2-devel"	"2.15.1"	"h26afc86_0"	"conda-forge"
"R"	"libzlib"	"1.3.1"	"hb9d3cd8_2"	"conda-forge"
"r"	"libzlib"	"1.3.1"	"hb9d3cd8_2"	"conda-forge"
"R"	"make"	"4.4.1"	"hb9d3cd8_2"	"conda-forge"
"r"	"make"	"4.4.1"	"hb9d3cd8_2"	"conda-forge"
"R"	"ncurses"	"6.5"	"h2d0b736_3"	"conda-forge"
"r"	"ncurses"	"6.5"	"h2d0b736_3"	"conda-forge"
"R"	"openssl"	"3.6.0"	"h26f9b46_0"	"conda-forge"
"r"	"openssl"	"3.6.2"	"h35e630c_0"	"conda-forge"
"r"	"pandoc"	"3.8.2.1"	"ha770c72_0"	"conda-forge"
"R"	"pango"	"1.56.4"	"hadf4263_0"	"conda-forge"
"r"	"pango"	"1.56.4"	"hadf4263_0"	"conda-forge"
"R"	"pcre2"	"10.46"	"h1321c63_0"	"conda-forge"
"r"	"pcre2"	"10.46"	"h1321c63_0"	"conda-forge"
"r"	"pip"	"25.3"	"pyh145f28c_0"	"conda-forge"
"R"	"pixman"	"0.46.4"	"h54a6638_1"	"conda-forge"
"r"	"pixman"	"0.46.4"	"h54a6638_1"	"conda-forge"
"R"	"pthread-stubs"	"0.4"	"hb9d3cd8_1002"	"conda-forge"
"r"	"pthread-stubs"	"0.4"	"hb9d3cd8_1002"	"conda-forge"
"r"	"python"	"3.14.0"	"h32b2ec7_102_cp314"	"conda-forge"
"r"	"python_abi"	"3.14"	"8_cp314"	"conda-forge"
"r"	"pyyaml"	"6.0.3"	"pyh7db6752_0"	"conda-forge"
"r"	"r-abind"	"1.4_8"	"r44hc72bb7e_1"	"conda-forge"
"r"	"r-ape"	"5.8_1"	"r44h3704496_2"	"conda-forge"
"r"	"r-aplot"	"0.2.9"	"r44hc72bb7e_1"	"conda-forge"
"r"	"r-askpass"	"1.2.1"	"r44h54b55ab_1"	"conda-forge"
"r"	"r-assertthat"	"0.2.1"	"r44hc72bb7e_6"	"conda-forge"
"r"	"r-backports"	"1.5.0"	"r44h54b55ab_2"	"conda-forge"
"R"	"r-base"	"4.5.2"	"hc038350_1"	"conda-forge"
"r"	"r-base"	"4.4.3"	"hc038350_5"	"conda-forge"
"r"	"r-base64enc"	"0.1_3"	"r44h54b55ab_1008"	"conda-forge"
"r"	"r-beeswarm"	"0.4.0"	"r44h54b55ab_5"	"conda-forge"
"r"	"r-bh"	"1.87.0_1"	"r44hc72bb7e_1"	"conda-forge"
"r"	"r-biocmanager"	"1.30.27"	"r44hc72bb7e_0"	"conda-forge"
"r"	"r-bit"	"4.6.0"	"r44h54b55ab_1"	"conda-forge"
"r"	"r-bit64"	"4.6.0_1"	"r44h54b55ab_1"	"conda-forge"
"r"	"r-bitops"	"1.0_9"	"r44h54b55ab_1"	"conda-forge"
"r"	"r-blob"	"1.2.4"	"r44hc72bb7e_3"	"conda-forge"
"r"	"r-bpcells"	"0.3.1"	"r44h89edbeb_0"	"bioconda"
"r"	"r-broom"	"1.0.10"	"r44hc72bb7e_0"	"conda-forge"
"r"	"r-bslib"	"0.9.0"	"r44hc72bb7e_1"	"conda-forge"
"r"	"r-cachem"	"1.1.0"	"r44h54b55ab_2"	"conda-forge"
"r"	"r-cairo"	"1.7_0"	"r44h29dcd67_0"	"conda-forge"
"r"	"r-callr"	"3.7.6"	"r44hc72bb7e_2"	"conda-forge"
"r"	"r-catools"	"1.18.3"	"r44h3697838_1"	"conda-forge"
"r"	"r-cellranger"	"1.1.0"	"r44hc72bb7e_1008"	"conda-forge"
"r"	"r-cli"	"3.6.5"	"r44h3697838_1"	"conda-forge"
"r"	"r-clipr"	"0.8.0"	"r44hc72bb7e_4"	"conda-forge"
"r"	"r-cluster"	"2.1.8.2"	"r44heaba542_0"	"conda-forge"
"r"	"r-codetools"	"0.2_20"	"r44hc72bb7e_2"	"conda-forge"
"r"	"r-colorspace"	"2.1_2"	"r44h54b55ab_0"	"conda-forge"
"r"	"r-commonmark"	"2.0.0"	"r44h54b55ab_1"	"conda-forge"
"r"	"r-conflicted"	"1.2.0"	"r44h785f33e_3"	"conda-forge"
"r"	"r-cowplot"	"1.2.0"	"r44hc72bb7e_2"	"conda-forge"
"r"	"r-cpp11"	"0.5.2"	"r44h785f33e_2"	"conda-forge"
"r"	"r-crayon"	"1.5.3"	"r44hc72bb7e_2"	"conda-forge"
"r"	"r-crosstalk"	"1.2.2"	"r44hc72bb7e_1"	"conda-forge"
"r"	"r-curl"	"7.0.0"	"r44h10955f1_1"	"conda-forge"
"r"	"r-data.table"	"1.17.8"	"r44h1c8cec4_1"	"conda-forge"
"r"	"r-dbi"	"1.2.3"	"r44hc72bb7e_2"	"conda-forge"
"r"	"r-dbplyr"	"2.5.1"	"r44hc72bb7e_1"	"conda-forge"
"r"	"r-deldir"	"2.0_4"	"r44heaba542_2"	"conda-forge"
"r"	"r-digest"	"0.6.38"	"r44h3697838_0"	"conda-forge"
"r"	"r-dotcall64"	"1.2"	"r44heaba542_1"	"conda-forge"
"r"	"r-dplyr"	"1.2.1"	"r44h3697838_0"	"conda-forge"
"r"	"r-dqrng"	"0.3.2"	"r44h3697838_2"	"conda-forge"
"r"	"r-dtplyr"	"1.3.2"	"r44hc72bb7e_1"	"conda-forge"
"r"	"r-ellipsis"	"0.3.2"	"r44h54b55ab_4"	"conda-forge"
"r"	"r-evaluate"	"1.0.5"	"r44hc72bb7e_1"	"conda-forge"
"r"	"r-fansi"	"1.0.6"	"r44h54b55ab_2"	"conda-forge"
"r"	"r-farver"	"2.1.2"	"r44h3697838_2"	"conda-forge"
"r"	"r-fastdummies"	"1.7.6"	"r44hc72bb7e_0"	"conda-forge"
"r"	"r-fastmap"	"1.2.0"	"r44h3697838_2"	"conda-forge"
"r"	"r-fastmatch"	"1.1_6"	"r44h54b55ab_1"	"conda-forge"
"r"	"r-filelock"	"1.0.3"	"r44h54b55ab_2"	"conda-forge"
"r"	"r-fitdistrplus"	"1.2_6"	"r44hc72bb7e_0"	"conda-forge"
"r"	"r-fnn"	"1.1.4.1"	"r44h3697838_2"	"conda-forge"
"r"	"r-fontawesome"	"0.5.3"	"r44hc72bb7e_1"	"conda-forge"
"r"	"r-forcats"	"1.0.1"	"r44hc72bb7e_0"	"conda-forge"
"r"	"r-formatr"	"1.14"	"r44hc72bb7e_3"	"conda-forge"
"r"	"r-fs"	"1.6.6"	"r44h3697838_1"	"conda-forge"
"r"	"r-futile.logger"	"1.4.3"	"r44hc72bb7e_1007"	"conda-forge"
"r"	"r-futile.options"	"1.0.1"	"r44hc72bb7e_1006"	"conda-forge"
"r"	"r-future"	"1.70.0"	"r44hc72bb7e_0"	"conda-forge"
"r"	"r-future.apply"	"1.20.2"	"r44hc72bb7e_0"	"conda-forge"
"r"	"r-gargle"	"1.6.0"	"r44h785f33e_1"	"conda-forge"
"r"	"r-generics"	"0.1.4"	"r44hc72bb7e_1"	"conda-forge"
"r"	"r-getopt"	"1.20.4"	"r44ha770c72_2"	"conda-forge"
"r"	"r-ggbeeswarm"	"0.7.2"	"r44hc72bb7e_3"	"conda-forge"
"r"	"r-ggforce"	"0.5.0"	"r44h3697838_1"	"conda-forge"
"r"	"r-ggfun"	"0.2.0"	"r44hc72bb7e_1"	"conda-forge"
"r"	"r-gghalves"	"0.1.4"	"r44hc72bb7e_3"	"conda-forge"
"r"	"r-ggnewscale"	"0.5.2"	"r44hc72bb7e_1"	"conda-forge"
"r"	"r-ggplot2"	"4.0.3"	"r44h785f33e_0"	"conda-forge"
"r"	"r-ggplotify"	"0.1.3"	"r44hc72bb7e_1"	"conda-forge"
"r"	"r-ggrastr"	"1.0.2"	"r44hc72bb7e_3"	"conda-forge"
"r"	"r-ggrepel"	"0.9.6"	"r44h3697838_2"	"conda-forge"
"r"	"r-ggridges"	"0.5.7"	"r44hc72bb7e_1"	"conda-forge"
"r"	"r-ggseqlogo"	"0.2"	"r44hc72bb7e_2"	"conda-forge"
"r"	"r-ggtangle"	"0.0.9"	"r44hc72bb7e_0"	"conda-forge"
"r"	"r-ggthemes"	"5.1.0"	"r44hc72bb7e_2"	"conda-forge"
"r"	"r-globals"	"0.19.1"	"r44hc72bb7e_0"	"conda-forge"
"r"	"r-glue"	"1.8.0"	"r44h54b55ab_1"	"conda-forge"
"r"	"r-goftest"	"1.2_3"	"r44h54b55ab_4"	"conda-forge"
"r"	"r-googledrive"	"2.1.2"	"r44hc72bb7e_1"	"conda-forge"
"r"	"r-googlesheets4"	"1.1.2"	"r44h785f33e_1"	"conda-forge"
"r"	"r-gplots"	"3.3.0"	"r44hc72bb7e_0"	"conda-forge"
"r"	"r-gridextra"	"2.3"	"r44hc72bb7e_1007"	"conda-forge"
"r"	"r-gridgraphics"	"0.5_1"	"r44hc72bb7e_4"	"conda-forge"
"r"	"r-gson"	"0.1.0"	"r44hc72bb7e_3"	"conda-forge"
"r"	"r-gtable"	"0.3.6"	"r44hc72bb7e_1"	"conda-forge"
"r"	"r-gtools"	"3.9.5"	"r44h54b55ab_2"	"conda-forge"
"r"	"r-haven"	"2.5.5"	"r44h6d565e7_1"	"conda-forge"
"r"	"r-here"	"1.0.2"	"r44hc72bb7e_0"	"conda-forge"
"r"	"r-hexbin"	"1.28.5"	"r44heaba542_1"	"conda-forge"
"r"	"r-highr"	"0.11"	"r44hc72bb7e_2"	"conda-forge"
"r"	"r-hms"	"1.1.4"	"r44hc72bb7e_0"	"conda-forge"
"r"	"r-htmltools"	"0.5.8.1"	"r44h3697838_2"	"conda-forge"
"r"	"r-htmlwidgets"	"1.6.4"	"r44h785f33e_4"	"conda-forge"
"r"	"r-httpuv"	"1.6.17"	"r44h6d565e7_0"	"conda-forge"
"r"	"r-httr"	"1.4.7"	"r44hc72bb7e_2"	"conda-forge"
"r"	"r-httr2"	"1.2.1"	"r44hc72bb7e_1"	"conda-forge"
"r"	"r-hwriter"	"1.3.2.1"	"r44hc72bb7e_4"	"conda-forge"
"r"	"r-ica"	"1.0_3"	"r44hc72bb7e_4"	"conda-forge"
"r"	"r-ids"	"1.0.1"	"r44hc72bb7e_5"	"conda-forge"
"r"	"r-igraph"	"2.1.4"	"r44hf411e2a_2"	"conda-forge"
"r"	"r-irlba"	"2.3.7"	"r44h0e4624f_0"	"conda-forge"
"r"	"r-isoband"	"0.2.7"	"r44h3697838_4"	"conda-forge"
"r"	"r-jquerylib"	"0.1.4"	"r44hc72bb7e_4"	"conda-forge"
"r"	"r-jsonlite"	"2.0.0"	"r44h54b55ab_1"	"conda-forge"
"r"	"r-kernsmooth"	"2.23_26"	"r44ha0a88a1_1"	"conda-forge"
"r"	"r-knitr"	"1.50"	"r44hc72bb7e_1"	"conda-forge"
"r"	"r-labeling"	"0.4.3"	"r44hc72bb7e_2"	"conda-forge"
"r"	"r-lambda.r"	"1.2.4"	"r44hc72bb7e_5"	"conda-forge"
"r"	"r-later"	"1.4.4"	"r44h3697838_1"	"conda-forge"
"r"	"r-lattice"	"0.22_7"	"r44h54b55ab_1"	"conda-forge"
"r"	"r-lazyeval"	"0.2.2"	"r44h54b55ab_6"	"conda-forge"
"r"	"r-leidenbase"	"0.1.36"	"r44ha11a66c_0"	"conda-forge"
"r"	"r-lifecycle"	"1.0.4"	"r44hc72bb7e_2"	"conda-forge"
"r"	"r-listenv"	"0.10.1"	"r44hc72bb7e_0"	"conda-forge"
"r"	"r-lmtest"	"0.9_40"	"r44heaba542_4"	"conda-forge"
"r"	"r-locfit"	"1.5_9.12"	"r44h54b55ab_1"	"conda-forge"
"r"	"r-lubridate"	"1.9.4"	"r44h54b55ab_1"	"conda-forge"
"r"	"r-magrittr"	"2.0.4"	"r44h54b55ab_0"	"conda-forge"
"r"	"r-mass"	"7.3_65"	"r44h54b55ab_0"	"conda-forge"
"r"	"r-matrix"	"1.7_4"	"r44h0e4624f_1"	"conda-forge"
"r"	"r-matrixstats"	"1.5.0"	"r44h54b55ab_1"	"conda-forge"
"r"	"r-memoise"	"2.0.1"	"r44hc72bb7e_4"	"conda-forge"
"r"	"r-mime"	"0.13"	"r44h54b55ab_1"	"conda-forge"
"r"	"r-miniui"	"0.1.2"	"r44hc72bb7e_1"	"conda-forge"
"r"	"r-modelr"	"0.1.11"	"r44hc72bb7e_3"	"conda-forge"
"r"	"r-munsell"	"0.5.1"	"r44hc72bb7e_2"	"conda-forge"
"r"	"r-nlme"	"3.1_169"	"r44heaba542_0"	"conda-forge"
"r"	"r-openssl"	"2.3.4"	"r44h50f7d53_0"	"conda-forge"
"r"	"r-openxlsx"	"4.2.8.1"	"r44h3697838_0"	"conda-forge"
"r"	"r-optparse"	"1.7.5"	"r44hc72bb7e_2"	"conda-forge"
"r"	"r-otel"	"0.2.0"	"r44hc72bb7e_1"	"conda-forge"
"r"	"r-parallelly"	"1.47.0"	"r44h54b55ab_0"	"conda-forge"
"r"	"r-patchwork"	"1.3.2"	"r44hc72bb7e_1"	"conda-forge"
"r"	"r-pbapply"	"1.7_4"	"r44hc72bb7e_1"	"conda-forge"
"r"	"r-pillar"	"1.11.1"	"r44hc72bb7e_0"	"conda-forge"
"r"	"r-pkgconfig"	"2.0.3"	"r44hc72bb7e_5"	"conda-forge"
"r"	"r-plogr"	"0.2.0"	"r44hc72bb7e_1007"	"conda-forge"
"r"	"r-plotly"	"4.11.0"	"r44hc72bb7e_1"	"conda-forge"
"r"	"r-plyr"	"1.8.9"	"r44h3697838_3"	"conda-forge"
"r"	"r-png"	"0.1_8"	"r44h6b2d295_3"	"conda-forge"
"r"	"r-polyclip"	"1.10_7"	"r44h3697838_1"	"conda-forge"
"r"	"r-prettyunits"	"1.2.0"	"r44hc72bb7e_2"	"conda-forge"
"r"	"r-processx"	"3.8.6"	"r44h54b55ab_1"	"conda-forge"
"r"	"r-progress"	"1.2.3"	"r44hc72bb7e_2"	"conda-forge"
"r"	"r-progressr"	"0.19.0"	"r44hc72bb7e_0"	"conda-forge"
"r"	"r-promises"	"1.5.0"	"r44hc72bb7e_1"	"conda-forge"
"r"	"r-ps"	"1.9.1"	"r44h54b55ab_1"	"conda-forge"
"r"	"r-purrr"	"1.2.0"	"r44h54b55ab_0"	"conda-forge"
"r"	"r-r.methodss3"	"1.8.2"	"r44hc72bb7e_4"	"conda-forge"
"r"	"r-r.oo"	"1.27.1"	"r44hc72bb7e_1"	"conda-forge"
"r"	"r-r.utils"	"2.13.0"	"r44hc72bb7e_1"	"conda-forge"
"r"	"r-r6"	"2.6.1"	"r44hc72bb7e_1"	"conda-forge"
"r"	"r-ragg"	"1.5.0"	"r44h9f1dc4d_1"	"conda-forge"
"r"	"r-rann"	"2.6.2"	"r44h3697838_2"	"conda-forge"
"r"	"r-rappdirs"	"0.3.3"	"r44h54b55ab_4"	"conda-forge"
"r"	"r-rcolorbrewer"	"1.1_3"	"r44h785f33e_4"	"conda-forge"
"r"	"r-rcpp"	"1.1.0"	"r44h3697838_1"	"conda-forge"
"r"	"r-rcppannoy"	"0.0.23"	"r44h3697838_0"	"conda-forge"
"r"	"r-rcpparmadillo"	"15.2.2_1"	"r44h3704496_0"	"conda-forge"
"r"	"r-rcppeigen"	"0.3.4.0.2"	"r44h3704496_1"	"conda-forge"
"r"	"r-rcpphnsw"	"0.6.0"	"r44h3697838_2"	"conda-forge"
"r"	"r-rcppprogress"	"0.4.2"	"r44hc72bb7e_5"	"conda-forge"
"r"	"r-rcppthread"	"2.2.0"	"r44h3697838_1"	"conda-forge"
"r"	"r-rcpptoml"	"0.2.3"	"r44h3697838_1"	"conda-forge"
"r"	"r-rcurl"	"1.98_1.17"	"r44h46721d4_2"	"conda-forge"
"r"	"r-readr"	"2.1.6"	"r44h3697838_0"	"conda-forge"
"r"	"r-readxl"	"1.4.5"	"r44h10e25cc_1"	"conda-forge"
"r"	"r-rematch"	"2.0.0"	"r44hc72bb7e_2"	"conda-forge"
"r"	"r-rematch2"	"2.1.2"	"r44hc72bb7e_5"	"conda-forge"
"r"	"r-reprex"	"2.1.1"	"r44hc72bb7e_2"	"conda-forge"
"r"	"r-reshape2"	"1.4.5"	"r44h3697838_0"	"conda-forge"
"r"	"r-restfulr"	"0.0.16"	"r44h5ef9028_0"	"bioconda"
"r"	"r-reticulate"	"1.46.0"	"r44h3697838_0"	"conda-forge"
"r"	"r-rjson"	"0.2.23"	"r44h3697838_1"	"conda-forge"
"r"	"r-rlang"	"1.1.6"	"r44h3697838_1"	"conda-forge"
"r"	"r-rmarkdown"	"2.30"	"r44hc72bb7e_0"	"conda-forge"
"r"	"r-rocr"	"1.0_12"	"r44hc72bb7e_0"	"conda-forge"
"r"	"r-rprojroot"	"2.1.1"	"r44hc72bb7e_1"	"conda-forge"
"r"	"r-rspectra"	"0.16_2"	"r44h3704496_2"	"conda-forge"
"r"	"r-rsqlite"	"2.4.4"	"r44h3697838_0"	"conda-forge"
"r"	"r-rstudioapi"	"0.17.1"	"r44hc72bb7e_1"	"conda-forge"
"r"	"r-rtsne"	"0.17"	"r44hf1899b2_3"	"conda-forge"
"r"	"r-rvest"	"1.0.5"	"r44hc72bb7e_1"	"conda-forge"
"r"	"r-s7"	"0.2.1"	"r44h54b55ab_0"	"conda-forge"
"r"	"r-sass"	"0.4.10"	"r44h3697838_1"	"conda-forge"
"r"	"r-scales"	"1.4.0"	"r44hc72bb7e_1"	"conda-forge"
"r"	"r-scattermore"	"1.2"	"r44h3697838_5"	"conda-forge"
"r"	"r-scatterpie"	"0.2.6"	"r44hc72bb7e_1"	"conda-forge"
"r"	"r-sctransform"	"0.4.3"	"r44h3704496_0"	"conda-forge"
"r"	"r-selectr"	"0.4_2"	"r44hc72bb7e_5"	"conda-forge"
"r"	"r-seurat"	"5.5.0"	"r44h3697838_0"	"conda-forge"
"r"	"r-seuratobject"	"5.4.0"	"r44h3697838_0"	"conda-forge"
"r"	"r-shiny"	"1.13.0"	"r44h785f33e_0"	"conda-forge"
"r"	"r-sitmo"	"2.0.2"	"r44h3697838_4"	"conda-forge"
"r"	"r-snow"	"0.4_4"	"r44hc72bb7e_4"	"conda-forge"
"r"	"r-sourcetools"	"0.1.7_2"	"r44h3697838_0"	"conda-forge"
"r"	"r-sp"	"2.2_1"	"r44h54b55ab_0"	"conda-forge"
"r"	"r-spam"	"2.11_3"	"r44h2ddecb4_0"	"conda-forge"
"r"	"r-spatstat.data"	"3.1_9"	"r44hc72bb7e_0"	"conda-forge"
"r"	"r-spatstat.explore"	"3.8_0"	"r44h54b55ab_0"	"conda-forge"
"r"	"r-spatstat.geom"	"3.7_3"	"r44h54b55ab_0"	"conda-forge"
"r"	"r-spatstat.random"	"3.4_5"	"r44h3697838_0"	"conda-forge"
"r"	"r-spatstat.sparse"	"3.1_0"	"r44h54b55ab_2"	"conda-forge"
"r"	"r-spatstat.univar"	"3.1_7"	"r44h54b55ab_0"	"conda-forge"
"r"	"r-spatstat.utils"	"3.2_3"	"r44h54b55ab_0"	"conda-forge"
"r"	"r-statmod"	"1.5.1"	"r44hb1d0f04_0"	"conda-forge"
"r"	"r-stringi"	"1.8.7"	"r44h2dae267_1"	"conda-forge"
"r"	"r-stringr"	"1.6.0"	"r44h785f33e_0"	"conda-forge"
"r"	"r-survival"	"3.8_6"	"r44h54b55ab_0"	"conda-forge"
"r"	"r-sys"	"3.4.3"	"r44h54b55ab_1"	"conda-forge"
"r"	"r-systemfonts"	"1.3.1"	"r44h74f4acd_0"	"conda-forge"
"r"	"r-tensor"	"1.5.1"	"r44hc72bb7e_1"	"conda-forge"
"r"	"r-textshaping"	"1.0.4"	"r44h74f4acd_0"	"conda-forge"
"r"	"r-tibble"	"3.3.0"	"r44h54b55ab_1"	"conda-forge"
"r"	"r-tidyr"	"1.3.2"	"r44h3697838_0"	"conda-forge"
"r"	"r-tidyselect"	"1.2.1"	"r44hc72bb7e_2"	"conda-forge"
"r"	"r-tidytree"	"0.4.6"	"r44hc72bb7e_2"	"conda-forge"
"r"	"r-tidyverse"	"2.0.0"	"r44h785f33e_3"	"conda-forge"
"r"	"r-timechange"	"0.3.0"	"r44h3697838_2"	"conda-forge"
"r"	"r-tinytex"	"0.57"	"r44hc72bb7e_1"	"conda-forge"
"r"	"r-tweenr"	"2.0.3"	"r44h3697838_2"	"conda-forge"
"r"	"r-tzdb"	"0.5.0"	"r44h3697838_2"	"conda-forge"
"r"	"r-utf8"	"1.2.6"	"r44h54b55ab_1"	"conda-forge"
"r"	"r-uuid"	"1.2_1"	"r44h54b55ab_1"	"conda-forge"
"r"	"r-uwot"	"0.2.4"	"r44h3697838_0"	"conda-forge"
"r"	"r-vctrs"	"0.7.3"	"r44h3697838_0"	"conda-forge"
"r"	"r-vipor"	"0.4.7"	"r44hc72bb7e_2"	"conda-forge"
"r"	"r-viridislite"	"0.4.2"	"r44hc72bb7e_3"	"conda-forge"
"r"	"r-vroom"	"1.6.6"	"r44h3697838_0"	"conda-forge"
"r"	"r-withr"	"3.0.2"	"r44hc72bb7e_1"	"conda-forge"
"r"	"r-xfun"	"0.54"	"r44h3697838_0"	"conda-forge"
"r"	"r-xml"	"3.99_0.20"	"r44hf705907_0"	"conda-forge"
"r"	"r-xml2"	"1.5.0"	"r44he78afff_0"	"conda-forge"
"r"	"r-xtable"	"1.8_8"	"r44hc72bb7e_0"	"conda-forge"
"r"	"r-yaml"	"2.3.10"	"r44h54b55ab_1"	"conda-forge"
"r"	"r-yulab.utils"	"0.2.2"	"r44hc72bb7e_0"	"conda-forge"
"r"	"r-zip"	"2.3.3"	"r44h54b55ab_1"	"conda-forge"
"r"	"r-zoo"	"1.8_15"	"r44h54b55ab_0"	"conda-forge"
"R"	"readline"	"8.2"	"h8c095d6_2"	"conda-forge"
"r"	"readline"	"8.2"	"h8c095d6_2"	"conda-forge"
"r"	"rhash"	"1.4.6"	"hb9d3cd8_1"	"conda-forge"
"R"	"sed"	"4.9"	"h6688a6e_0"	"conda-forge"
"r"	"sed"	"4.9"	"h6688a6e_0"	"conda-forge"
"r"	"setuptools"	"80.9.0"	"pyhff2d567_0"	"conda-forge"
"R"	"sysroot_linux-64"	"2.17"	"h0157908_18"	"conda-forge"
"r"	"sysroot_linux-64"	"2.17"	"h0157908_18"	"conda-forge"
"R"	"tk"	"8.6.13"	"noxft_ha0e22de_103"	"conda-forge"
"r"	"tk"	"8.6.13"	"noxft_ha0e22de_103"	"conda-forge"
"R"	"tktable"	"2.10"	"h8d826fa_7"	"conda-forge"
"r"	"tktable"	"2.10"	"h8d826fa_7"	"conda-forge"
"r"	"toml"	"0.10.2"	"pyhd8ed1ab_2"	"conda-forge"
"r"	"tomlkit"	"0.13.3"	"pyha770c72_0"	"conda-forge"
"R"	"tzdata"	"2025b"	"h78e105d_0"	"conda-forge"
"r"	"tzdata"	"2025b"	"h78e105d_0"	"conda-forge"
"r"	"xmltodict"	"1.0.2"	"pyhcf101f3_0"	"conda-forge"
"R"	"xorg-libice"	"1.1.2"	"hb9d3cd8_0"	"conda-forge"
"r"	"xorg-libice"	"1.1.2"	"hb9d3cd8_0"	"conda-forge"
"R"	"xorg-libsm"	"1.2.6"	"he73a12e_0"	"conda-forge"
"r"	"xorg-libsm"	"1.2.6"	"he73a12e_0"	"conda-forge"
"R"	"xorg-libx11"	"1.8.12"	"h4f16b4b_0"	"conda-forge"
"r"	"xorg-libx11"	"1.8.12"	"h4f16b4b_0"	"conda-forge"
"R"	"xorg-libxau"	"1.0.12"	"hb03c661_1"	"conda-forge"
"r"	"xorg-libxau"	"1.0.12"	"hb03c661_1"	"conda-forge"
"R"	"xorg-libxdmcp"	"1.1.5"	"hb03c661_1"	"conda-forge"
"r"	"xorg-libxdmcp"	"1.1.5"	"hb03c661_1"	"conda-forge"
"R"	"xorg-libxext"	"1.3.6"	"hb9d3cd8_0"	"conda-forge"
"r"	"xorg-libxext"	"1.3.6"	"hb9d3cd8_0"	"conda-forge"
"R"	"xorg-libxrender"	"0.9.12"	"hb9d3cd8_0"	"conda-forge"
"r"	"xorg-libxrender"	"0.9.12"	"hb9d3cd8_0"	"conda-forge"
"R"	"xorg-libxt"	"1.3.1"	"hb9d3cd8_0"	"conda-forge"
"r"	"xorg-libxt"	"1.3.1"	"hb9d3cd8_0"	"conda-forge"
"r"	"yaml"	"0.2.5"	"h280c20c_3"	"conda-forge"
"r"	"yq"	"3.4.3"	"pyhe01879c_2"	"conda-forge"
"r"	"zlib"	"1.3.1"	"hb9d3cd8_2"	"conda-forge"
"R"	"zstd"	"1.5.7"	"hb8e6e7a_2"	"conda-forge"
"r"	"zstd"	"1.5.7"	"hb8e6e7a_2"	"conda-forge"
"r_heatmap_clean"	"_openmp_mutex"	"4.5"	"20_gnu"	"conda-forge"
"r_heatmap_clean"	"_r-mutex"	"1.0.1"	"anacondar_1"	"conda-forge"
"r_heatmap_clean"	"argcomplete"	"3.6.3"	"pyhd8ed1ab_0"	"conda-forge"
"r_heatmap_clean"	"binutils_impl_linux-64"	"2.45.1"	"default_hfdba357_102"	"conda-forge"
"r_heatmap_clean"	"bioconductor-annotationdbi"	"1.64.1"	"r43hdfd78af_0"	"bioconda"
"r_heatmap_clean"	"bioconductor-biobase"	"2.62.0"	"r43ha9d7317_3"	"bioconda"
"r_heatmap_clean"	"bioconductor-biocgenerics"	"0.48.1"	"r43hdfd78af_2"	"bioconda"
"r_heatmap_clean"	"bioconductor-biocparallel"	"1.36.0"	"r43hf17093f_2"	"bioconda"
"r_heatmap_clean"	"bioconductor-biostrings"	"2.70.1"	"r43ha9d7317_2"	"bioconda"
"r_heatmap_clean"	"bioconductor-clusterprofiler"	"4.10.0"	"r43hdfd78af_0"	"bioconda"
"r_heatmap_clean"	"bioconductor-data-packages"	"20260207"	"hdfd78af_0"	"bioconda"
"r_heatmap_clean"	"bioconductor-dose"	"3.28.1"	"r43hdfd78af_0"	"bioconda"
"r_heatmap_clean"	"bioconductor-enrichplot"	"1.22.0"	"r43hdfd78af_0"	"bioconda"
"r_heatmap_clean"	"bioconductor-fgsea"	"1.28.0"	"r43hf17093f_1"	"bioconda"
"r_heatmap_clean"	"bioconductor-genomeinfodb"	"1.38.1"	"r43hdfd78af_1"	"bioconda"
"r_heatmap_clean"	"bioconductor-genomeinfodbdata"	"1.2.11"	"r43hdfd78af_1"	"bioconda"
"r_heatmap_clean"	"bioconductor-ggtree"	"3.10.0"	"r43hdfd78af_0"	"bioconda"
"r_heatmap_clean"	"bioconductor-go.db"	"3.18.0"	"r43hdfd78af_0"	"bioconda"
"r_heatmap_clean"	"bioconductor-gosemsim"	"2.28.0"	"r43hf17093f_1"	"bioconda"
"r_heatmap_clean"	"bioconductor-hdo.db"	"0.99.1"	"r43hdfd78af_2"	"bioconda"
"r_heatmap_clean"	"bioconductor-iranges"	"2.36.0"	"r43ha9d7317_2"	"bioconda"
"r_heatmap_clean"	"bioconductor-keggrest"	"1.42.0"	"r43hdfd78af_0"	"bioconda"
"r_heatmap_clean"	"bioconductor-org.hs.eg.db"	"3.18.0"	"r43hdfd78af_0"	"bioconda"
"r_heatmap_clean"	"bioconductor-qvalue"	"2.34.0"	"r43hdfd78af_0"	"bioconda"
"r_heatmap_clean"	"bioconductor-s4vectors"	"0.40.2"	"r43ha9d7317_2"	"bioconda"
"r_heatmap_clean"	"bioconductor-treeio"	"1.26.0"	"r43hdfd78af_1"	"bioconda"
"r_heatmap_clean"	"bioconductor-xvector"	"0.42.0"	"r43ha9d7317_2"	"bioconda"
"r_heatmap_clean"	"bioconductor-zlibbioc"	"1.48.0"	"r43ha9d7317_2"	"bioconda"
"r_heatmap_clean"	"bwidget"	"1.10.1"	"ha770c72_1"	"conda-forge"
"r_heatmap_clean"	"bzip2"	"1.0.8"	"hda65f42_9"	"conda-forge"
"r_heatmap_clean"	"c-ares"	"1.34.6"	"hb03c661_0"	"conda-forge"
"r_heatmap_clean"	"ca-certificates"	"2026.2.25"	"hbd8a1cb_0"	"conda-forge"
"r_heatmap_clean"	"cairo"	"1.18.4"	"h3394656_0"	"conda-forge"
"r_heatmap_clean"	"curl"	"8.19.0"	"hcf29cc6_0"	"conda-forge"
"r_heatmap_clean"	"font-ttf-dejavu-sans-mono"	"2.37"	"hab24e00_0"	"conda-forge"
"r_heatmap_clean"	"font-ttf-inconsolata"	"3.000"	"h77eed37_0"	"conda-forge"
"r_heatmap_clean"	"font-ttf-source-code-pro"	"2.038"	"h77eed37_0"	"conda-forge"
"r_heatmap_clean"	"font-ttf-ubuntu"	"0.83"	"h77eed37_3"	"conda-forge"
"r_heatmap_clean"	"fontconfig"	"2.17.1"	"h27c8c51_0"	"conda-forge"
"r_heatmap_clean"	"fonts-conda-ecosystem"	"1"	"0"	"conda-forge"
"r_heatmap_clean"	"fonts-conda-forge"	"1"	"hc364b38_1"	"conda-forge"
"r_heatmap_clean"	"freetype"	"2.14.3"	"ha770c72_0"	"conda-forge"
"r_heatmap_clean"	"fribidi"	"1.0.16"	"hb03c661_0"	"conda-forge"
"r_heatmap_clean"	"gcc_impl_linux-64"	"15.2.0"	"he420e7e_18"	"conda-forge"
"r_heatmap_clean"	"gfortran_impl_linux-64"	"15.2.0"	"h281d09f_18"	"conda-forge"
"r_heatmap_clean"	"glpk"	"5.0"	"h445213a_0"	"conda-forge"
"r_heatmap_clean"	"gmp"	"6.3.0"	"hac33072_2"	"conda-forge"
"r_heatmap_clean"	"graphite2"	"1.3.14"	"hecca717_2"	"conda-forge"
"r_heatmap_clean"	"gsl"	"2.7"	"he838d99_0"	"conda-forge"
"r_heatmap_clean"	"gxx_impl_linux-64"	"15.2.0"	"hda75c37_18"	"conda-forge"
"r_heatmap_clean"	"harfbuzz"	"12.2.0"	"h15599e2_0"	"conda-forge"
"r_heatmap_clean"	"icu"	"75.1"	"he02047a_0"	"conda-forge"
"r_heatmap_clean"	"jq"	"1.8.1"	"h73b1eb8_0"	"conda-forge"
"r_heatmap_clean"	"kernel-headers_linux-64"	"3.10.0"	"he073ed8_18"	"conda-forge"
"r_heatmap_clean"	"keyutils"	"1.6.3"	"hb9d3cd8_0"	"conda-forge"
"r_heatmap_clean"	"krb5"	"1.22.2"	"ha1258a1_0"	"conda-forge"
"r_heatmap_clean"	"ld_impl_linux-64"	"2.45.1"	"default_hbd61a6d_102"	"conda-forge"
"r_heatmap_clean"	"lerc"	"4.1.0"	"hdb68285_0"	"conda-forge"
"r_heatmap_clean"	"libblas"	"3.11.0"	"6_h4a7cf45_openblas"	"conda-forge"
"r_heatmap_clean"	"libcblas"	"3.11.0"	"6_h0358290_openblas"	"conda-forge"
"r_heatmap_clean"	"libcurl"	"8.19.0"	"hcf29cc6_0"	"conda-forge"
"r_heatmap_clean"	"libdeflate"	"1.25"	"h17f619e_0"	"conda-forge"
"r_heatmap_clean"	"libedit"	"3.1.20250104"	"pl5321h7949ede_0"	"conda-forge"
"r_heatmap_clean"	"libev"	"4.33"	"hd590300_2"	"conda-forge"
"r_heatmap_clean"	"libexpat"	"2.7.5"	"hecca717_0"	"conda-forge"
"r_heatmap_clean"	"libffi"	"3.5.2"	"h3435931_0"	"conda-forge"
"r_heatmap_clean"	"libfreetype"	"2.14.3"	"ha770c72_0"	"conda-forge"
"r_heatmap_clean"	"libfreetype6"	"2.14.3"	"h73754d4_0"	"conda-forge"
"r_heatmap_clean"	"libgcc"	"15.2.0"	"he0feb66_18"	"conda-forge"
"r_heatmap_clean"	"libgcc-devel_linux-64"	"15.2.0"	"hcc6f6b0_118"	"conda-forge"
"r_heatmap_clean"	"libgcc-ng"	"15.2.0"	"h69a702a_18"	"conda-forge"
"r_heatmap_clean"	"libgfortran"	"15.2.0"	"h69a702a_18"	"conda-forge"
"r_heatmap_clean"	"libgfortran-ng"	"15.2.0"	"h69a702a_18"	"conda-forge"
"r_heatmap_clean"	"libgfortran5"	"15.2.0"	"h68bc16d_18"	"conda-forge"
"r_heatmap_clean"	"libglib"	"2.86.4"	"h6548e54_1"	"conda-forge"
"r_heatmap_clean"	"libgomp"	"15.2.0"	"he0feb66_18"	"conda-forge"
"r_heatmap_clean"	"libiconv"	"1.18"	"h3b78370_2"	"conda-forge"
"r_heatmap_clean"	"libjpeg-turbo"	"3.1.4.1"	"hb03c661_0"	"conda-forge"
"r_heatmap_clean"	"liblapack"	"3.11.0"	"6_h47877c9_openblas"	"conda-forge"
"r_heatmap_clean"	"liblzma"	"5.8.3"	"hb03c661_0"	"conda-forge"
"r_heatmap_clean"	"libmpdec"	"4.0.0"	"hb03c661_1"	"conda-forge"
"r_heatmap_clean"	"libnghttp2"	"1.68.1"	"h877daf1_0"	"conda-forge"
"r_heatmap_clean"	"libopenblas"	"0.3.32"	"pthreads_h94d23a6_0"	"conda-forge"
"r_heatmap_clean"	"libpng"	"1.6.57"	"h421ea60_0"	"conda-forge"
"r_heatmap_clean"	"libsanitizer"	"15.2.0"	"h90f66d4_18"	"conda-forge"
"r_heatmap_clean"	"libsqlite"	"3.53.0"	"h0c1763c_0"	"conda-forge"
"r_heatmap_clean"	"libssh2"	"1.11.1"	"hcf80075_0"	"conda-forge"
"r_heatmap_clean"	"libstdcxx"	"15.2.0"	"h934c35e_18"	"conda-forge"
"r_heatmap_clean"	"libstdcxx-devel_linux-64"	"15.2.0"	"hd446a21_118"	"conda-forge"
"r_heatmap_clean"	"libstdcxx-ng"	"15.2.0"	"hdf11a46_18"	"conda-forge"
"r_heatmap_clean"	"libtiff"	"4.7.1"	"h9d88235_1"	"conda-forge"
"r_heatmap_clean"	"libuuid"	"2.42"	"h5347b49_0"	"conda-forge"
"r_heatmap_clean"	"libwebp-base"	"1.6.0"	"hd42ef1d_0"	"conda-forge"
"r_heatmap_clean"	"libxcb"	"1.17.0"	"h8a09558_0"	"conda-forge"
"r_heatmap_clean"	"libxml2"	"2.13.9"	"h04c0eec_0"	"conda-forge"
"r_heatmap_clean"	"libzlib"	"1.3.2"	"h25fd6f3_2"	"conda-forge"
"r_heatmap_clean"	"make"	"4.4.1"	"hb9d3cd8_2"	"conda-forge"
"r_heatmap_clean"	"ncurses"	"6.5"	"h2d0b736_3"	"conda-forge"
"r_heatmap_clean"	"oniguruma"	"6.9.10"	"hb9d3cd8_0"	"conda-forge"
"r_heatmap_clean"	"openssl"	"3.6.2"	"h35e630c_0"	"conda-forge"
"r_heatmap_clean"	"pandoc"	"3.9.0.2"	"ha770c72_0"	"conda-forge"
"r_heatmap_clean"	"pango"	"1.56.4"	"hadf4263_0"	"conda-forge"
"r_heatmap_clean"	"pcre2"	"10.47"	"haa7fec5_0"	"conda-forge"
"r_heatmap_clean"	"pip"	"26.0.1"	"pyh145f28c_0"	"conda-forge"
"r_heatmap_clean"	"pixman"	"0.46.4"	"h54a6638_1"	"conda-forge"
"r_heatmap_clean"	"pthread-stubs"	"0.4"	"hb9d3cd8_1002"	"conda-forge"
"r_heatmap_clean"	"python"	"3.14.4"	"habeac84_100_cp314"	"conda-forge"
"r_heatmap_clean"	"python_abi"	"3.14"	"8_cp314"	"conda-forge"
"r_heatmap_clean"	"pyyaml"	"6.0.3"	"py314h67df5f8_1"	"conda-forge"
"r_heatmap_clean"	"r-ape"	"5.8_1"	"r43h3704496_1"	"conda-forge"
"r_heatmap_clean"	"r-aplot"	"0.2.9"	"r43hc72bb7e_0"	"conda-forge"
"r_heatmap_clean"	"r-askpass"	"1.2.1"	"r43h2b5f3a1_0"	"conda-forge"
"r_heatmap_clean"	"r-base"	"4.3.3"	"hc28aa72_21"	"conda-forge"
"r_heatmap_clean"	"r-base64enc"	"0.1_3"	"r43hb1dbf0f_1007"	"conda-forge"
"r_heatmap_clean"	"r-bh"	"1.87.0_1"	"r43hc72bb7e_0"	"conda-forge"
"r_heatmap_clean"	"r-bit"	"4.6.0"	"r43h2b5f3a1_0"	"conda-forge"
"r_heatmap_clean"	"r-bit64"	"4.6.0_1"	"r43h2b5f3a1_0"	"conda-forge"
"r_heatmap_clean"	"r-bitops"	"1.0_9"	"r43h2b5f3a1_0"	"conda-forge"
"r_heatmap_clean"	"r-blob"	"1.2.4"	"r43hc72bb7e_2"	"conda-forge"
"r_heatmap_clean"	"r-bslib"	"0.9.0"	"r43hc72bb7e_0"	"conda-forge"
"r_heatmap_clean"	"r-cachem"	"1.1.0"	"r43hb1dbf0f_1"	"conda-forge"
"r_heatmap_clean"	"r-cli"	"3.6.5"	"r43h93ab643_0"	"conda-forge"
"r_heatmap_clean"	"r-codetools"	"0.2_20"	"r43hc72bb7e_1"	"conda-forge"
"r_heatmap_clean"	"r-colorspace"	"2.1_1"	"r43hdb488b9_0"	"conda-forge"
"r_heatmap_clean"	"r-cowplot"	"1.2.0"	"r43hc72bb7e_1"	"conda-forge"
"r_heatmap_clean"	"r-cpp11"	"0.5.2"	"r43h785f33e_1"	"conda-forge"
"r_heatmap_clean"	"r-crayon"	"1.5.3"	"r43hc72bb7e_1"	"conda-forge"
"r_heatmap_clean"	"r-curl"	"7.0.0"	"r43h10955f1_0"	"conda-forge"
"r_heatmap_clean"	"r-data.table"	"1.17.8"	"r43h1c8cec4_0"	"conda-forge"
"r_heatmap_clean"	"r-dbi"	"1.2.3"	"r43hc72bb7e_1"	"conda-forge"
"r_heatmap_clean"	"r-digest"	"0.6.37"	"r43h0d4f4ea_0"	"conda-forge"
"r_heatmap_clean"	"r-downloader"	"0.4.1"	"r43hc72bb7e_0"	"conda-forge"
"r_heatmap_clean"	"r-dplyr"	"1.1.4"	"r43h0d4f4ea_1"	"conda-forge"
"r_heatmap_clean"	"r-ellipsis"	"0.3.2"	"r43hb1dbf0f_3"	"conda-forge"
"r_heatmap_clean"	"r-evaluate"	"1.0.5"	"r43hc72bb7e_0"	"conda-forge"
"r_heatmap_clean"	"r-fansi"	"1.0.6"	"r43hb1dbf0f_1"	"conda-forge"
"r_heatmap_clean"	"r-farver"	"2.1.2"	"r43ha18555a_1"	"conda-forge"
"r_heatmap_clean"	"r-fastmap"	"1.2.0"	"r43ha18555a_1"	"conda-forge"
"r_heatmap_clean"	"r-fastmatch"	"1.1_6"	"r43h2b5f3a1_0"	"conda-forge"
"r_heatmap_clean"	"r-fontawesome"	"0.5.3"	"r43hc72bb7e_0"	"conda-forge"
"r_heatmap_clean"	"r-formatr"	"1.14"	"r43hc72bb7e_2"	"conda-forge"
"r_heatmap_clean"	"r-fs"	"1.6.6"	"r43h93ab643_0"	"conda-forge"
"r_heatmap_clean"	"r-futile.logger"	"1.4.3"	"r43hc72bb7e_1006"	"conda-forge"
"r_heatmap_clean"	"r-futile.options"	"1.0.1"	"r43hc72bb7e_1005"	"conda-forge"
"r_heatmap_clean"	"r-generics"	"0.1.4"	"r43hc72bb7e_0"	"conda-forge"
"r_heatmap_clean"	"r-getopt"	"1.20.4"	"r43ha770c72_1"	"conda-forge"
"r_heatmap_clean"	"r-ggforce"	"0.5.0"	"r43h93ab643_0"	"conda-forge"
"r_heatmap_clean"	"r-ggfun"	"0.2.0"	"r43hc72bb7e_0"	"conda-forge"
"r_heatmap_clean"	"r-ggiraph"	"0.8.12"	"r43he245a5f_0"	"conda-forge"
"r_heatmap_clean"	"r-ggnewscale"	"0.5.2"	"r43hc72bb7e_0"	"conda-forge"
"r_heatmap_clean"	"r-ggplot2"	"3.5.2"	"r43hc72bb7e_0"	"conda-forge"
"r_heatmap_clean"	"r-ggplotify"	"0.1.3"	"r43hc72bb7e_0"	"conda-forge"
"r_heatmap_clean"	"r-ggraph"	"2.2.1"	"r43h93ab643_1"	"conda-forge"
"r_heatmap_clean"	"r-ggrepel"	"0.9.6"	"r43h3697838_1"	"conda-forge"
"r_heatmap_clean"	"r-glue"	"1.8.0"	"r43h2b5f3a1_0"	"conda-forge"
"r_heatmap_clean"	"r-graphlayouts"	"1.2.2"	"r43h93ab643_0"	"conda-forge"
"r_heatmap_clean"	"r-gridextra"	"2.3"	"r43hc72bb7e_1006"	"conda-forge"
"r_heatmap_clean"	"r-gridgraphics"	"0.5_1"	"r43hc72bb7e_3"	"conda-forge"
"r_heatmap_clean"	"r-gson"	"0.1.0"	"r43hc72bb7e_2"	"conda-forge"
"r_heatmap_clean"	"r-gtable"	"0.3.6"	"r43hc72bb7e_0"	"conda-forge"
"r_heatmap_clean"	"r-highr"	"0.11"	"r43hc72bb7e_1"	"conda-forge"
"r_heatmap_clean"	"r-htmltools"	"0.5.8.1"	"r43ha18555a_1"	"conda-forge"
"r_heatmap_clean"	"r-htmlwidgets"	"1.6.4"	"r43h785f33e_3"	"conda-forge"
"r_heatmap_clean"	"r-httr"	"1.4.7"	"r43hc72bb7e_1"	"conda-forge"
"r_heatmap_clean"	"r-httr2"	"1.2.1"	"r43hc72bb7e_0"	"conda-forge"
"r_heatmap_clean"	"r-igraph"	"2.1.4"	"r43hadbbdbc_0"	"conda-forge"
"r_heatmap_clean"	"r-isoband"	"0.2.7"	"r43ha18555a_3"	"conda-forge"
"r_heatmap_clean"	"r-jquerylib"	"0.1.4"	"r43hc72bb7e_3"	"conda-forge"
"r_heatmap_clean"	"r-jsonlite"	"2.0.0"	"r43h2b5f3a1_0"	"conda-forge"
"r_heatmap_clean"	"r-knitr"	"1.50"	"r43hc72bb7e_0"	"conda-forge"
"r_heatmap_clean"	"r-labeling"	"0.4.3"	"r43hc72bb7e_1"	"conda-forge"
"r_heatmap_clean"	"r-lambda.r"	"1.2.4"	"r43hc72bb7e_4"	"conda-forge"
"r_heatmap_clean"	"r-lattice"	"0.22_7"	"r43h2b5f3a1_0"	"conda-forge"
"r_heatmap_clean"	"r-lazyeval"	"0.2.2"	"r43hb1dbf0f_5"	"conda-forge"
"r_heatmap_clean"	"r-lifecycle"	"1.0.4"	"r43hc72bb7e_1"	"conda-forge"
"r_heatmap_clean"	"r-magrittr"	"2.0.3"	"r43hb1dbf0f_3"	"conda-forge"
"r_heatmap_clean"	"r-mass"	"7.3_60.0.1"	"r43hb1dbf0f_1"	"conda-forge"
"r_heatmap_clean"	"r-matrix"	"1.6_5"	"r43he966344_1"	"conda-forge"
"r_heatmap_clean"	"r-memoise"	"2.0.1"	"r43hc72bb7e_3"	"conda-forge"
"r_heatmap_clean"	"r-mgcv"	"1.9_3"	"r43h2ae2be5_0"	"conda-forge"
"r_heatmap_clean"	"r-mime"	"0.13"	"r43h2b5f3a1_0"	"conda-forge"
"r_heatmap_clean"	"r-munsell"	"0.5.1"	"r43hc72bb7e_1"	"conda-forge"
"r_heatmap_clean"	"r-nlme"	"3.1_168"	"r43hb67ce94_0"	"conda-forge"
"r_heatmap_clean"	"r-openssl"	"2.3.3"	"r43he8289e2_0"	"conda-forge"
"r_heatmap_clean"	"r-optparse"	"1.7.5"	"r43hc72bb7e_1"	"conda-forge"
"r_heatmap_clean"	"r-patchwork"	"1.3.2"	"r43hc72bb7e_0"	"conda-forge"
"r_heatmap_clean"	"r-pillar"	"1.11.0"	"r43hc72bb7e_0"	"conda-forge"
"r_heatmap_clean"	"r-pkgconfig"	"2.0.3"	"r43hc72bb7e_4"	"conda-forge"
"r_heatmap_clean"	"r-plogr"	"0.2.0"	"r43hc72bb7e_1006"	"conda-forge"
"r_heatmap_clean"	"r-plyr"	"1.8.9"	"r43h3697838_2"	"conda-forge"
"r_heatmap_clean"	"r-png"	"0.1_8"	"r43h21f035c_2"	"conda-forge"
"r_heatmap_clean"	"r-polyclip"	"1.10_7"	"r43h0d4f4ea_0"	"conda-forge"
"r_heatmap_clean"	"r-purrr"	"1.1.0"	"r43h54b55ab_0"	"conda-forge"
"r_heatmap_clean"	"r-r6"	"2.6.1"	"r43hc72bb7e_0"	"conda-forge"
"r_heatmap_clean"	"r-rappdirs"	"0.3.3"	"r43hb1dbf0f_3"	"conda-forge"
"r_heatmap_clean"	"r-rcolorbrewer"	"1.1_3"	"r43h785f33e_3"	"conda-forge"
"r_heatmap_clean"	"r-rcpp"	"1.1.0"	"r43h93ab643_0"	"conda-forge"
"r_heatmap_clean"	"r-rcpparmadillo"	"15.0.2_1"	"r43h3704496_0"	"conda-forge"
"r_heatmap_clean"	"r-rcppeigen"	"0.3.4.0.2"	"r43hb79369c_0"	"conda-forge"
"r_heatmap_clean"	"r-rcurl"	"1.98_1.17"	"r43hb79926e_0"	"conda-forge"
"r_heatmap_clean"	"r-reshape2"	"1.4.4"	"r43h3697838_5"	"conda-forge"
"r_heatmap_clean"	"r-rlang"	"1.1.6"	"r43h93ab643_0"	"conda-forge"
"r_heatmap_clean"	"r-rmarkdown"	"2.29"	"r43hc72bb7e_0"	"conda-forge"
"r_heatmap_clean"	"r-rsqlite"	"2.4.3"	"r43h3697838_0"	"conda-forge"
"r_heatmap_clean"	"r-s7"	"0.2.0"	"r43h54b55ab_0"	"conda-forge"
"r_heatmap_clean"	"r-sass"	"0.4.10"	"r43h93ab643_0"	"conda-forge"
"r_heatmap_clean"	"r-scales"	"1.4.0"	"r43hc72bb7e_0"	"conda-forge"
"r_heatmap_clean"	"r-scatterpie"	"0.2.6"	"r43hc72bb7e_0"	"conda-forge"
"r_heatmap_clean"	"r-shadowtext"	"0.1.6"	"r43hc72bb7e_0"	"conda-forge"
"r_heatmap_clean"	"r-snow"	"0.4_4"	"r43hc72bb7e_3"	"conda-forge"
"r_heatmap_clean"	"r-stringi"	"1.8.7"	"r43h3c328a7_0"	"conda-forge"
"r_heatmap_clean"	"r-stringr"	"1.5.2"	"r43h785f33e_0"	"conda-forge"
"r_heatmap_clean"	"r-sys"	"3.4.3"	"r43h2b5f3a1_0"	"conda-forge"
"r_heatmap_clean"	"r-systemfonts"	"1.2.3"	"r43h74f4acd_0"	"conda-forge"
"r_heatmap_clean"	"r-tibble"	"3.3.0"	"r43h2b5f3a1_0"	"conda-forge"
"r_heatmap_clean"	"r-tidygraph"	"1.3.0"	"r43h0d4f4ea_1"	"conda-forge"
"r_heatmap_clean"	"r-tidyr"	"1.3.1"	"r43h0d4f4ea_1"	"conda-forge"
"r_heatmap_clean"	"r-tidyselect"	"1.2.1"	"r43hc72bb7e_1"	"conda-forge"
"r_heatmap_clean"	"r-tidytree"	"0.4.6"	"r43hc72bb7e_1"	"conda-forge"
"r_heatmap_clean"	"r-tinytex"	"0.57"	"r43hc72bb7e_0"	"conda-forge"
"r_heatmap_clean"	"r-tweenr"	"2.0.3"	"r43h0d4f4ea_1"	"conda-forge"
"r_heatmap_clean"	"r-utf8"	"1.2.6"	"r43h2b5f3a1_0"	"conda-forge"
"r_heatmap_clean"	"r-uuid"	"1.2_1"	"r43hdb488b9_0"	"conda-forge"
"r_heatmap_clean"	"r-vctrs"	"0.6.5"	"r43h0d4f4ea_1"	"conda-forge"
"r_heatmap_clean"	"r-viridis"	"0.6.5"	"r43hc72bb7e_1"	"conda-forge"
"r_heatmap_clean"	"r-viridislite"	"0.4.2"	"r43hc72bb7e_2"	"conda-forge"
"r_heatmap_clean"	"r-withr"	"3.0.2"	"r43hc72bb7e_0"	"conda-forge"
"r_heatmap_clean"	"r-xfun"	"0.53"	"r43h3697838_0"	"conda-forge"
"r_heatmap_clean"	"r-yaml"	"2.3.10"	"r43hdb488b9_0"	"conda-forge"
"r_heatmap_clean"	"r-yulab.utils"	"0.2.1"	"r43hc72bb7e_0"	"conda-forge"
"r_heatmap_clean"	"readline"	"8.3"	"h853b02a_0"	"conda-forge"
"r_heatmap_clean"	"sed"	"4.9"	"h6688a6e_0"	"conda-forge"
"r_heatmap_clean"	"setuptools"	"82.0.1"	"pyh332efcf_0"	"conda-forge"
"r_heatmap_clean"	"sysroot_linux-64"	"2.17"	"h0157908_18"	"conda-forge"
"r_heatmap_clean"	"tk"	"8.6.13"	"noxft_h366c992_103"	"conda-forge"
"r_heatmap_clean"	"tktable"	"2.10"	"h5a7a40f_8"	"conda-forge"
"r_heatmap_clean"	"toml"	"0.10.2"	"pyhcf101f3_3"	"conda-forge"
"r_heatmap_clean"	"tomlkit"	"0.14.0"	"pyha770c72_0"	"conda-forge"
"r_heatmap_clean"	"tzdata"	"2025c"	"hc9c84f9_1"	"conda-forge"
"r_heatmap_clean"	"xmltodict"	"1.0.4"	"pyhcf101f3_0"	"conda-forge"
"r_heatmap_clean"	"xorg-libice"	"1.1.2"	"hb9d3cd8_0"	"conda-forge"
"r_heatmap_clean"	"xorg-libsm"	"1.2.6"	"he73a12e_0"	"conda-forge"
"r_heatmap_clean"	"xorg-libx11"	"1.8.13"	"he1eb515_0"	"conda-forge"
"r_heatmap_clean"	"xorg-libxau"	"1.0.12"	"hb03c661_1"	"conda-forge"
"r_heatmap_clean"	"xorg-libxdmcp"	"1.1.5"	"hb03c661_1"	"conda-forge"
"r_heatmap_clean"	"xorg-libxext"	"1.3.7"	"hb03c661_0"	"conda-forge"
"r_heatmap_clean"	"xorg-libxrender"	"0.9.12"	"hb9d3cd8_0"	"conda-forge"
"r_heatmap_clean"	"xorg-libxt"	"1.3.1"	"hb9d3cd8_0"	"conda-forge"
"r_heatmap_clean"	"yaml"	"0.2.5"	"h280c20c_3"	"conda-forge"
"r_heatmap_clean"	"yq"	"3.4.3"	"pyhe01879c_2"	"conda-forge"
"r_heatmap_clean"	"zstd"	"1.5.7"	"hb78ec9c_6"	"conda-forge"
"rheatmap"	"_libgcc_mutex"	"0.1"	"conda_forge"	"conda-forge"
"rheatmap"	"_openmp_mutex"	"4.5"	"2_gnu"	"conda-forge"
"rheatmap"	"_r-mutex"	"1.0.1"	"anacondar_1"	"conda-forge"
"rheatmap"	"binutils_impl_linux-64"	"2.45"	"default_hfdba357_104"	"conda-forge"
"rheatmap"	"bioconductor-biocgenerics"	"0.52.0"	"r44hdfd78af_3"	"bioconda"
"rheatmap"	"bioconductor-complexheatmap"	"2.22.0"	"r44hdfd78af_0"	"bioconda"
"rheatmap"	"bioconductor-iranges"	"2.40.0"	"r44h3df3fcb_2"	"bioconda"
"rheatmap"	"bioconductor-s4vectors"	"0.44.0"	"r44h3df3fcb_2"	"bioconda"
"rheatmap"	"bwidget"	"1.10.1"	"ha770c72_1"	"conda-forge"
"rheatmap"	"bzip2"	"1.0.8"	"hda65f42_8"	"conda-forge"
"rheatmap"	"c-ares"	"1.34.6"	"hb03c661_0"	"conda-forge"
"rheatmap"	"ca-certificates"	"2025.11.12"	"hbd8a1cb_0"	"conda-forge"
"rheatmap"	"cairo"	"1.18.4"	"h3394656_0"	"conda-forge"
"rheatmap"	"curl"	"8.17.0"	"h4e3cde8_1"	"conda-forge"
"rheatmap"	"font-ttf-dejavu-sans-mono"	"2.37"	"hab24e00_0"	"conda-forge"
"rheatmap"	"font-ttf-inconsolata"	"3.000"	"h77eed37_0"	"conda-forge"
"rheatmap"	"font-ttf-source-code-pro"	"2.038"	"h77eed37_0"	"conda-forge"
"rheatmap"	"font-ttf-ubuntu"	"0.83"	"h77eed37_3"	"conda-forge"
"rheatmap"	"fontconfig"	"2.15.0"	"h7e30c49_1"	"conda-forge"
"rheatmap"	"fonts-conda-ecosystem"	"1"	"0"	"conda-forge"
"rheatmap"	"fonts-conda-forge"	"1"	"hc364b38_1"	"conda-forge"
"rheatmap"	"freetype"	"2.14.1"	"ha770c72_0"	"conda-forge"
"rheatmap"	"fribidi"	"1.0.16"	"hb03c661_0"	"conda-forge"
"rheatmap"	"gcc_impl_linux-64"	"15.2.0"	"hc5723f1_16"	"conda-forge"
"rheatmap"	"gfortran_impl_linux-64"	"15.2.0"	"h281d09f_16"	"conda-forge"
"rheatmap"	"graphite2"	"1.3.14"	"hecca717_2"	"conda-forge"
"rheatmap"	"gsl"	"2.7"	"he838d99_0"	"conda-forge"
"rheatmap"	"gxx_impl_linux-64"	"15.2.0"	"hda75c37_16"	"conda-forge"
"rheatmap"	"harfbuzz"	"12.2.0"	"h15599e2_0"	"conda-forge"
"rheatmap"	"icu"	"75.1"	"he02047a_0"	"conda-forge"
"rheatmap"	"kernel-headers_linux-64"	"3.10.0"	"he073ed8_18"	"conda-forge"
"rheatmap"	"keyutils"	"1.6.3"	"hb9d3cd8_0"	"conda-forge"
"rheatmap"	"krb5"	"1.21.3"	"h659f571_0"	"conda-forge"
"rheatmap"	"ld_impl_linux-64"	"2.45"	"default_hbd61a6d_104"	"conda-forge"
"rheatmap"	"lerc"	"4.0.0"	"h0aef613_1"	"conda-forge"
"rheatmap"	"libblas"	"3.11.0"	"4_h4a7cf45_openblas"	"conda-forge"
"rheatmap"	"libcblas"	"3.11.0"	"4_h0358290_openblas"	"conda-forge"
"rheatmap"	"libcurl"	"8.17.0"	"h4e3cde8_1"	"conda-forge"
"rheatmap"	"libdeflate"	"1.25"	"h17f619e_0"	"conda-forge"
"rheatmap"	"libedit"	"3.1.20250104"	"pl5321h7949ede_0"	"conda-forge"
"rheatmap"	"libev"	"4.33"	"hd590300_2"	"conda-forge"
"rheatmap"	"libexpat"	"2.7.3"	"hecca717_0"	"conda-forge"
"rheatmap"	"libffi"	"3.5.2"	"h9ec8514_0"	"conda-forge"
"rheatmap"	"libfreetype"	"2.14.1"	"ha770c72_0"	"conda-forge"
"rheatmap"	"libfreetype6"	"2.14.1"	"h73754d4_0"	"conda-forge"
"rheatmap"	"libgcc"	"15.2.0"	"he0feb66_16"	"conda-forge"
"rheatmap"	"libgcc-devel_linux-64"	"15.2.0"	"hcc6f6b0_116"	"conda-forge"
"rheatmap"	"libgcc-ng"	"15.2.0"	"h69a702a_16"	"conda-forge"
"rheatmap"	"libgfortran"	"15.2.0"	"h69a702a_16"	"conda-forge"
"rheatmap"	"libgfortran-ng"	"15.2.0"	"h69a702a_16"	"conda-forge"
"rheatmap"	"libgfortran5"	"15.2.0"	"h68bc16d_16"	"conda-forge"
"rheatmap"	"libglib"	"2.86.3"	"h6548e54_0"	"conda-forge"
"rheatmap"	"libgomp"	"15.2.0"	"he0feb66_16"	"conda-forge"
"rheatmap"	"libiconv"	"1.18"	"h3b78370_2"	"conda-forge"
"rheatmap"	"libjpeg-turbo"	"3.1.2"	"hb03c661_0"	"conda-forge"
"rheatmap"	"liblapack"	"3.11.0"	"4_h47877c9_openblas"	"conda-forge"
"rheatmap"	"liblzma"	"5.8.1"	"hb9d3cd8_2"	"conda-forge"
"rheatmap"	"libnghttp2"	"1.67.0"	"had1ee68_0"	"conda-forge"
"rheatmap"	"libopenblas"	"0.3.30"	"pthreads_h94d23a6_4"	"conda-forge"
"rheatmap"	"libpng"	"1.6.53"	"h421ea60_0"	"conda-forge"
"rheatmap"	"libsanitizer"	"15.2.0"	"h90f66d4_16"	"conda-forge"
"rheatmap"	"libssh2"	"1.11.1"	"hcf80075_0"	"conda-forge"
"rheatmap"	"libstdcxx"	"15.2.0"	"h934c35e_16"	"conda-forge"
"rheatmap"	"libstdcxx-devel_linux-64"	"15.2.0"	"hd446a21_116"	"conda-forge"
"rheatmap"	"libstdcxx-ng"	"15.2.0"	"hdf11a46_16"	"conda-forge"
"rheatmap"	"libtiff"	"4.7.1"	"h9d88235_1"	"conda-forge"
"rheatmap"	"libuuid"	"2.41.2"	"h5347b49_1"	"conda-forge"
"rheatmap"	"libwebp-base"	"1.6.0"	"hd42ef1d_0"	"conda-forge"
"rheatmap"	"libxcb"	"1.17.0"	"h8a09558_0"	"conda-forge"
"rheatmap"	"libzlib"	"1.3.1"	"hb9d3cd8_2"	"conda-forge"
"rheatmap"	"make"	"4.4.1"	"hb9d3cd8_2"	"conda-forge"
"rheatmap"	"ncurses"	"6.5"	"h2d0b736_3"	"conda-forge"
"rheatmap"	"openssl"	"3.6.0"	"h26f9b46_0"	"conda-forge"
"rheatmap"	"pango"	"1.56.4"	"hadf4263_0"	"conda-forge"
"rheatmap"	"pcre2"	"10.47"	"haa7fec5_0"	"conda-forge"
"rheatmap"	"pixman"	"0.46.4"	"h54a6638_1"	"conda-forge"
"rheatmap"	"pthread-stubs"	"0.4"	"hb9d3cd8_1002"	"conda-forge"
"rheatmap"	"r-base"	"4.4.3"	"h835929b_6"	"conda-forge"
"rheatmap"	"r-circlize"	"0.4.17"	"r44hc72bb7e_0"	"conda-forge"
"rheatmap"	"r-cli"	"3.6.5"	"r44h3697838_1"	"conda-forge"
"rheatmap"	"r-clue"	"0.3_66"	"r44h54b55ab_1"	"conda-forge"
"rheatmap"	"r-cluster"	"2.1.8.1"	"r44heaba542_1"	"conda-forge"
"rheatmap"	"r-codetools"	"0.2_20"	"r44hc72bb7e_2"	"conda-forge"
"rheatmap"	"r-colorspace"	"2.1_2"	"r44h54b55ab_0"	"conda-forge"
"rheatmap"	"r-cowplot"	"1.2.0"	"r44hc72bb7e_2"	"conda-forge"
"rheatmap"	"r-crayon"	"1.5.3"	"r44hc72bb7e_2"	"conda-forge"
"rheatmap"	"r-digest"	"0.6.39"	"r44h3697838_0"	"conda-forge"
"rheatmap"	"r-doparallel"	"1.0.17"	"r44hc72bb7e_4"	"conda-forge"
"rheatmap"	"r-dplyr"	"1.1.4"	"r44h3697838_2"	"conda-forge"
"rheatmap"	"r-ellipsis"	"0.3.2"	"r44h54b55ab_4"	"conda-forge"
"rheatmap"	"r-fansi"	"1.0.7"	"r44h54b55ab_0"	"conda-forge"
"rheatmap"	"r-farver"	"2.1.2"	"r44h3697838_2"	"conda-forge"
"rheatmap"	"r-foreach"	"1.5.2"	"r44hc72bb7e_4"	"conda-forge"
"rheatmap"	"r-generics"	"0.1.4"	"r44hc72bb7e_1"	"conda-forge"
"rheatmap"	"r-getoptlong"	"1.1.0"	"r44hc72bb7e_0"	"conda-forge"
"rheatmap"	"r-ggplot2"	"4.0.1"	"r44h785f33e_0"	"conda-forge"
"rheatmap"	"r-globaloptions"	"0.1.3"	"r44ha770c72_0"	"conda-forge"
"rheatmap"	"r-glue"	"1.8.0"	"r44h54b55ab_1"	"conda-forge"
"rheatmap"	"r-gtable"	"0.3.6"	"r44hc72bb7e_1"	"conda-forge"
"rheatmap"	"r-isoband"	"0.2.7"	"r44h3697838_4"	"conda-forge"
"rheatmap"	"r-iterators"	"1.0.14"	"r44hc72bb7e_4"	"conda-forge"
"rheatmap"	"r-labeling"	"0.4.3"	"r44hc72bb7e_2"	"conda-forge"
"rheatmap"	"r-lifecycle"	"1.0.4"	"r44hc72bb7e_2"	"conda-forge"
"rheatmap"	"r-magrittr"	"2.0.4"	"r44h54b55ab_0"	"conda-forge"
"rheatmap"	"r-matrixstats"	"1.5.0"	"r44h54b55ab_1"	"conda-forge"
"rheatmap"	"r-munsell"	"0.5.1"	"r44hc72bb7e_2"	"conda-forge"
"rheatmap"	"r-pillar"	"1.11.1"	"r44hc72bb7e_0"	"conda-forge"
"rheatmap"	"r-pkgconfig"	"2.0.3"	"r44hc72bb7e_5"	"conda-forge"
"rheatmap"	"r-png"	"0.1_8"	"r44h6b2d295_3"	"conda-forge"
"rheatmap"	"r-purrr"	"1.2.0"	"r44h54b55ab_0"	"conda-forge"
"rheatmap"	"r-r6"	"2.6.1"	"r44hc72bb7e_1"	"conda-forge"
"rheatmap"	"r-rcolorbrewer"	"1.1_3"	"r44h785f33e_4"	"conda-forge"
"rheatmap"	"r-rjson"	"0.2.23"	"r44h3697838_1"	"conda-forge"
"rheatmap"	"r-rlang"	"1.1.6"	"r44h3697838_1"	"conda-forge"
"rheatmap"	"r-s7"	"0.2.1"	"r44h54b55ab_0"	"conda-forge"
"rheatmap"	"r-scales"	"1.4.0"	"r44hc72bb7e_1"	"conda-forge"
"rheatmap"	"r-shape"	"1.4.6.1"	"r44ha770c72_2"	"conda-forge"
"rheatmap"	"r-stringi"	"1.8.7"	"r44h2dae267_1"	"conda-forge"
"rheatmap"	"r-stringr"	"1.6.0"	"r44h785f33e_0"	"conda-forge"
"rheatmap"	"r-tibble"	"3.3.0"	"r44h54b55ab_1"	"conda-forge"
"rheatmap"	"r-tidyr"	"1.3.1"	"r44h3697838_2"	"conda-forge"
"rheatmap"	"r-tidyselect"	"1.2.1"	"r44hc72bb7e_2"	"conda-forge"
"rheatmap"	"r-utf8"	"1.2.6"	"r44h54b55ab_1"	"conda-forge"
"rheatmap"	"r-vctrs"	"0.6.5"	"r44h3697838_2"	"conda-forge"
"rheatmap"	"r-viridislite"	"0.4.2"	"r44hc72bb7e_3"	"conda-forge"
"rheatmap"	"r-withr"	"3.0.2"	"r44hc72bb7e_1"	"conda-forge"
"rheatmap"	"readline"	"8.2"	"h8c095d6_2"	"conda-forge"
"rheatmap"	"sed"	"4.9"	"h6688a6e_0"	"conda-forge"
"rheatmap"	"sysroot_linux-64"	"2.17"	"h0157908_18"	"conda-forge"
"rheatmap"	"tk"	"8.6.13"	"noxft_ha0e22de_103"	"conda-forge"
"rheatmap"	"tktable"	"2.10"	"h8d826fa_7"	"conda-forge"
"rheatmap"	"tzdata"	"2025b"	"h8577fbf_1"	"conda-forge"
"rheatmap"	"xorg-libice"	"1.1.2"	"hb9d3cd8_0"	"conda-forge"
"rheatmap"	"xorg-libsm"	"1.2.6"	"he73a12e_0"	"conda-forge"
"rheatmap"	"xorg-libx11"	"1.8.12"	"h4f16b4b_0"	"conda-forge"
"rheatmap"	"xorg-libxau"	"1.0.12"	"hb03c661_1"	"conda-forge"
"rheatmap"	"xorg-libxdmcp"	"1.1.5"	"hb03c661_1"	"conda-forge"
"rheatmap"	"xorg-libxext"	"1.3.6"	"hb9d3cd8_0"	"conda-forge"
"rheatmap"	"xorg-libxrender"	"0.9.12"	"hb9d3cd8_0"	"conda-forge"
"rheatmap"	"xorg-libxt"	"1.3.1"	"hb9d3cd8_0"	"conda-forge"
"rheatmap"	"zstd"	"1.5.7"	"hb78ec9c_6"	"conda-forge"
"rnaseq"	"_libgcc_mutex"	"0.1"	"conda_forge"	"conda-forge"
"rnaseq"	"_openmp_mutex"	"4.5"	"2_gnu"	"conda-forge"
"rnaseq"	"_r-mutex"	"1.0.1"	"anacondar_1"	"conda-forge"
"rnaseq"	"alsa-lib"	"1.2.12"	"h4ab18f5_0"	"conda-forge"
"rnaseq"	"argparse-manpage-birdtools"	"1.7.0"	"pyhd8ed1ab_1"	"conda-forge"
"rnaseq"	"aria2"	"1.36.0"	"h1e4e653_3"	"conda-forge"
"rnaseq"	"attrs"	"21.4.0"	"pyhd8ed1ab_0"	"conda-forge"
"rnaseq"	"aws-c-auth"	"0.7.22"	"h96bc93b_2"	"conda-forge"
"rnaseq"	"aws-c-cal"	"0.6.14"	"h88a6e22_1"	"conda-forge"
"rnaseq"	"aws-c-common"	"0.9.19"	"h4ab18f5_0"	"conda-forge"
"rnaseq"	"aws-c-compression"	"0.2.18"	"h83b837d_6"	"conda-forge"
"rnaseq"	"aws-c-event-stream"	"0.4.2"	"ha47c788_12"	"conda-forge"
"rnaseq"	"aws-c-http"	"0.8.1"	"h29d6fba_17"	"conda-forge"
"rnaseq"	"aws-c-io"	"0.14.8"	"h21d4f22_5"	"conda-forge"
"rnaseq"	"aws-c-mqtt"	"0.10.4"	"h759edc4_4"	"conda-forge"
"rnaseq"	"aws-c-s3"	"0.5.9"	"h594631b_3"	"conda-forge"
"rnaseq"	"aws-c-sdkutils"	"0.1.16"	"h83b837d_2"	"conda-forge"
"rnaseq"	"aws-checksums"	"0.1.18"	"h83b837d_6"	"conda-forge"
"rnaseq"	"aws-crt-cpp"	"0.26.9"	"he3a8b3b_0"	"conda-forge"
"rnaseq"	"aws-sdk-cpp"	"1.11.329"	"hba8bd5f_3"	"conda-forge"
"rnaseq"	"awscli"	"2.17.51"	"py39hf3d152e_0"	"conda-forge"
"rnaseq"	"awscrt"	"0.20.10"	"py39h1ba785b_1"	"conda-forge"
"rnaseq"	"bcftools"	"1.21"	"h8b25389_0"	"bioconda"
"rnaseq"	"bedtools"	"2.31.1"	"hf5e1c6e_2"	"bioconda"
"rnaseq"	"binutils_impl_linux-64"	"2.40"	"ha1999f0_7"	"conda-forge"
"rnaseq"	"bird_tool_utils_python"	"0.4.1"	"pyhdfd78af_0"	"bioconda"
"rnaseq"	"boost-cpp"	"1.70.0"	"ha2d47e9_1"	"conda-forge"
"rnaseq"	"bowtie"	"1.3.1"	"py39h0991082_4"	"bioconda"
"rnaseq"	"bowtie2"	"2.5.4"	"h7071971_4"	"bioconda"
"rnaseq"	"brotli"	"1.1.0"	"hb9d3cd8_2"	"conda-forge"
"rnaseq"	"brotli-bin"	"1.1.0"	"hb9d3cd8_2"	"conda-forge"
"rnaseq"	"brotlipy"	"0.7.0"	"py39h8cd3c5a_1007"	"conda-forge"
"rnaseq"	"bwidget"	"1.9.14"	"ha770c72_1"	"conda-forge"
"rnaseq"	"bzip2"	"1.0.8"	"h4bc722e_7"	"conda-forge"
"rnaseq"	"c-ares"	"1.32.3"	"h4bc722e_0"	"conda-forge"
"rnaseq"	"ca-certificates"	"2026.4.22"	"hbd8a1cb_0"	"conda-forge"
"rnaseq"	"cairo"	"1.16.0"	"hb05425b_5"	"anaconda/pkgs/main"
"rnaseq"	"certifi"	"2025.8.3"	"pyhd8ed1ab_0"	"conda-forge"
"rnaseq"	"cffi"	"1.17.1"	"py39h15c3d72_0"	"conda-forge"
"rnaseq"	"charset-normalizer"	"2.1.1"	"pyhd8ed1ab_0"	"conda-forge"
"rnaseq"	"click"	"8.1.7"	"unix_pyh707e725_0"	"conda-forge"
"rnaseq"	"colorama"	"0.4.6"	"pyhd8ed1ab_1"	"conda-forge"
"rnaseq"	"coloredlogs"	"15.0.1"	"pyhd8ed1ab_3"	"conda-forge"
"rnaseq"	"colormath"	"3.0.0"	"py_2"	"conda-forge"
"rnaseq"	"commonmark"	"0.9.1"	"py_0"	"anaconda/pkgs/main"
"rnaseq"	"contourpy"	"1.3.0"	"py39h74842e3_1"	"conda-forge"
"rnaseq"	"cryptography"	"38.0.4"	"py39h3ccb8fc_0"	"conda-forge"
"rnaseq"	"curl"	"7.26.0"	"1"	"anaconda/pkgs/free"
"rnaseq"	"cutadapt"	"4.9"	"py39hff71179_1"	"bioconda"
"rnaseq"	"cycler"	"0.11.0"	"pyhd8ed1ab_0"	"conda-forge"
"rnaseq"	"dataclasses"	"0.8"	"pyhc8e2a94_3"	"conda-forge"
"rnaseq"	"dbus"	"1.13.18"	"hb2f20db_0"	"anaconda/pkgs/main"
"rnaseq"	"deeptools"	"3.5.3"	"pyhdfd78af_0"	"bioconda"
"rnaseq"	"deeptoolsintervals"	"0.1.9"	"py39headde3f_9"	"bioconda"
"rnaseq"	"distro"	"1.8.0"	"pyhd8ed1ab_0"	"conda-forge"
"rnaseq"	"dnaio"	"1.2.1"	"py39hff71179_2"	"bioconda"
"rnaseq"	"docutils"	"0.19"	"py39hf3d152e_1"	"conda-forge"
"rnaseq"	"expat"	"2.6.3"	"h5888daf_0"	"conda-forge"
"rnaseq"	"extern"	"0.4.1"	"py_0"	"conda-forge"
"rnaseq"	"fastq"	"2.0.4"	"pyhdfd78af_0"	"bioconda"
"rnaseq"	"fastqc"	"0.12.1"	"hdfd78af_0"	"bioconda"
"rnaseq"	"font-ttf-dejavu-sans-mono"	"2.37"	"hab24e00_0"	"conda-forge"
"rnaseq"	"font-ttf-inconsolata"	"3.000"	"h77eed37_0"	"conda-forge"
"rnaseq"	"font-ttf-source-code-pro"	"2.038"	"h77eed37_0"	"conda-forge"
"rnaseq"	"font-ttf-ubuntu"	"0.83"	"h77eed37_2"	"conda-forge"
"rnaseq"	"fontconfig"	"2.14.2"	"h14ed4e7_0"	"conda-forge"
"rnaseq"	"fonts-conda-ecosystem"	"1"	"0"	"conda-forge"
"rnaseq"	"fonts-conda-forge"	"1"	"0"	"conda-forge"
"rnaseq"	"fonttools"	"4.54.0"	"py39h8cd3c5a_0"	"conda-forge"
"rnaseq"	"freetype"	"2.12.1"	"h267a509_2"	"conda-forge"
"rnaseq"	"fribidi"	"1.0.10"	"h36c2ea0_0"	"conda-forge"
"rnaseq"	"future"	"1.0.0"	"pyhd8ed1ab_0"	"conda-forge"
"rnaseq"	"gcc_impl_linux-64"	"14.1.0"	"h3c94d91_1"	"conda-forge"
"rnaseq"	"gettext"	"0.22.5"	"he02047a_3"	"conda-forge"
"rnaseq"	"gettext-tools"	"0.22.5"	"he02047a_3"	"conda-forge"
"rnaseq"	"gflags"	"2.2.2"	"h5888daf_1005"	"conda-forge"
"rnaseq"	"gfortran_impl_linux-64"	"14.1.0"	"he4a1faa_1"	"conda-forge"
"rnaseq"	"giflib"	"5.2.2"	"hd590300_0"	"conda-forge"
"rnaseq"	"glib"	"2.80.2"	"hf974151_0"	"conda-forge"
"rnaseq"	"glib-tools"	"2.80.2"	"hb6ce0ca_0"	"conda-forge"
"rnaseq"	"glog"	"0.7.1"	"hbabe93e_0"	"conda-forge"
"rnaseq"	"graphite2"	"1.3.13"	"h59595ed_1003"	"conda-forge"
"rnaseq"	"gsl"	"2.7"	"he838d99_0"	"conda-forge"
"rnaseq"	"gst-plugins-base"	"1.14.1"	"h6a678d5_1"	"anaconda/pkgs/main"
"rnaseq"	"gstreamer"	"1.14.1"	"h5eee18b_1"	"anaconda/pkgs/main"
"rnaseq"	"gxx_impl_linux-64"	"14.1.0"	"h8d00ecb_1"	"conda-forge"
"rnaseq"	"harfbuzz"	"0.9.39"	"1"	"anaconda/pkgs/free"
"rnaseq"	"hisat2"	"2.2.1"	"hdbdd923_6"	"bioconda"
"rnaseq"	"htseq"	"2.0.3"	"py39hd5189a5_1"	"bioconda"
"rnaseq"	"htslib"	"1.21"	"h5efdd21_0"	"bioconda"
"rnaseq"	"humanfriendly"	"10.0"	"pyhd8ed1ab_6"	"conda-forge"
"rnaseq"	"icu"	"58.2"	"hf484d3e_1000"	"conda-forge"
"rnaseq"	"idna"	"3.10"	"pyhd8ed1ab_0"	"conda-forge"
"rnaseq"	"importlib-metadata"	"8.5.0"	"pyha770c72_0"	"conda-forge"
"rnaseq"	"importlib-resources"	"6.4.5"	"pyhd8ed1ab_0"	"conda-forge"
"rnaseq"	"importlib_resources"	"6.4.5"	"pyhd8ed1ab_0"	"conda-forge"
"rnaseq"	"isa-l"	"2.31.0"	"h4bc722e_2"	"conda-forge"
"rnaseq"	"jinja2"	"3.0.3"	"pyhd8ed1ab_0"	"conda-forge"
"rnaseq"	"jmespath"	"1.0.1"	"pyhd8ed1ab_1"	"conda-forge"
"rnaseq"	"jpeg"	"9e"	"h166bdaf_2"	"conda-forge"
"rnaseq"	"kernel-headers_linux-64"	"3.10.0"	"he073ed8_17"	"conda-forge"
"rnaseq"	"keyutils"	"1.6.1"	"h166bdaf_0"	"conda-forge"
"rnaseq"	"kingfisher"	"0.4.1"	"pyh7cba7a3_0"	"bioconda"
"rnaseq"	"kiwisolver"	"1.4.7"	"py39h74842e3_0"	"conda-forge"
"rnaseq"	"krb5"	"1.20.1"	"h81ceb04_0"	"conda-forge"
"rnaseq"	"lcms2"	"2.12"	"hddcbb42_0"	"conda-forge"
"rnaseq"	"ld_impl_linux-64"	"2.40"	"hf3520f5_7"	"conda-forge"
"rnaseq"	"lerc"	"4.0.0"	"h27087fc_0"	"conda-forge"
"rnaseq"	"libabseil"	"20240116.2"	"cxx17_he02047a_1"	"conda-forge"
"rnaseq"	"libarrow"	"16.1.0"	"hcb6531f_6_cpu"	"conda-forge"
"rnaseq"	"libarrow-acero"	"16.1.0"	"hac33072_6_cpu"	"conda-forge"
"rnaseq"	"libarrow-dataset"	"16.1.0"	"hac33072_6_cpu"	"conda-forge"
"rnaseq"	"libarrow-substrait"	"16.1.0"	"h7e0c224_6_cpu"	"conda-forge"
"rnaseq"	"libasprintf"	"0.22.5"	"he8f35ee_3"	"conda-forge"
"rnaseq"	"libasprintf-devel"	"0.22.5"	"he8f35ee_3"	"conda-forge"
"rnaseq"	"libblas"	"3.9.0"	"20_linux64_openblas"	"conda-forge"
"rnaseq"	"libbrotlicommon"	"1.1.0"	"hb9d3cd8_2"	"conda-forge"
"rnaseq"	"libbrotlidec"	"1.1.0"	"hb9d3cd8_2"	"conda-forge"
"rnaseq"	"libbrotlienc"	"1.1.0"	"hb9d3cd8_2"	"conda-forge"
"rnaseq"	"libcblas"	"3.9.0"	"20_linux64_openblas"	"conda-forge"
"rnaseq"	"libclang"	"14.0.6"	"default_h7634d5b_1"	"conda-forge"
"rnaseq"	"libclang13"	"14.0.6"	"default_h9986a30_1"	"conda-forge"
"rnaseq"	"libcrc32c"	"1.1.2"	"h9c3ff4c_0"	"conda-forge"
"rnaseq"	"libcups"	"2.3.3"	"h36d4200_3"	"conda-forge"
"rnaseq"	"libcurl"	"8.9.1"	"h251f7ec_0"	"anaconda/pkgs/main"
"rnaseq"	"libdeflate"	"1.20"	"hd590300_0"	"conda-forge"
"rnaseq"	"libedit"	"3.1.20191231"	"he28a2e2_2"	"conda-forge"
"rnaseq"	"libev"	"4.33"	"hd590300_2"	"conda-forge"
"rnaseq"	"libevent"	"2.1.12"	"hf998b51_1"	"conda-forge"
"rnaseq"	"libexpat"	"2.6.3"	"h5888daf_0"	"conda-forge"
"rnaseq"	"libffi"	"3.4.2"	"h7f98852_5"	"conda-forge"
"rnaseq"	"libgcc"	"14.1.0"	"h77fa898_1"	"conda-forge"
"rnaseq"	"libgcc-devel_linux-64"	"14.1.0"	"h5d3d1c9_101"	"conda-forge"
"rnaseq"	"libgcc-ng"	"14.1.0"	"h69a702a_1"	"conda-forge"
"rnaseq"	"libgettextpo"	"0.22.5"	"he02047a_3"	"conda-forge"
"rnaseq"	"libgettextpo-devel"	"0.22.5"	"he02047a_3"	"conda-forge"
"rnaseq"	"libgfortran"	"14.1.0"	"h69a702a_1"	"conda-forge"
"rnaseq"	"libgfortran-ng"	"14.1.0"	"h69a702a_1"	"conda-forge"
"rnaseq"	"libgfortran5"	"14.1.0"	"hc5f4f2c_1"	"conda-forge"
"rnaseq"	"libglib"	"2.80.2"	"hf974151_0"	"conda-forge"
"rnaseq"	"libgomp"	"14.1.0"	"h77fa898_1"	"conda-forge"
"rnaseq"	"libgoogle-cloud"	"2.24.0"	"h2736e30_0"	"conda-forge"
"rnaseq"	"libgoogle-cloud-storage"	"2.24.0"	"h3d9a0c8_0"	"conda-forge"
"rnaseq"	"libgrpc"	"1.62.2"	"h15f2491_0"	"conda-forge"
"rnaseq"	"libiconv"	"1.17"	"hd590300_2"	"conda-forge"
"rnaseq"	"libjemalloc"	"5.3.0"	"h5888daf_1"	"conda-forge"
"rnaseq"	"libjpeg-turbo"	"2.1.4"	"h166bdaf_0"	"conda-forge"
"rnaseq"	"liblapack"	"3.9.0"	"20_linux64_openblas"	"conda-forge"
"rnaseq"	"libllvm14"	"14.0.6"	"hcd5def8_4"	"conda-forge"
"rnaseq"	"libnghttp2"	"1.58.0"	"h47da74e_1"	"conda-forge"
"rnaseq"	"libnsl"	"2.0.1"	"hd590300_0"	"conda-forge"
"rnaseq"	"libopenblas"	"0.3.25"	"pthreads_h413a1c8_0"	"conda-forge"
"rnaseq"	"libparquet"	"16.1.0"	"h6a7eafb_6_cpu"	"conda-forge"
"rnaseq"	"libpng"	"1.6.43"	"h2797004_0"	"conda-forge"
"rnaseq"	"libpq"	"12.20"	"hdbd6064_0"	"anaconda/pkgs/main"
"rnaseq"	"libprotobuf"	"4.25.3"	"h08a7969_0"	"conda-forge"
"rnaseq"	"libre2-11"	"2023.09.01"	"h5a48ba9_2"	"conda-forge"
"rnaseq"	"libsanitizer"	"14.1.0"	"hcba0ae0_1"	"conda-forge"
"rnaseq"	"libsqlite"	"3.46.0"	"hde9e2c9_0"	"conda-forge"
"rnaseq"	"libssh2"	"1.11.0"	"h0841786_0"	"conda-forge"
"rnaseq"	"libstdcxx"	"14.1.0"	"hc0a3c3a_1"	"conda-forge"
"rnaseq"	"libstdcxx-devel_linux-64"	"14.1.0"	"h5d3d1c9_101"	"conda-forge"
"rnaseq"	"libstdcxx-ng"	"14.1.0"	"h4852527_1"	"conda-forge"
"rnaseq"	"libthrift"	"0.19.0"	"hb90f79a_1"	"conda-forge"
"rnaseq"	"libtiff"	"4.2.0"	"hf544144_3"	"conda-forge"
"rnaseq"	"libutf8proc"	"2.8.0"	"hf23e847_1"	"conda-forge"
"rnaseq"	"libuuid"	"2.38.1"	"h0b41bf4_0"	"conda-forge"
"rnaseq"	"libwebp-base"	"1.4.0"	"hd590300_0"	"conda-forge"
"rnaseq"	"libxcb"	"1.16"	"hb9d3cd8_1"	"conda-forge"
"rnaseq"	"libxcrypt"	"4.4.36"	"hd590300_1"	"conda-forge"
"rnaseq"	"libxkbcommon"	"1.0.3"	"he3ba5ed_0"	"conda-forge"
"rnaseq"	"libxml2"	"2.9.14"	"h74e7548_0"	"anaconda/pkgs/main"
"rnaseq"	"libzlib"	"1.2.13"	"h4ab18f5_6"	"conda-forge"
"rnaseq"	"lz4-c"	"1.9.4"	"hcb278e6_0"	"conda-forge"
"rnaseq"	"lzstring"	"1.0.4"	"py_1001"	"conda-forge"
"rnaseq"	"make"	"4.4.1"	"hb9d3cd8_2"	"conda-forge"
"rnaseq"	"markdown"	"3.6"	"pyhd8ed1ab_0"	"conda-forge"
"rnaseq"	"markdown-it-py"	"2.0.1"	"pyhd8ed1ab_0"	"conda-forge"
"rnaseq"	"markupsafe"	"2.1.5"	"py39h8cd3c5a_1"	"conda-forge"
"rnaseq"	"matplotlib"	"3.9.1"	"py39hf3d152e_1"	"conda-forge"
"rnaseq"	"matplotlib-base"	"3.9.1"	"py39h0565ad7_2"	"conda-forge"
"rnaseq"	"mdurl"	"0.1.2"	"pyhd8ed1ab_0"	"conda-forge"
"rnaseq"	"minifasta"	"3.0.2"	"pyhd8ed1ab_0"	"conda-forge"
"rnaseq"	"mirdeep2"	"2.0.1.3"	"hdfd78af_1"	"bioconda"
"rnaseq"	"multiqc"	"1.17"	"pyhdfd78af_0"	"bioconda"
"rnaseq"	"munkres"	"1.0.7"	"py_1"	"bioconda"
"rnaseq"	"mysql"	"5.7.20"	"hf484d3e_1001"	"conda-forge"
"rnaseq"	"ncbi-vdb"	"3.1.1"	"h4ac6f70_2"	"bioconda"
"rnaseq"	"ncurses"	"6.5"	"he02047a_1"	"conda-forge"
"rnaseq"	"networkx"	"2.7"	"pyhd8ed1ab_0"	"conda-forge"
"rnaseq"	"numpy"	"1.23.5"	"py39h3d75532_0"	"conda-forge"
"rnaseq"	"olefile"	"0.46"	"pyh9f0ad1d_1"	"conda-forge"
"rnaseq"	"openjdk"	"11.0.1"	"h516909a_1016"	"conda-forge"
"rnaseq"	"openjpeg"	"2.4.0"	"hb52868f_1"	"conda-forge"
"rnaseq"	"openssl"	"3.6.2"	"h35e630c_0"	"conda-forge"
"rnaseq"	"orc"	"2.0.1"	"h17fec99_1"	"conda-forge"
"rnaseq"	"ossuuid"	"1.6.2"	"hf484d3e_1000"	"conda-forge"
"rnaseq"	"p7zip"	"16.02"	"h9c3ff4c_1001"	"conda-forge"
"rnaseq"	"packaging"	"21.3"	"pyhd8ed1ab_0"	"conda-forge"
"rnaseq"	"pandas"	"2.2.3"	"py39h3b40f6f_1"	"conda-forge"
"rnaseq"	"patsy"	"1.0.3"	"pypi_0"	"pypi"
"rnaseq"	"pbzip2"	"1.1.13"	"h1fcc475_2"	"conda-forge"
"rnaseq"	"pcre2"	"10.43"	"hcad00b1_0"	"conda-forge"
"rnaseq"	"perl"	"5.26.2"	"h36c2ea0_1008"	"conda-forge"
"rnaseq"	"perl-app-cpanminus"	"1.7044"	"pl526_1"	"bioconda"
"rnaseq"	"perl-business-isbn"	"3.004"	"pl526_0"	"bioconda"
"rnaseq"	"perl-business-isbn-data"	"20140910.003"	"pl526_0"	"bioconda"
"rnaseq"	"perl-carp"	"1.38"	"pl526_3"	"bioconda"
"rnaseq"	"perl-compress-raw-zlib"	"2.087"	"pl526hc9558a2_0"	"bioconda"
"rnaseq"	"perl-constant"	"1.33"	"pl526_1"	"bioconda"
"rnaseq"	"perl-data-dumper"	"2.173"	"pl526_0"	"bioconda"
"rnaseq"	"perl-encode"	"2.88"	"pl526_1"	"bioconda"
"rnaseq"	"perl-encode-locale"	"1.05"	"pl526_6"	"bioconda"
"rnaseq"	"perl-exporter"	"5.72"	"pl526_1"	"bioconda"
"rnaseq"	"perl-extutils-makemaker"	"7.36"	"pl526_1"	"bioconda"
"rnaseq"	"perl-file-path"	"2.16"	"pl526_0"	"bioconda"
"rnaseq"	"perl-file-temp"	"0.2304"	"pl526_2"	"bioconda"
"rnaseq"	"perl-font-ttf"	"1.06"	"pl526_0"	"bioconda"
"rnaseq"	"perl-io-string"	"1.08"	"pl526_3"	"bioconda"
"rnaseq"	"perl-lwp-simple"	"6.15"	"pl526h470a237_4"	"bioconda"
"rnaseq"	"perl-mime-base64"	"3.15"	"pl526_1"	"bioconda"
"rnaseq"	"perl-parent"	"0.236"	"pl526_1"	"bioconda"
"rnaseq"	"perl-pdf-api2"	"2.035"	"pl526_0"	"bioconda"
"rnaseq"	"perl-uri"	"1.76"	"pl526_0"	"bioconda"
"rnaseq"	"perl-xml-libxml"	"2.0132"	"pl526h7ec2d77_1"	"bioconda"
"rnaseq"	"perl-xml-namespacesupport"	"1.12"	"pl526_0"	"bioconda"
"rnaseq"	"perl-xml-parser"	"2.44_01"	"pl5262hc3e0081_1002"	"conda-forge"
"rnaseq"	"perl-xml-sax"	"1.02"	"pl526_0"	"bioconda"
"rnaseq"	"perl-xml-sax-base"	"1.09"	"pl526_0"	"bioconda"
"rnaseq"	"perl-xsloader"	"0.24"	"pl526_0"	"bioconda"
"rnaseq"	"picard"	"2.20.4"	"0"	"bioconda"
"rnaseq"	"pigz"	"2.8"	"h2797004_0"	"conda-forge"
"rnaseq"	"pillow"	"8.2.0"	"py39hf95b381_1"	"conda-forge"
"rnaseq"	"pip"	"21.3.1"	"pyhd8ed1ab_0"	"conda-forge"
"rnaseq"	"pixman"	"0.43.2"	"h59595ed_0"	"conda-forge"
"rnaseq"	"plink"	"1.90b7.7"	"h7b50bb2_0"	"bioconda"
"rnaseq"	"plotly"	"5.24.1"	"pyhd8ed1ab_0"	"conda-forge"
"rnaseq"	"prompt-toolkit"	"3.0.38"	"pyha770c72_0"	"conda-forge"
"rnaseq"	"prompt_toolkit"	"3.0.38"	"hd8ed1ab_0"	"conda-forge"
"rnaseq"	"pthread-stubs"	"0.4"	"h36c2ea0_1001"	"conda-forge"
"rnaseq"	"py2bit"	"0.3.0"	"py39hff71179_10"	"bioconda"
"rnaseq"	"pyarrow"	"16.1.0"	"py39h8003fee_1"	"conda-forge"
"rnaseq"	"pyarrow-core"	"16.1.0"	"py39h176f5a7_1_cpu"	"conda-forge"
"rnaseq"	"pybigwig"	"0.3.22"	"py39h44c22c2_1"	"bioconda"
"rnaseq"	"pycparser"	"2.21"	"pyhd8ed1ab_0"	"conda-forge"
"rnaseq"	"pygments"	"2.14.0"	"pyhd8ed1ab_0"	"conda-forge"
"rnaseq"	"pyopenssl"	"22.0.0"	"pyhd8ed1ab_1"	"conda-forge"
"rnaseq"	"pyparsing"	"3.1.4"	"pyhd8ed1ab_0"	"conda-forge"
"rnaseq"	"pyqt"	"5.15.4"	"py39h5a03fae_0"	"conda-forge"
"rnaseq"	"pyqt5-sip"	"12.9.0"	"py39h5a03fae_0"	"conda-forge"
"rnaseq"	"pysam"	"0.21.0"	"py39hcada746_1"	"bioconda"
"rnaseq"	"pysocks"	"1.7.1"	"pyha2e5f31_6"	"conda-forge"
"rnaseq"	"python"	"3.9.19"	"h0755675_0_cpython"	"conda-forge"
"rnaseq"	"python-dateutil"	"2.8.2"	"pyhd8ed1ab_0"	"conda-forge"
"rnaseq"	"python-isal"	"1.7.0"	"py39h8cd3c5a_1"	"conda-forge"
"rnaseq"	"python-tzdata"	"2024.1"	"pyhd8ed1ab_0"	"conda-forge"
"rnaseq"	"python-zlib-ng"	"0.5.0"	"py39h031b5db_1"	"conda-forge"
"rnaseq"	"python_abi"	"3.9"	"5_cp39"	"conda-forge"
"rnaseq"	"pytz"	"2023.3.post1"	"pyhd8ed1ab_0"	"conda-forge"
"rnaseq"	"pyyaml"	"6.0.2"	"py39h8cd3c5a_1"	"conda-forge"
"rnaseq"	"qhull"	"2020.2"	"h434a139_5"	"conda-forge"
"rnaseq"	"qt-main"	"5.15.2"	"h7358343_9"	"anaconda/pkgs/main"
"rnaseq"	"randfold"	"2.0.1"	"h7b50bb2_7"	"bioconda"
"rnaseq"	"re2"	"2023.09.01"	"h7f4b329_2"	"conda-forge"
"rnaseq"	"readline"	"8.2"	"h8228510_1"	"conda-forge"
"rnaseq"	"requests"	"2.28.1"	"pyhd8ed1ab_0"	"conda-forge"
"rnaseq"	"rich"	"13.2.0"	"pyhd8ed1ab_0"	"conda-forge"
"rnaseq"	"rich-click"	"1.3.0"	"pyhd8ed1ab_0"	"conda-forge"
"rnaseq"	"ruamel.yaml"	"0.17.21"	"py39h72bdee0_3"	"conda-forge"
"rnaseq"	"ruamel.yaml.clib"	"0.2.7"	"py39hd1e30aa_2"	"conda-forge"
"rnaseq"	"s2n"	"1.4.15"	"he19d79f_0"	"conda-forge"
"rnaseq"	"salmon"	"1.10.3"	"h6dccd9a_2"	"bioconda"
"rnaseq"	"samtools"	"1.18"	"hd87286a_0"	"bioconda"
"rnaseq"	"scipy"	"1.13.1"	"py39haf93ffa_0"	"conda-forge"
"rnaseq"	"sed"	"4.8"	"he412f7d_0"	"conda-forge"
"rnaseq"	"seqkit"	"2.9.0"	"h9ee0642_0"	"bioconda"
"rnaseq"	"setuptools"	"74.1.2"	"pyhd8ed1ab_0"	"conda-forge"
"rnaseq"	"simplejson"	"3.19.3"	"py39h8cd3c5a_1"	"conda-forge"
"rnaseq"	"sip"	"6.5.1"	"py39he80948d_2"	"conda-forge"
"rnaseq"	"six"	"1.16.0"	"pyh6c4a22f_0"	"conda-forge"
"rnaseq"	"snappy"	"1.2.1"	"h8bd8927_1"	"conda-forge"
"rnaseq"	"spectra"	"0.0.11"	"py_1"	"conda-forge"
"rnaseq"	"sqlite"	"3.46.0"	"h6d4b2fc_0"	"conda-forge"
"rnaseq"	"sra-tools"	"3.1.1"	"h4304569_2"	"bioconda"
"rnaseq"	"sracat"	"0.2"	"hdcf5f25_2"	"bioconda"
"rnaseq"	"star"	"2.7.11a"	"h0033a41_0"	"bioconda"
"rnaseq"	"statsmodels"	"0.14.6"	"pypi_0"	"pypi"
"rnaseq"	"stringtie"	"2.2.3"	"h43eeafb_0"	"bioconda"
"rnaseq"	"subread"	"2.0.6"	"he4a0461_2"	"bioconda"
"rnaseq"	"sysroot_linux-64"	"2.17"	"h4a8ded7_17"	"conda-forge"
"rnaseq"	"tbb"	"2022.0.0"	"hdb19cb5_0"	"anaconda/pkgs/main"
"rnaseq"	"tenacity"	"8.2.2"	"pyhd8ed1ab_0"	"conda-forge"
"rnaseq"	"tk"	"8.6.13"	"noxft_h4845f30_101"	"conda-forge"
"rnaseq"	"tktable"	"2.10"	"h8bc8fbc_6"	"conda-forge"
"rnaseq"	"toml"	"0.10.2"	"pyhd8ed1ab_1"	"conda-forge"
"rnaseq"	"tornado"	"6.4.1"	"py39h8cd3c5a_1"	"conda-forge"
"rnaseq"	"tqdm"	"4.67.1"	"pyhd8ed1ab_1"	"conda-forge"
"rnaseq"	"trim-galore"	"0.6.10"	"hdfd78af_0"	"bioconda"
"rnaseq"	"trimmomatic"	"0.39"	"hdfd78af_2"	"bioconda"
"rnaseq"	"typing_extensions"	"4.1.1"	"pyha770c72_0"	"conda-forge"
"rnaseq"	"tzdata"	"2024a"	"h8827d51_1"	"conda-forge"
"rnaseq"	"unicodedata2"	"15.1.0"	"py39hd1e30aa_0"	"conda-forge"
"rnaseq"	"urllib3"	"1.26.15"	"pyhd8ed1ab_0"	"conda-forge"
"rnaseq"	"viennarna"	"2.5.0"	"py39h98c8e45_0"	"bioconda"
"rnaseq"	"wcwidth"	"0.2.13"	"pyhd8ed1ab_1"	"conda-forge"
"rnaseq"	"wheel"	"0.37.1"	"pyhd8ed1ab_0"	"conda-forge"
"rnaseq"	"xopen"	"2.0.2"	"pyh707e725_1"	"conda-forge"
"rnaseq"	"xorg-fixesproto"	"5.0"	"h7f98852_1002"	"conda-forge"
"rnaseq"	"xorg-inputproto"	"2.3.2"	"h7f98852_1002"	"conda-forge"
"rnaseq"	"xorg-kbproto"	"1.0.7"	"h7f98852_1002"	"conda-forge"
"rnaseq"	"xorg-libice"	"1.1.1"	"hd590300_0"	"conda-forge"
"rnaseq"	"xorg-libsm"	"1.2.4"	"h7391055_0"	"conda-forge"
"rnaseq"	"xorg-libx11"	"1.8.9"	"hb711507_1"	"conda-forge"
"rnaseq"	"xorg-libxau"	"1.0.11"	"hd590300_0"	"conda-forge"
"rnaseq"	"xorg-libxdmcp"	"1.1.3"	"h7f98852_0"	"conda-forge"
"rnaseq"	"xorg-libxext"	"1.3.4"	"h0b41bf4_2"	"conda-forge"
"rnaseq"	"xorg-libxfixes"	"5.0.3"	"h7f98852_1004"	"conda-forge"
"rnaseq"	"xorg-libxi"	"1.7.10"	"h4bc722e_1"	"conda-forge"
"rnaseq"	"xorg-libxrender"	"0.9.11"	"hd590300_0"	"conda-forge"
"rnaseq"	"xorg-libxt"	"1.3.0"	"hd590300_1"	"conda-forge"
"rnaseq"	"xorg-libxtst"	"1.2.5"	"h4bc722e_0"	"conda-forge"
"rnaseq"	"xorg-recordproto"	"1.14.2"	"h7f98852_1002"	"conda-forge"
"rnaseq"	"xorg-renderproto"	"0.11.1"	"h7f98852_1002"	"conda-forge"
"rnaseq"	"xorg-xextproto"	"7.3.0"	"h0b41bf4_1003"	"conda-forge"
"rnaseq"	"xorg-xproto"	"7.0.31"	"h7f98852_1007"	"conda-forge"
"rnaseq"	"xz"	"5.2.6"	"h166bdaf_0"	"conda-forge"
"rnaseq"	"yaml"	"0.2.5"	"h7f98852_2"	"conda-forge"
"rnaseq"	"zipp"	"3.6.0"	"pyhd8ed1ab_0"	"conda-forge"
"rnaseq"	"zlib"	"1.2.13"	"h4ab18f5_6"	"conda-forge"
"rnaseq"	"zlib-ng"	"2.2.2"	"h5888daf_0"	"conda-forge"
"rnaseq"	"zstandard"	"0.23.0"	"py39h08a7858_1"	"conda-forge"
"rnaseq"	"zstd"	"1.5.6"	"ha6fb4c9_0"	"conda-forge"
"sheep_gwas_state"	"_openmp_mutex"	"4.5"	"20_gnu"	"conda-forge"
"sheep_gwas_state"	"alsa-lib"	"1.2.15.3"	"hb03c661_0"	"conda-forge"
"sheep_gwas_state"	"brotli"	"1.2.0"	"hed03a55_1"	"conda-forge"
"sheep_gwas_state"	"brotli-bin"	"1.2.0"	"hb03c661_1"	"conda-forge"
"sheep_gwas_state"	"bzip2"	"1.0.8"	"hda65f42_9"	"conda-forge"
"sheep_gwas_state"	"ca-certificates"	"2026.2.25"	"hbd8a1cb_0"	"conda-forge"
"sheep_gwas_state"	"cairo"	"1.18.4"	"he90730b_1"	"conda-forge"
"sheep_gwas_state"	"contourpy"	"1.3.2"	"py310h3788b33_0"	"conda-forge"
"sheep_gwas_state"	"cycler"	"0.12.1"	"pyhcf101f3_2"	"conda-forge"
"sheep_gwas_state"	"cyrus-sasl"	"2.1.28"	"hac629b4_1"	"conda-forge"
"sheep_gwas_state"	"dbus"	"1.16.2"	"h24cb091_1"	"conda-forge"
"sheep_gwas_state"	"double-conversion"	"3.4.0"	"hecca717_0"	"conda-forge"
"sheep_gwas_state"	"font-ttf-dejavu-sans-mono"	"2.37"	"hab24e00_0"	"conda-forge"
"sheep_gwas_state"	"font-ttf-inconsolata"	"3.000"	"h77eed37_0"	"conda-forge"
"sheep_gwas_state"	"font-ttf-source-code-pro"	"2.038"	"h77eed37_0"	"conda-forge"
"sheep_gwas_state"	"font-ttf-ubuntu"	"0.83"	"h77eed37_3"	"conda-forge"
"sheep_gwas_state"	"fontconfig"	"2.17.1"	"h27c8c51_0"	"conda-forge"
"sheep_gwas_state"	"fonts-conda-ecosystem"	"1"	"0"	"conda-forge"
"sheep_gwas_state"	"fonts-conda-forge"	"1"	"hc364b38_1"	"conda-forge"
"sheep_gwas_state"	"fonttools"	"4.62.0"	"py310h3406613_0"	"conda-forge"
"sheep_gwas_state"	"freetype"	"2.14.3"	"ha770c72_0"	"conda-forge"
"sheep_gwas_state"	"graphite2"	"1.3.14"	"hecca717_2"	"conda-forge"
"sheep_gwas_state"	"harfbuzz"	"13.2.1"	"h6083320_0"	"conda-forge"
"sheep_gwas_state"	"icu"	"78.3"	"h33c6efd_0"	"conda-forge"
"sheep_gwas_state"	"importlib-metadata"	"8.8.0"	"pyhcf101f3_0"	"conda-forge"
"sheep_gwas_state"	"keyutils"	"1.6.3"	"hb9d3cd8_0"	"conda-forge"
"sheep_gwas_state"	"kiwisolver"	"1.5.0"	"py310haaf941d_0"	"conda-forge"
"sheep_gwas_state"	"krb5"	"1.22.2"	"ha1258a1_0"	"conda-forge"
"sheep_gwas_state"	"lcms2"	"2.18"	"h0c24ade_0"	"conda-forge"
"sheep_gwas_state"	"ld_impl_linux-64"	"2.45.1"	"default_hbd61a6d_102"	"conda-forge"
"sheep_gwas_state"	"lerc"	"4.1.0"	"hdb68285_0"	"conda-forge"
"sheep_gwas_state"	"libblas"	"3.11.0"	"6_h4a7cf45_openblas"	"conda-forge"
"sheep_gwas_state"	"libbrotlicommon"	"1.2.0"	"hb03c661_1"	"conda-forge"
"sheep_gwas_state"	"libbrotlidec"	"1.2.0"	"hb03c661_1"	"conda-forge"
"sheep_gwas_state"	"libbrotlienc"	"1.2.0"	"hb03c661_1"	"conda-forge"
"sheep_gwas_state"	"libcblas"	"3.11.0"	"6_h0358290_openblas"	"conda-forge"
"sheep_gwas_state"	"libclang-cpp21.1"	"21.1.8"	"default_h99862b1_3"	"conda-forge"
"sheep_gwas_state"	"libclang13"	"22.1.0"	"default_h746c552_0"	"conda-forge"
"sheep_gwas_state"	"libcups"	"2.3.3"	"h7a8fb5f_6"	"conda-forge"
"sheep_gwas_state"	"libdeflate"	"1.25"	"h17f619e_0"	"conda-forge"
"sheep_gwas_state"	"libdrm"	"2.4.125"	"hb03c661_1"	"conda-forge"
"sheep_gwas_state"	"libedit"	"3.1.20250104"	"pl5321h7949ede_0"	"conda-forge"
"sheep_gwas_state"	"libegl"	"1.7.0"	"ha4b6fd6_2"	"conda-forge"
"sheep_gwas_state"	"libexpat"	"2.7.5"	"hecca717_0"	"conda-forge"
"sheep_gwas_state"	"libffi"	"3.5.2"	"h3435931_0"	"conda-forge"
"sheep_gwas_state"	"libfreetype"	"2.14.3"	"ha770c72_0"	"conda-forge"
"sheep_gwas_state"	"libfreetype6"	"2.14.3"	"h73754d4_0"	"conda-forge"
"sheep_gwas_state"	"libgcc"	"15.2.0"	"he0feb66_18"	"conda-forge"
"sheep_gwas_state"	"libgcc-ng"	"15.2.0"	"h69a702a_18"	"conda-forge"
"sheep_gwas_state"	"libgfortran"	"15.2.0"	"h69a702a_18"	"conda-forge"
"sheep_gwas_state"	"libgfortran5"	"15.2.0"	"h68bc16d_18"	"conda-forge"
"sheep_gwas_state"	"libgl"	"1.7.0"	"ha4b6fd6_2"	"conda-forge"
"sheep_gwas_state"	"libglib"	"2.86.4"	"h6548e54_1"	"conda-forge"
"sheep_gwas_state"	"libglvnd"	"1.7.0"	"ha4b6fd6_2"	"conda-forge"
"sheep_gwas_state"	"libglx"	"1.7.0"	"ha4b6fd6_2"	"conda-forge"
"sheep_gwas_state"	"libgomp"	"15.2.0"	"he0feb66_18"	"conda-forge"
"sheep_gwas_state"	"libiconv"	"1.18"	"h3b78370_2"	"conda-forge"
"sheep_gwas_state"	"libjpeg-turbo"	"3.1.2"	"hb03c661_0"	"conda-forge"
"sheep_gwas_state"	"liblapack"	"3.11.0"	"6_h47877c9_openblas"	"conda-forge"
"sheep_gwas_state"	"libllvm21"	"21.1.8"	"hf7376ad_0"	"conda-forge"
"sheep_gwas_state"	"libllvm22"	"22.1.2"	"hf7376ad_0"	"conda-forge"
"sheep_gwas_state"	"liblzma"	"5.8.2"	"hb03c661_0"	"conda-forge"
"sheep_gwas_state"	"libnsl"	"2.0.1"	"hb9d3cd8_1"	"conda-forge"
"sheep_gwas_state"	"libntlm"	"1.8"	"hb9d3cd8_0"	"conda-forge"
"sheep_gwas_state"	"libopenblas"	"0.3.32"	"pthreads_h94d23a6_0"	"conda-forge"
"sheep_gwas_state"	"libopengl"	"1.7.0"	"ha4b6fd6_2"	"conda-forge"
"sheep_gwas_state"	"libpciaccess"	"0.18"	"hb9d3cd8_0"	"conda-forge"
"sheep_gwas_state"	"libpng"	"1.6.56"	"h421ea60_0"	"conda-forge"
"sheep_gwas_state"	"libpq"	"18.3"	"h9abb657_0"	"conda-forge"
"sheep_gwas_state"	"libsqlite"	"3.52.0"	"hf4e2dac_0"	"conda-forge"
"sheep_gwas_state"	"libstdcxx"	"15.2.0"	"h934c35e_18"	"conda-forge"
"sheep_gwas_state"	"libstdcxx-ng"	"15.2.0"	"hdf11a46_18"	"conda-forge"
"sheep_gwas_state"	"libtiff"	"4.7.1"	"h9d88235_1"	"conda-forge"
"sheep_gwas_state"	"libuuid"	"2.42"	"h5347b49_0"	"conda-forge"
"sheep_gwas_state"	"libvulkan-loader"	"1.4.341.0"	"h5279c79_0"	"conda-forge"
"sheep_gwas_state"	"libwebp-base"	"1.6.0"	"hd42ef1d_0"	"conda-forge"
"sheep_gwas_state"	"libxcb"	"1.17.0"	"h8a09558_0"	"conda-forge"
"sheep_gwas_state"	"libxcrypt"	"4.4.36"	"hd590300_1"	"conda-forge"
"sheep_gwas_state"	"libxkbcommon"	"1.13.1"	"hca5e8e5_0"	"conda-forge"
"sheep_gwas_state"	"libxml2"	"2.15.2"	"he237659_0"	"conda-forge"
"sheep_gwas_state"	"libxml2-16"	"2.15.2"	"hca6bf5a_0"	"conda-forge"
"sheep_gwas_state"	"libxslt"	"1.1.43"	"h711ed8c_1"	"conda-forge"
"sheep_gwas_state"	"libzlib"	"1.3.2"	"h25fd6f3_2"	"conda-forge"
"sheep_gwas_state"	"matplotlib"	"3.10.8"	"py310hff52083_0"	"conda-forge"
"sheep_gwas_state"	"matplotlib-base"	"3.10.8"	"py310hfde16b3_0"	"conda-forge"
"sheep_gwas_state"	"munkres"	"1.1.4"	"pyhd8ed1ab_1"	"conda-forge"
"sheep_gwas_state"	"natsort"	"8.4.0"	"pyhcf101f3_2"	"conda-forge"
"sheep_gwas_state"	"ncls"	"0.0.70"	"py310h1fe012e_0"	"bioconda"
"sheep_gwas_state"	"ncurses"	"6.5"	"h2d0b736_3"	"conda-forge"
"sheep_gwas_state"	"numpy"	"2.2.6"	"py310hefbff90_0"	"conda-forge"
"sheep_gwas_state"	"openjpeg"	"2.5.4"	"h55fea9a_0"	"conda-forge"
"sheep_gwas_state"	"openldap"	"2.6.10"	"hbde042b_1"	"conda-forge"
"sheep_gwas_state"	"openssl"	"3.6.1"	"h35e630c_1"	"conda-forge"
"sheep_gwas_state"	"packaging"	"26.0"	"pyhcf101f3_0"	"conda-forge"
"sheep_gwas_state"	"pandas"	"2.3.3"	"py310h0158d43_2"	"conda-forge"
"sheep_gwas_state"	"patsy"	"1.0.2"	"pyhcf101f3_0"	"conda-forge"
"sheep_gwas_state"	"pcre2"	"10.47"	"haa7fec5_0"	"conda-forge"
"sheep_gwas_state"	"pillow"	"12.2.0"	"py310h5a73078_0"	"conda-forge"
"sheep_gwas_state"	"pip"	"26.0.1"	"pyh8b19718_0"	"conda-forge"
"sheep_gwas_state"	"pixman"	"0.46.4"	"h54a6638_1"	"conda-forge"
"sheep_gwas_state"	"pthread-stubs"	"0.4"	"hb9d3cd8_1002"	"conda-forge"
"sheep_gwas_state"	"pyparsing"	"3.3.2"	"pyhcf101f3_0"	"conda-forge"
"sheep_gwas_state"	"pyranges"	"0.1.4"	"pyhdfd78af_0"	"bioconda"
"sheep_gwas_state"	"pyside6"	"6.11.0"	"py310hb9dbd67_1"	"conda-forge"
"sheep_gwas_state"	"python"	"3.10.20"	"h3c07f61_0_cpython"	"conda-forge"
"sheep_gwas_state"	"python-dateutil"	"2.9.0.post0"	"pyhe01879c_2"	"conda-forge"
"sheep_gwas_state"	"python-tzdata"	"2025.3"	"pyhd8ed1ab_0"	"conda-forge"
"sheep_gwas_state"	"python_abi"	"3.10"	"8_cp310"	"conda-forge"
"sheep_gwas_state"	"pytz"	"2026.1.post1"	"pyhcf101f3_0"	"conda-forge"
"sheep_gwas_state"	"qhull"	"2020.2"	"h434a139_5"	"conda-forge"
"sheep_gwas_state"	"qt6-main"	"6.11.0"	"pl5321h16c4a6b_2"	"conda-forge"
"sheep_gwas_state"	"readline"	"8.3"	"h853b02a_0"	"conda-forge"
"sheep_gwas_state"	"scipy"	"1.15.2"	"py310h1d65ade_0"	"conda-forge"
"sheep_gwas_state"	"seaborn"	"0.13.2"	"hd8ed1ab_3"	"conda-forge"
"sheep_gwas_state"	"seaborn-base"	"0.13.2"	"pyhd8ed1ab_3"	"conda-forge"
"sheep_gwas_state"	"setuptools"	"82.0.1"	"pyh332efcf_0"	"conda-forge"
"sheep_gwas_state"	"six"	"1.17.0"	"pyhe01879c_1"	"conda-forge"
"sheep_gwas_state"	"sorted_nearest"	"0.0.41"	"py310h1fe012e_0"	"bioconda"
"sheep_gwas_state"	"statsmodels"	"0.14.6"	"py310hf779ad0_0"	"conda-forge"
"sheep_gwas_state"	"tabulate"	"0.10.0"	"pyhcf101f3_0"	"conda-forge"
"sheep_gwas_state"	"tk"	"8.6.13"	"noxft_h366c992_103"	"conda-forge"
"sheep_gwas_state"	"tornado"	"6.5.5"	"py310h7c4b9e2_0"	"conda-forge"
"sheep_gwas_state"	"tqdm"	"4.67.3"	"pyh8f84b5b_0"	"conda-forge"
"sheep_gwas_state"	"tzdata"	"2025c"	"hc9c84f9_1"	"conda-forge"
"sheep_gwas_state"	"unicodedata2"	"17.0.1"	"py310h7c4b9e2_0"	"conda-forge"
"sheep_gwas_state"	"wayland"	"1.25.0"	"hd6090a7_0"	"conda-forge"
"sheep_gwas_state"	"wheel"	"0.46.3"	"pyhd8ed1ab_0"	"conda-forge"
"sheep_gwas_state"	"xcb-util"	"0.4.1"	"h4f16b4b_2"	"conda-forge"
"sheep_gwas_state"	"xcb-util-cursor"	"0.1.6"	"hb03c661_0"	"conda-forge"
"sheep_gwas_state"	"xcb-util-image"	"0.4.0"	"hb711507_2"	"conda-forge"
"sheep_gwas_state"	"xcb-util-keysyms"	"0.4.1"	"hb711507_0"	"conda-forge"
"sheep_gwas_state"	"xcb-util-renderutil"	"0.3.10"	"hb711507_0"	"conda-forge"
"sheep_gwas_state"	"xcb-util-wm"	"0.4.2"	"hb711507_0"	"conda-forge"
"sheep_gwas_state"	"xkeyboard-config"	"2.47"	"hb03c661_0"	"conda-forge"
"sheep_gwas_state"	"xorg-libice"	"1.1.2"	"hb9d3cd8_0"	"conda-forge"
"sheep_gwas_state"	"xorg-libsm"	"1.2.6"	"he73a12e_0"	"conda-forge"
"sheep_gwas_state"	"xorg-libx11"	"1.8.13"	"he1eb515_0"	"conda-forge"
"sheep_gwas_state"	"xorg-libxau"	"1.0.12"	"hb03c661_1"	"conda-forge"
"sheep_gwas_state"	"xorg-libxcomposite"	"0.4.7"	"hb03c661_0"	"conda-forge"
"sheep_gwas_state"	"xorg-libxcursor"	"1.2.3"	"hb9d3cd8_0"	"conda-forge"
"sheep_gwas_state"	"xorg-libxdamage"	"1.1.6"	"hb9d3cd8_0"	"conda-forge"
"sheep_gwas_state"	"xorg-libxdmcp"	"1.1.5"	"hb03c661_1"	"conda-forge"
"sheep_gwas_state"	"xorg-libxext"	"1.3.7"	"hb03c661_0"	"conda-forge"
"sheep_gwas_state"	"xorg-libxfixes"	"6.0.2"	"hb03c661_0"	"conda-forge"
"sheep_gwas_state"	"xorg-libxi"	"1.8.2"	"hb9d3cd8_0"	"conda-forge"
"sheep_gwas_state"	"xorg-libxrandr"	"1.5.5"	"hb03c661_0"	"conda-forge"
"sheep_gwas_state"	"xorg-libxrender"	"0.9.12"	"hb9d3cd8_0"	"conda-forge"
"sheep_gwas_state"	"xorg-libxtst"	"1.2.5"	"hb9d3cd8_3"	"conda-forge"
"sheep_gwas_state"	"xorg-libxxf86vm"	"1.1.7"	"hb03c661_0"	"conda-forge"
"sheep_gwas_state"	"zipp"	"3.23.0"	"pyhcf101f3_1"	"conda-forge"
"sheep_gwas_state"	"zlib-ng"	"2.3.3"	"hceb46e0_1"	"conda-forge"
"sheep_gwas_state"	"zstd"	"1.5.7"	"hb78ec9c_6"	"conda-forge"
"sheep_syntax_cpu"	"_openmp_mutex"	"4.5"	"8_kmp_llvm"	"conda-forge"
"sheep_syntax_cpu"	"alsa-lib"	"1.2.16.1"	"h7cc23a3_1"	"conda-forge"
"sheep_syntax_cpu"	"aws-c-auth"	"0.10.4"	"h4610da3_2"	"conda-forge"
"sheep_syntax_cpu"	"aws-c-cal"	"0.9.15"	"h6bbde05_1"	"conda-forge"
"sheep_syntax_cpu"	"aws-c-common"	"0.14.3"	"hb03c661_0"	"conda-forge"
"sheep_syntax_cpu"	"aws-c-compression"	"0.3.2"	"h01ee8f8_5"	"conda-forge"
"sheep_syntax_cpu"	"aws-c-http"	"0.11.0"	"hbe094ff_5"	"conda-forge"
"sheep_syntax_cpu"	"aws-c-io"	"0.27.5"	"h4f381ba_1"	"conda-forge"
"sheep_syntax_cpu"	"aws-c-s3"	"0.13.1"	"h7508075_1"	"conda-forge"
"sheep_syntax_cpu"	"aws-c-sdkutils"	"0.2.7"	"h01ee8f8_3"	"conda-forge"
"sheep_syntax_cpu"	"aws-checksums"	"0.2.10"	"h01ee8f8_5"	"conda-forge"
"sheep_syntax_cpu"	"bedtools"	"2.31.1"	"h13024bc_3"	"bioconda"
"sheep_syntax_cpu"	"biopython"	"1.88"	"py310h7c4b9e2_0"	"conda-forge"
"sheep_syntax_cpu"	"blas"	"1.0"	"mkl"	"conda-forge"
"sheep_syntax_cpu"	"brotli"	"1.2.0"	"h505cf86_3"	"conda-forge"
"sheep_syntax_cpu"	"brotli-bin"	"1.2.0"	"h9908984_3"	"conda-forge"
"sheep_syntax_cpu"	"bzip2"	"1.0.8"	"hda65f42_10"	"conda-forge"
"sheep_syntax_cpu"	"c-ares"	"1.34.8"	"hebe6cf0_2"	"conda-forge"
"sheep_syntax_cpu"	"ca-certificates"	"2026.7.22"	"hbd8a1cb_0"	"conda-forge"
"sheep_syntax_cpu"	"cached-property"	"2.0.1"	"pyhcf101f3_0"	"conda-forge"
"sheep_syntax_cpu"	"cached_property"	"2.0.1"	"pyhcf101f3_0"	"conda-forge"
"sheep_syntax_cpu"	"cairo"	"1.18.4"	"h3c89d7e_3"	"conda-forge"
"sheep_syntax_cpu"	"cloudpickle"	"3.1.2"	"pyhcf101f3_1"	"conda-forge"
"sheep_syntax_cpu"	"contourpy"	"1.3.2"	"py310h3788b33_0"	"conda-forge"
"sheep_syntax_cpu"	"cpuonly"	"2.0"	"0"	"pytorch"
"sheep_syntax_cpu"	"cpython"	"3.10.21"	"py310hd8ed1ab_0"	"conda-forge"
"sheep_syntax_cpu"	"cycler"	"0.12.1"	"pyhcf101f3_2"	"conda-forge"
"sheep_syntax_cpu"	"cyrus-sasl"	"2.1.28"	"hac629b4_1"	"conda-forge"
"sheep_syntax_cpu"	"dbus"	"1.16.2"	"he8c428d_2"	"conda-forge"
"sheep_syntax_cpu"	"double-conversion"	"3.4.0"	"hecca717_0"	"conda-forge"
"sheep_syntax_cpu"	"filelock"	"3.32.5"	"pyhd8ed1ab_0"	"conda-forge"
"sheep_syntax_cpu"	"font-ttf-dejavu-sans-mono"	"2.37"	"hab24e00_0"	"conda-forge"
"sheep_syntax_cpu"	"font-ttf-inconsolata"	"3.000"	"h77eed37_0"	"conda-forge"
"sheep_syntax_cpu"	"font-ttf-source-code-pro"	"2.038"	"h77eed37_0"	"conda-forge"
"sheep_syntax_cpu"	"font-ttf-ubuntu"	"0.83"	"h77eed37_3"	"conda-forge"
"sheep_syntax_cpu"	"fontconfig"	"2.18.3"	"h4db4eae_1"	"conda-forge"
"sheep_syntax_cpu"	"fonts-conda-ecosystem"	"1"	"0"	"conda-forge"
"sheep_syntax_cpu"	"fonts-conda-forge"	"1"	"hc364b38_1"	"conda-forge"
"sheep_syntax_cpu"	"fonttools"	"4.63.0"	"py310h3406613_0"	"conda-forge"
"sheep_syntax_cpu"	"formulaic"	"1.2.2"	"pyhd8ed1ab_0"	"conda-forge"
"sheep_syntax_cpu"	"freetype"	"2.14.3"	"ha770c72_2"	"conda-forge"
"sheep_syntax_cpu"	"gmp"	"6.3.0"	"hfd2156b_3"	"conda-forge"
"sheep_syntax_cpu"	"gmpy2"	"2.3.1"	"py310haf1ad51_0"	"conda-forge"
"sheep_syntax_cpu"	"graphite2"	"1.3.15"	"h54a6638_1"	"conda-forge"
"sheep_syntax_cpu"	"h5py"	"3.16.0"	"nompi_py310h9313953_104"	"conda-forge"
"sheep_syntax_cpu"	"hdf5"	"2.2.0"	"nompi_hc529623_100"	"conda-forge"
"sheep_syntax_cpu"	"htslib"	"1.24"	"ha79157c_0"	"bioconda"
"sheep_syntax_cpu"	"icu"	"78.3"	"py310h44b86e0_2"	"conda-forge"
"sheep_syntax_cpu"	"importlib-metadata"	"9.0.1"	"pyhcf101f3_0"	"conda-forge"
"sheep_syntax_cpu"	"interface_meta"	"1.3.0"	"pyhd8ed1ab_1"	"conda-forge"
"sheep_syntax_cpu"	"jinja2"	"3.1.6"	"pyhcf101f3_1"	"conda-forge"
"sheep_syntax_cpu"	"joblib"	"1.6.0"	"pyhcf101f3_0"	"conda-forge"
"sheep_syntax_cpu"	"keyutils"	"1.6.3"	"h7cc23a3_1"	"conda-forge"
"sheep_syntax_cpu"	"kiwisolver"	"1.5.1"	"py310he417ec5_0"	"conda-forge"
"sheep_syntax_cpu"	"krb5"	"1.22.2"	"hbc21106_2"	"conda-forge"
"sheep_syntax_cpu"	"lcms2"	"2.19.1"	"h9073bf1_2"	"conda-forge"
"sheep_syntax_cpu"	"ld_impl_linux-64"	"2.46.1"	"default_hbd61a6d_102"	"conda-forge"
"sheep_syntax_cpu"	"lerc"	"4.2.0"	"hdb68285_0"	"conda-forge"
"sheep_syntax_cpu"	"libaec"	"1.1.5"	"h088129d_0"	"conda-forge"
"sheep_syntax_cpu"	"libblas"	"3.9.0"	"20_linux64_mkl"	"conda-forge"
"sheep_syntax_cpu"	"libbrotlicommon"	"1.2.0"	"h39a168f_3"	"conda-forge"
"sheep_syntax_cpu"	"libbrotlidec"	"1.2.0"	"ha411449_3"	"conda-forge"
"sheep_syntax_cpu"	"libbrotlienc"	"1.2.0"	"h018ffa1_3"	"conda-forge"
"sheep_syntax_cpu"	"libcblas"	"3.9.0"	"20_linux64_mkl"	"conda-forge"
"sheep_syntax_cpu"	"libclang-cpp23.1"	"23.1.0"	"default_h0acdd01_1"	"conda-forge"
"sheep_syntax_cpu"	"libclang13"	"23.1.0"	"default_h7855034_1"	"conda-forge"
"sheep_syntax_cpu"	"libcups"	"2.3.3"	"h7a8fb5f_6"	"conda-forge"
"sheep_syntax_cpu"	"libcurl"	"8.21.0"	"ha042cf0_5"	"conda-forge"
"sheep_syntax_cpu"	"libdeflate"	"1.25"	"hd45a770_1"	"conda-forge"
"sheep_syntax_cpu"	"libdrm"	"2.4.129"	"h7cc23a3_0"	"conda-forge"
"sheep_syntax_cpu"	"libedit"	"3.1.20250104"	"pl5321h373387f_1"	"conda-forge"
"sheep_syntax_cpu"	"libegl"	"1.7.0"	"ha4b6fd6_5"	"conda-forge"
"sheep_syntax_cpu"	"libegl-devel"	"1.7.0"	"ha4b6fd6_5"	"conda-forge"
"sheep_syntax_cpu"	"libev"	"4.33"	"h280c20c_3"	"conda-forge"
"sheep_syntax_cpu"	"libexpat"	"2.8.1"	"hecca717_1"	"conda-forge"
"sheep_syntax_cpu"	"libffi"	"3.7.0"	"h81df57d_1"	"conda-forge"
"sheep_syntax_cpu"	"libfreetype"	"2.14.3"	"ha770c72_2"	"conda-forge"
"sheep_syntax_cpu"	"libfreetype6"	"2.14.3"	"h5e6c136_2"	"conda-forge"
"sheep_syntax_cpu"	"libgcc"	"16.2.0"	"ha9f2e26_4"	"conda-forge"
"sheep_syntax_cpu"	"libgcc-ng"	"16.2.0"	"h69a702a_4"	"conda-forge"
"sheep_syntax_cpu"	"libgfortran"	"16.2.0"	"h69a702a_4"	"conda-forge"
"sheep_syntax_cpu"	"libgfortran5"	"16.2.0"	"h6b99dfc_4"	"conda-forge"
"sheep_syntax_cpu"	"libgl"	"1.7.0"	"ha4b6fd6_5"	"conda-forge"
"sheep_syntax_cpu"	"libgl-devel"	"1.7.0"	"ha4b6fd6_5"	"conda-forge"
"sheep_syntax_cpu"	"libglib"	"2.88.3"	"he503a2a_2"	"conda-forge"
"sheep_syntax_cpu"	"libglvnd"	"1.7.0"	"ha4b6fd6_5"	"conda-forge"
"sheep_syntax_cpu"	"libglx"	"1.7.0"	"ha4b6fd6_5"	"conda-forge"
"sheep_syntax_cpu"	"libglx-devel"	"1.7.0"	"ha4b6fd6_5"	"conda-forge"
"sheep_syntax_cpu"	"libgomp"	"16.2.0"	"he0feb66_4"	"conda-forge"
"sheep_syntax_cpu"	"libharfbuzz"	"14.4.0"	"h23af247_0"	"conda-forge"
"sheep_syntax_cpu"	"libhwloc"	"2.13.0"	"default_he001693_1000"	"conda-forge"
"sheep_syntax_cpu"	"libiconv"	"1.18"	"h0cb94f2_3"	"conda-forge"
"sheep_syntax_cpu"	"libjpeg-turbo"	"3.2.0"	"hb03c661_1"	"conda-forge"
"sheep_syntax_cpu"	"liblapack"	"3.9.0"	"20_linux64_mkl"	"conda-forge"
"sheep_syntax_cpu"	"libllvm23"	"23.1.0"	"h474f4eb_0"	"conda-forge"
"sheep_syntax_cpu"	"liblzma"	"5.8.3"	"hb03c661_1"	"conda-forge"
"sheep_syntax_cpu"	"libnghttp2"	"1.68.1"	"h74cf4be_1"	"conda-forge"
"sheep_syntax_cpu"	"libnsl"	"2.0.1"	"hb9d3cd8_1"	"conda-forge"
"sheep_syntax_cpu"	"libntlm"	"1.8"	"hb9d3cd8_0"	"conda-forge"
"sheep_syntax_cpu"	"libopenblas"	"0.3.34"	"pthreads_hcf972fe_1"	"conda-forge"
"sheep_syntax_cpu"	"libopengl"	"1.7.0"	"ha4b6fd6_5"	"conda-forge"
"sheep_syntax_cpu"	"libpciaccess"	"0.19"	"hb03c661_1"	"conda-forge"
"sheep_syntax_cpu"	"libpng"	"1.6.58"	"h922cc85_1"	"conda-forge"
"sheep_syntax_cpu"	"libpq"	"18.6"	"h9d76c99_0"	"conda-forge"
"sheep_syntax_cpu"	"libpsl"	"0.23.1"	"hd9e3e90_1"	"conda-forge"
"sheep_syntax_cpu"	"libsqlite"	"3.53.4"	"h13e7031_1"	"conda-forge"
"sheep_syntax_cpu"	"libssh2"	"1.11.1"	"h6154650_1"	"conda-forge"
"sheep_syntax_cpu"	"libstdcxx"	"16.2.0"	"h934c35e_4"	"conda-forge"
"sheep_syntax_cpu"	"libstdcxx-ng"	"16.2.0"	"hdf11a46_4"	"conda-forge"
"sheep_syntax_cpu"	"libtiff"	"4.7.2"	"hcc2c06a_1"	"conda-forge"
"sheep_syntax_cpu"	"libuuid"	"2.42.2"	"h5347b49_0"	"conda-forge"
"sheep_syntax_cpu"	"libvulkan-loader"	"1.4.357.0"	"h0e34353_2"	"conda-forge"
"sheep_syntax_cpu"	"libwebp-base"	"1.6.0"	"hd42ef1d_1"	"conda-forge"
"sheep_syntax_cpu"	"libxcb"	"1.17.0"	"hb83e432_2"	"conda-forge"
"sheep_syntax_cpu"	"libxcrypt"	"4.4.38"	"h280c20c_0"	"conda-forge"
"sheep_syntax_cpu"	"libxkbcommon"	"1.13.2"	"h51789e4_1"	"conda-forge"
"sheep_syntax_cpu"	"libxml2"	"2.15.3"	"h49c6c72_1"	"conda-forge"
"sheep_syntax_cpu"	"libxml2-16"	"2.15.3"	"hca6bf5a_1"	"conda-forge"
"sheep_syntax_cpu"	"libxslt"	"1.1.43"	"h711ed8c_1"	"conda-forge"
"sheep_syntax_cpu"	"libzlib"	"1.3.2"	"h25fd6f3_3"	"conda-forge"
"sheep_syntax_cpu"	"llvm-openmp"	"15.0.7"	"h0cdce71_0"	"conda-forge"
"sheep_syntax_cpu"	"markupsafe"	"3.0.3"	"py310h3406613_1"	"conda-forge"
"sheep_syntax_cpu"	"matplotlib"	"3.10.9"	"py310hff52083_0"	"conda-forge"
"sheep_syntax_cpu"	"matplotlib-base"	"3.10.9"	"py310hfde16b3_0"	"conda-forge"
"sheep_syntax_cpu"	"mkl"	"2023.2.0"	"ha770c72_50498"	"conda-forge"
"sheep_syntax_cpu"	"mpc"	"1.4.0"	"ha2cb11d_1"	"conda-forge"
"sheep_syntax_cpu"	"mpfr"	"4.2.2"	"ha2cb11d_1"	"conda-forge"
"sheep_syntax_cpu"	"mpmath"	"1.4.1"	"pyhd8ed1ab_0"	"conda-forge"
"sheep_syntax_cpu"	"munkres"	"1.1.4"	"pyhd8ed1ab_1"	"conda-forge"
"sheep_syntax_cpu"	"narwhals"	"2.25.0"	"pyhcf101f3_0"	"conda-forge"
"sheep_syntax_cpu"	"ncurses"	"6.6"	"hdb14827_1"	"conda-forge"
"sheep_syntax_cpu"	"networkx"	"3.4.2"	"pyh267e887_2"	"conda-forge"
"sheep_syntax_cpu"	"numpy"	"2.2.6"	"py310hefbff90_0"	"conda-forge"
"sheep_syntax_cpu"	"openjpeg"	"2.5.4"	"h55e1f5c_1"	"conda-forge"
"sheep_syntax_cpu"	"openldap"	"2.6.13"	"hbde042b_0"	"conda-forge"
"sheep_syntax_cpu"	"openssl"	"3.6.4"	"h781a0a9_0"	"conda-forge"
"sheep_syntax_cpu"	"packaging"	"26.3"	"pyhc364b38_0"	"conda-forge"
"sheep_syntax_cpu"	"pandas"	"2.3.3"	"py310h0158d43_2"	"conda-forge"
"sheep_syntax_cpu"	"patsy"	"1.0.3"	"pyhcf101f3_0"	"conda-forge"
"sheep_syntax_cpu"	"pcre2"	"10.47"	"h8b3dc9c_1"	"conda-forge"
"sheep_syntax_cpu"	"pillow"	"12.3.0"	"py310h5a73078_0"	"conda-forge"
"sheep_syntax_cpu"	"pip"	"26.2.1"	"pyh8b19718_0"	"conda-forge"
"sheep_syntax_cpu"	"pixman"	"0.46.4"	"h54a6638_3"	"conda-forge"
"sheep_syntax_cpu"	"pthread-stubs"	"0.4"	"hb03c661_1003"	"conda-forge"
"sheep_syntax_cpu"	"pyfaidx"	"0.9.0.4"	"pyhdfd78af_0"	"bioconda"
"sheep_syntax_cpu"	"pyparsing"	"3.3.2"	"pyhcf101f3_0"	"conda-forge"
"sheep_syntax_cpu"	"pyside6"	"6.11.2"	"py310ha8dd31c_0"	"conda-forge"
"sheep_syntax_cpu"	"python"	"3.10.21"	"h267e890_0_cpython"	"conda-forge"
"sheep_syntax_cpu"	"python-dateutil"	"2.9.0.post0"	"pyhe01879c_2"	"conda-forge"
"sheep_syntax_cpu"	"python-tzdata"	"2026.3"	"pyhd8ed1ab_0"	"conda-forge"
"sheep_syntax_cpu"	"python_abi"	"3.10"	"8_cp310"	"conda-forge"
"sheep_syntax_cpu"	"pytorch"	"2.5.1"	"py3.10_cpu_0"	"pytorch"
"sheep_syntax_cpu"	"pytorch-mutex"	"1.0"	"cpu"	"pytorch"
"sheep_syntax_cpu"	"pytz"	"2026.3.post1"	"pyhcf101f3_0"	"conda-forge"
"sheep_syntax_cpu"	"pyvcf3"	"1.0.4"	"py310h1fe012e_0"	"bioconda"
"sheep_syntax_cpu"	"pyyaml"	"6.0.3"	"py310h3406613_1"	"conda-forge"
"sheep_syntax_cpu"	"qhull"	"2020.2"	"h434a139_5"	"conda-forge"
"sheep_syntax_cpu"	"qt6-main"	"6.11.2"	"pl5321h9df5c37_0"	"conda-forge"
"sheep_syntax_cpu"	"readline"	"8.3"	"hd6e31c0_1"	"conda-forge"
"sheep_syntax_cpu"	"s2n"	"1.7.6"	"h7e3ee7f_0"	"conda-forge"
"sheep_syntax_cpu"	"samtools"	"1.24"	"h9dcdb79_1"	"bioconda"
"sheep_syntax_cpu"	"scikit-learn"	"1.7.2"	"py310h228f341_0"	"conda-forge"
"sheep_syntax_cpu"	"scipy"	"1.15.2"	"py310h1d65ade_0"	"conda-forge"
"sheep_syntax_cpu"	"seaborn"	"0.13.2"	"hd8ed1ab_3"	"conda-forge"
"sheep_syntax_cpu"	"seaborn-base"	"0.13.2"	"pyhd8ed1ab_3"	"conda-forge"
"sheep_syntax_cpu"	"setuptools"	"84.0.0"	"pyh332efcf_0"	"conda-forge"
"sheep_syntax_cpu"	"six"	"1.17.0"	"pyhe01879c_1"	"conda-forge"
"sheep_syntax_cpu"	"statsmodels"	"0.15.0"	"np2py310h83c7da3_1"	"conda-forge"
"sheep_syntax_cpu"	"sympy"	"1.14.0"	"pyh2585a3b_106"	"conda-forge"
"sheep_syntax_cpu"	"tbb"	"2021.13.0"	"hb700be7_6"	"conda-forge"
"sheep_syntax_cpu"	"threadpoolctl"	"3.6.0"	"pyhecae5ae_0"	"conda-forge"
"sheep_syntax_cpu"	"tk"	"8.6.13"	"noxft_h1df4ec4_4"	"conda-forge"
"sheep_syntax_cpu"	"tornado"	"6.5.8"	"py310h7c4b9e2_0"	"conda-forge"
"sheep_syntax_cpu"	"tqdm"	"4.70.0"	"pyh8f84b5b_0"	"conda-forge"
"sheep_syntax_cpu"	"typing-extensions"	"4.16.0"	"h69aa097_0"	"conda-forge"
"sheep_syntax_cpu"	"typing_extensions"	"4.16.0"	"pyhcf101f3_0"	"conda-forge"
"sheep_syntax_cpu"	"tzdata"	"2026c"	"h151e31d_0"	"conda-forge"
"sheep_syntax_cpu"	"unicodedata2"	"17.0.1"	"py310h7c4b9e2_0"	"conda-forge"
"sheep_syntax_cpu"	"wayland"	"1.26.0"	"hc1c935e_2"	"conda-forge"
"sheep_syntax_cpu"	"wheel"	"0.48.0"	"pyhd8ed1ab_0"	"conda-forge"
"sheep_syntax_cpu"	"wrapt"	"2.4.0"	"py310h83e8816_0"	"conda-forge"
"sheep_syntax_cpu"	"xcb-util"	"0.4.1"	"h4f16b4b_2"	"conda-forge"
"sheep_syntax_cpu"	"xcb-util-cursor"	"0.1.6"	"hb03c661_0"	"conda-forge"
"sheep_syntax_cpu"	"xcb-util-image"	"0.4.0"	"hb711507_2"	"conda-forge"
"sheep_syntax_cpu"	"xcb-util-keysyms"	"0.4.1"	"hb711507_0"	"conda-forge"
"sheep_syntax_cpu"	"xcb-util-renderutil"	"0.3.10"	"hb711507_0"	"conda-forge"
"sheep_syntax_cpu"	"xcb-util-wm"	"0.4.2"	"hb711507_0"	"conda-forge"
"sheep_syntax_cpu"	"xkeyboard-config"	"2.48"	"h280c20c_0"	"conda-forge"
"sheep_syntax_cpu"	"xorg-libice"	"1.1.2"	"h280c20c_0"	"conda-forge"
"sheep_syntax_cpu"	"xorg-libsm"	"1.2.6"	"h0d788c3_1"	"conda-forge"
"sheep_syntax_cpu"	"xorg-libx11"	"1.8.13"	"he1eb515_1"	"conda-forge"
"sheep_syntax_cpu"	"xorg-libxau"	"1.0.12"	"hb03c661_2"	"conda-forge"
"sheep_syntax_cpu"	"xorg-libxcomposite"	"0.4.7"	"hb03c661_0"	"conda-forge"
"sheep_syntax_cpu"	"xorg-libxcursor"	"1.2.3"	"hb9d3cd8_0"	"conda-forge"
"sheep_syntax_cpu"	"xorg-libxdamage"	"1.1.6"	"hb9d3cd8_0"	"conda-forge"
"sheep_syntax_cpu"	"xorg-libxdmcp"	"1.1.5"	"hb03c661_2"	"conda-forge"
"sheep_syntax_cpu"	"xorg-libxext"	"1.3.7"	"h7cc23a3_1"	"conda-forge"
"sheep_syntax_cpu"	"xorg-libxfixes"	"6.0.2"	"h7cc23a3_1"	"conda-forge"
"sheep_syntax_cpu"	"xorg-libxi"	"1.8.3"	"h7cc23a3_1"	"conda-forge"
"sheep_syntax_cpu"	"xorg-libxrandr"	"1.5.5"	"h7cc23a3_1"	"conda-forge"
"sheep_syntax_cpu"	"xorg-libxrender"	"0.9.12"	"hb03c661_1"	"conda-forge"
"sheep_syntax_cpu"	"xorg-libxtst"	"1.2.5"	"h7cc23a3_4"	"conda-forge"
"sheep_syntax_cpu"	"xorg-libxxf86vm"	"1.1.7"	"hb03c661_0"	"conda-forge"
"sheep_syntax_cpu"	"xorg-xorgproto"	"2025.1"	"h280c20c_1"	"conda-forge"
"sheep_syntax_cpu"	"yaml"	"0.2.5"	"hebe6cf0_3"	"conda-forge"
"sheep_syntax_cpu"	"zipp"	"4.1.0"	"pyhcf101f3_0"	"conda-forge"
"sheep_syntax_cpu"	"zlib-ng"	"2.3.3"	"hce19668_1"	"conda-forge"
"sheep_syntax_cpu"	"zstd"	"1.5.7"	"hb78ec9c_7"	"conda-forge"
"starrseq"	"_openmp_mutex"	"4.5"	"20_gnu"	"conda-forge"
"starrseq"	"_python_abi3_support"	"1.0"	"hd8ed1ab_3"	"conda-forge"
"starrseq"	"_r-mutex"	"1.0.1"	"anacondar_1"	"conda-forge"
"starrseq"	"alabaster"	"1.0.0"	"pyhd8ed1ab_1"	"conda-forge"
"starrseq"	"alsa-lib"	"1.2.16.1"	"hb03c661_0"	"conda-forge"
"starrseq"	"annotated-types"	"0.8.0"	"pyhd8ed1ab_0"	"conda-forge"
"starrseq"	"attrs"	"26.1.0"	"pyhcf101f3_0"	"conda-forge"
"starrseq"	"babel"	"2.18.0"	"pyhcf101f3_1"	"conda-forge"
"starrseq"	"backports.zstd"	"1.6.0"	"py311h6b1f9c4_0"	"conda-forge"
"starrseq"	"binutils_impl_linux-64"	"2.46.1"	"default_hfdba357_102"	"conda-forge"
"starrseq"	"binutils_linux-64"	"2.46.1"	"default_h4852527_102"	"conda-forge"
"starrseq"	"bioconductor-biobase"	"2.70.0"	"r45h01b2380_0"	"bioconda"
"starrseq"	"bioconductor-biocgenerics"	"0.56.0"	"r45hdfd78af_2"	"bioconda"
"starrseq"	"bioconductor-biocparallel"	"1.44.0"	"r45ha27e39d_1"	"bioconda"
"starrseq"	"bioconductor-biostrings"	"2.78.0"	"r45h01b2380_0"	"bioconda"
"starrseq"	"bioconductor-cigarillo"	"1.0.0"	"r45h01b2380_0"	"bioconda"
"starrseq"	"bioconductor-dada2"	"1.38.0"	"r45ha27e39d_0"	"bioconda"
"starrseq"	"bioconductor-delayedarray"	"0.36.0"	"r45h01b2380_0"	"bioconda"
"starrseq"	"bioconductor-edger"	"4.8.2"	"r45h262fe30_1"	"bioconda"
"starrseq"	"bioconductor-genomicalignments"	"1.46.0"	"r45h01b2380_0"	"bioconda"
"starrseq"	"bioconductor-genomicranges"	"1.62.1"	"r45h01b2380_0"	"bioconda"
"starrseq"	"bioconductor-iranges"	"2.44.0"	"r45h01b2380_1"	"bioconda"
"starrseq"	"bioconductor-limma"	"3.66.0"	"r45h01b2380_0"	"bioconda"
"starrseq"	"bioconductor-matrixgenerics"	"1.22.0"	"r45hdfd78af_1"	"bioconda"
"starrseq"	"bioconductor-mpra"	"1.32.0"	"r45hdfd78af_0"	"bioconda"
"starrseq"	"bioconductor-pwalign"	"1.6.0"	"r45h262fe30_1"	"bioconda"
"starrseq"	"bioconductor-rhtslib"	"3.6.0"	"r45h01b2380_0"	"bioconda"
"starrseq"	"bioconductor-rsamtools"	"2.26.0"	"r45ha27e39d_0"	"bioconda"
"starrseq"	"bioconductor-s4arrays"	"1.10.1"	"r45h01b2380_0"	"bioconda"
"starrseq"	"bioconductor-s4vectors"	"0.48.0"	"r45h01b2380_1"	"bioconda"
"starrseq"	"bioconductor-seqinfo"	"1.0.0"	"r45hdfd78af_0"	"bioconda"
"starrseq"	"bioconductor-shortread"	"1.68.0"	"r45ha27e39d_0"	"bioconda"
"starrseq"	"bioconductor-sparsearray"	"1.10.8"	"r45h01b2380_0"	"bioconda"
"starrseq"	"bioconductor-summarizedexperiment"	"1.40.0"	"r45hdfd78af_0"	"bioconda"
"starrseq"	"bioconductor-xvector"	"0.50.0"	"r45h01b2380_0"	"bioconda"
"starrseq"	"brotli"	"1.2.0"	"h505cf86_3"	"conda-forge"
"starrseq"	"brotli-bin"	"1.2.0"	"h9908984_3"	"conda-forge"
"starrseq"	"brotli-python"	"1.2.0"	"py311heb3be6f_3"	"conda-forge"
"starrseq"	"bwa"	"0.7.19"	"h577a1d6_1"	"bioconda"
"starrseq"	"bwidget"	"1.10.1"	"ha770c72_1"	"conda-forge"
"starrseq"	"bzip2"	"1.0.8"	"hda65f42_10"	"conda-forge"
"starrseq"	"c-ares"	"1.34.8"	"h280c20c_1"	"conda-forge"
"starrseq"	"ca-certificates"	"2026.7.22"	"hbd8a1cb_0"	"conda-forge"
"starrseq"	"cairo"	"1.18.4"	"he90730b_1"	"conda-forge"
"starrseq"	"certifi"	"2026.7.22"	"pyhd8ed1ab_0"	"conda-forge"
"starrseq"	"charset-normalizer"	"3.5.0"	"pyhd8ed1ab_0"	"conda-forge"
"starrseq"	"click"	"8.4.2"	"pyhc90fa1f_0"	"conda-forge"
"starrseq"	"colorama"	"0.4.6"	"pyhd8ed1ab_1"	"conda-forge"
"starrseq"	"coloredlogs"	"15.0.1"	"pyhd8ed1ab_4"	"conda-forge"
"starrseq"	"colormath"	"3.0.0"	"pyhd8ed1ab_4"	"conda-forge"
"starrseq"	"contourpy"	"1.3.3"	"py311h724c32c_4"	"conda-forge"
"starrseq"	"cpython"	"3.11.15"	"py311hd8ed1ab_2"	"conda-forge"
"starrseq"	"curl"	"8.21.0"	"heca4667_4"	"conda-forge"
"starrseq"	"cycler"	"0.12.1"	"pyhcf101f3_2"	"conda-forge"
"starrseq"	"deeptools"	"3.5.6"	"pyhdfd78af_0"	"bioconda"
"starrseq"	"deeptoolsintervals"	"0.1.9"	"py311h13f8228_12"	"bioconda"
"starrseq"	"docutils"	"0.22.4"	"pyhd8ed1ab_0"	"conda-forge"
"starrseq"	"expat"	"2.8.1"	"hecca717_1"	"conda-forge"
"starrseq"	"fastqc"	"0.12.1"	"hdfd78af_0"	"bioconda"
"starrseq"	"font-ttf-dejavu-sans-mono"	"2.37"	"hab24e00_0"	"conda-forge"
"starrseq"	"font-ttf-inconsolata"	"3.000"	"h77eed37_0"	"conda-forge"
"starrseq"	"font-ttf-source-code-pro"	"2.038"	"h77eed37_0"	"conda-forge"
"starrseq"	"font-ttf-ubuntu"	"0.83"	"h77eed37_3"	"conda-forge"
"starrseq"	"fontconfig"	"2.18.3"	"h4db4eae_1"	"conda-forge"
"starrseq"	"fonts-conda-ecosystem"	"1"	"0"	"conda-forge"
"starrseq"	"fonts-conda-forge"	"1"	"hc364b38_1"	"conda-forge"
"starrseq"	"fonttools"	"4.63.0"	"py311h3778330_0"	"conda-forge"
"starrseq"	"freetype"	"2.14.3"	"ha770c72_2"	"conda-forge"
"starrseq"	"fribidi"	"1.0.16"	"hb03c661_1"	"conda-forge"
"starrseq"	"gcc_impl_linux-64"	"16.1.0"	"h5fcb69b_1"	"conda-forge"
"starrseq"	"gcc_linux-64"	"16.1.0"	"h5fd2508_0"	"conda-forge"
"starrseq"	"gfortran_impl_linux-64"	"16.1.0"	"h08e1a1a_1"	"conda-forge"
"starrseq"	"giflib"	"5.2.2"	"ha257d8a_1"	"conda-forge"
"starrseq"	"graphite2"	"1.3.15"	"h54a6638_1"	"conda-forge"
"starrseq"	"gsl"	"2.7"	"he838d99_0"	"conda-forge"
"starrseq"	"gxx_impl_linux-64"	"16.1.0"	"he33a5f8_1"	"conda-forge"
"starrseq"	"gxx_linux-64"	"16.1.0"	"h5525346_0"	"conda-forge"
"starrseq"	"h2"	"4.4.1"	"pyhcf101f3_0"	"conda-forge"
"starrseq"	"harfbuzz"	"14.3.0"	"ha770c72_0"	"conda-forge"
"starrseq"	"hpack"	"4.2.0"	"pyhd8ed1ab_0"	"conda-forge"
"starrseq"	"htslib"	"1.24"	"ha79157c_0"	"bioconda"
"starrseq"	"humanfriendly"	"10.0"	"pyh707e725_8"	"conda-forge"
"starrseq"	"humanize"	"4.16.0"	"pyhd8ed1ab_0"	"conda-forge"
"starrseq"	"hyperframe"	"6.1.0"	"pyhd8ed1ab_0"	"conda-forge"
"starrseq"	"icu"	"78.3"	"py310h44b86e0_2"	"conda-forge"
"starrseq"	"idna"	"3.18"	"pyhcf101f3_0"	"conda-forge"
"starrseq"	"imagesize"	"2.0.0"	"pyhd8ed1ab_0"	"conda-forge"
"starrseq"	"importlib-metadata"	"9.0.0"	"pyhcf101f3_0"	"conda-forge"
"starrseq"	"jinja2"	"3.1.6"	"pyhcf101f3_1"	"conda-forge"
"starrseq"	"jsonschema"	"4.26.0"	"pyhcf101f3_0"	"conda-forge"
"starrseq"	"jsonschema-specifications"	"2025.9.1"	"pyhcf101f3_0"	"conda-forge"
"starrseq"	"kaleido-core"	"0.2.1"	"h3644ca4_0"	"conda-forge"
"starrseq"	"kernel-headers_linux-64"	"3.10.0"	"he073ed8_18"	"conda-forge"
"starrseq"	"keyutils"	"1.6.3"	"h7cc23a3_1"	"conda-forge"
"starrseq"	"kiwisolver"	"1.5.0"	"py311h724c32c_0"	"conda-forge"
"starrseq"	"krb5"	"1.22.2"	"hbc21106_2"	"conda-forge"
"starrseq"	"lcms2"	"2.19.1"	"h0c24ade_1"	"conda-forge"
"starrseq"	"ld_impl_linux-64"	"2.46.1"	"default_hbd61a6d_102"	"conda-forge"
"starrseq"	"lerc"	"4.2.0"	"hdb68285_0"	"conda-forge"
"starrseq"	"libblas"	"3.11.0"	"9_h4a7cf45_openblas"	"conda-forge"
"starrseq"	"libbrotlicommon"	"1.2.0"	"h39a168f_3"	"conda-forge"
"starrseq"	"libbrotlidec"	"1.2.0"	"ha411449_3"	"conda-forge"
"starrseq"	"libbrotlienc"	"1.2.0"	"h018ffa1_3"	"conda-forge"
"starrseq"	"libcblas"	"3.11.0"	"9_h0358290_openblas"	"conda-forge"
"starrseq"	"libcups"	"2.3.3"	"h7a8fb5f_6"	"conda-forge"
"starrseq"	"libcurl"	"8.21.0"	"heca4667_4"	"conda-forge"
"starrseq"	"libdeflate"	"1.25"	"hd45a770_1"	"conda-forge"
"starrseq"	"libedit"	"3.1.20250104"	"pl5321h373387f_1"	"conda-forge"
"starrseq"	"libev"	"4.33"	"h280c20c_3"	"conda-forge"
"starrseq"	"libexpat"	"2.8.1"	"hecca717_1"	"conda-forge"
"starrseq"	"libffi"	"3.7.0"	"h3435931_0"	"conda-forge"
"starrseq"	"libfreetype"	"2.14.3"	"ha770c72_2"	"conda-forge"
"starrseq"	"libfreetype6"	"2.14.3"	"h5e6c136_2"	"conda-forge"
"starrseq"	"libgcc"	"16.1.0"	"ha9f2e26_1"	"conda-forge"
"starrseq"	"libgcc-devel_linux-64"	"16.1.0"	"h59071f9_101"	"conda-forge"
"starrseq"	"libgcc-ng"	"16.1.0"	"h69a702a_1"	"conda-forge"
"starrseq"	"libgfortran"	"16.1.0"	"h69a702a_1"	"conda-forge"
"starrseq"	"libgfortran5"	"16.1.0"	"h79bb938_1"	"conda-forge"
"starrseq"	"libglib"	"2.88.3"	"h45c3219_1"	"conda-forge"
"starrseq"	"libgomp"	"16.1.0"	"he0feb66_1"	"conda-forge"
"starrseq"	"libharfbuzz"	"14.3.0"	"h17a8019_0"	"conda-forge"
"starrseq"	"libharfbuzz-devel"	"14.3.0"	"h17a8019_0"	"conda-forge"
"starrseq"	"libhwloc"	"2.12.2"	"default_hafda6a7_1000"	"conda-forge"
"starrseq"	"libiconv"	"1.18"	"h3b78370_2"	"conda-forge"
"starrseq"	"libjpeg-turbo"	"3.2.0"	"hb03c661_1"	"conda-forge"
"starrseq"	"liblapack"	"3.11.0"	"9_h47877c9_openblas"	"conda-forge"
"starrseq"	"liblzma"	"5.8.3"	"hb03c661_1"	"conda-forge"
"starrseq"	"libnghttp2"	"1.68.1"	"h877daf1_0"	"conda-forge"
"starrseq"	"libnsl"	"2.0.1"	"hb9d3cd8_1"	"conda-forge"
"starrseq"	"libopenblas"	"0.3.34"	"pthreads_h94d23a6_0"	"conda-forge"
"starrseq"	"libpng"	"1.6.58"	"h922cc85_1"	"conda-forge"
"starrseq"	"libpsl"	"0.23.1"	"hf670292_0"	"conda-forge"
"starrseq"	"libsanitizer"	"16.1.0"	"hf2715c6_1"	"conda-forge"
"starrseq"	"libsqlite"	"3.53.4"	"hf4e2dac_0"	"conda-forge"
"starrseq"	"libssh2"	"1.11.1"	"h6154650_1"	"conda-forge"
"starrseq"	"libstdcxx"	"16.1.0"	"h934c35e_1"	"conda-forge"
"starrseq"	"libstdcxx-devel_linux-64"	"16.1.0"	"h41cdd0d_101"	"conda-forge"
"starrseq"	"libstdcxx-ng"	"16.1.0"	"hdf11a46_1"	"conda-forge"
"starrseq"	"libtiff"	"4.7.2"	"h9d88235_0"	"conda-forge"
"starrseq"	"libuuid"	"2.42.2"	"h5347b49_0"	"conda-forge"
"starrseq"	"libwebp-base"	"1.6.0"	"hd42ef1d_1"	"conda-forge"
"starrseq"	"libxcb"	"1.17.0"	"h8a09558_0"	"conda-forge"
"starrseq"	"libxcrypt"	"4.4.38"	"h280c20c_0"	"conda-forge"
"starrseq"	"libxml2"	"2.15.3"	"h49c6c72_0"	"conda-forge"
"starrseq"	"libxml2-16"	"2.15.3"	"hca6bf5a_0"	"conda-forge"
"starrseq"	"libzlib"	"1.3.2"	"h25fd6f3_3"	"conda-forge"
"starrseq"	"make"	"4.4.1"	"hb03c661_3"	"conda-forge"
"starrseq"	"markdown"	"3.10.3"	"pyhcf101f3_0"	"conda-forge"
"starrseq"	"markdown-it-py"	"4.2.0"	"pyhd8ed1ab_0"	"conda-forge"
"starrseq"	"markupsafe"	"3.0.3"	"py311h3778330_1"	"conda-forge"
"starrseq"	"mathjax"	"2.7.7"	"ha770c72_3"	"conda-forge"
"starrseq"	"matplotlib-base"	"3.10.9"	"py311h0f3be63_0"	"conda-forge"
"starrseq"	"mdurl"	"0.1.2"	"pyhd8ed1ab_1"	"conda-forge"
"starrseq"	"multiqc"	"1.35"	"pyhdfd78af_1"	"bioconda"
"starrseq"	"munkres"	"1.1.4"	"pyhd8ed1ab_1"	"conda-forge"
"starrseq"	"narwhals"	"2.24.0"	"pyhcf101f3_0"	"conda-forge"
"starrseq"	"natsort"	"8.4.0"	"pyhcf101f3_2"	"conda-forge"
"starrseq"	"ncurses"	"6.6"	"hdb14827_1"	"conda-forge"
"starrseq"	"networkx"	"3.6.1"	"pyhcf101f3_0"	"conda-forge"
"starrseq"	"nspr"	"4.40"	"h29cc59b_0"	"conda-forge"
"starrseq"	"nss"	"3.118"	"h445c969_0"	"conda-forge"
"starrseq"	"numpy"	"2.4.6"	"py311h2e04523_0"	"conda-forge"
"starrseq"	"numpydoc"	"1.10.0"	"pyhcf101f3_0"	"conda-forge"
"starrseq"	"openjdk"	"25.0.2"	"ha668962_0"	"conda-forge"
"starrseq"	"openjpeg"	"2.5.4"	"h55fea9a_0"	"conda-forge"
"starrseq"	"openssl"	"3.6.3"	"h35e630c_1"	"conda-forge"
"starrseq"	"packaging"	"26.3"	"pyhc364b38_0"	"conda-forge"
"starrseq"	"pango"	"1.58.0"	"hda50119_0"	"conda-forge"
"starrseq"	"pcre2"	"10.47"	"haa7fec5_0"	"conda-forge"
"starrseq"	"perl"	"5.32.1"	"7_hd590300_perl5"	"conda-forge"
"starrseq"	"pigz"	"2.8"	"h421ea60_2"	"conda-forge"
"starrseq"	"pillow"	"12.3.0"	"py311hf88fc01_0"	"conda-forge"
"starrseq"	"pip"	"26.2.1"	"pyh8b19718_0"	"conda-forge"
"starrseq"	"pixman"	"0.46.4"	"h54a6638_3"	"conda-forge"
"starrseq"	"plotly"	"6.9.0"	"pyhd8ed1ab_0"	"conda-forge"
"starrseq"	"polars"	"1.43.2"	"pyh8da0edf_0"	"conda-forge"
"starrseq"	"polars-runtime-32"	"1.43.2"	"py310h9585f58_0"	"conda-forge"
"starrseq"	"polars-runtime-compat"	"1.43.2"	"py310h761ce75_0"	"conda-forge"
"starrseq"	"pthread-stubs"	"0.4"	"hb03c661_1003"	"conda-forge"
"starrseq"	"py2bit"	"1.0.1"	"py311hc303176_0"	"bioconda"
"starrseq"	"pyaml-env"	"1.2.2"	"pyhd8ed1ab_0"	"conda-forge"
"starrseq"	"pybigwig"	"0.3.25"	"py311h4721021_1"	"bioconda"
"starrseq"	"pydantic"	"2.13.4"	"pyhcf101f3_0"	"conda-forge"
"starrseq"	"pydantic-core"	"2.46.4"	"py311h902ca64_0"	"conda-forge"
"starrseq"	"pygments"	"2.20.0"	"pyhd8ed1ab_0"	"conda-forge"
"starrseq"	"pyparsing"	"3.3.2"	"pyhcf101f3_0"	"conda-forge"
"starrseq"	"pysam"	"0.24.0"	"py311h5f69268_1"	"bioconda"
"starrseq"	"pysocks"	"1.7.1"	"pyha55dd90_7"	"conda-forge"
"starrseq"	"python"	"3.11.15"	"h8ab3286_2_cpython"	"conda-forge"
"starrseq"	"python-dateutil"	"2.9.0.post0"	"pyhe01879c_2"	"conda-forge"
"starrseq"	"python-dotenv"	"1.2.2"	"pyhcf101f3_0"	"conda-forge"
"starrseq"	"python-gil"	"3.11.15"	"hd8ed1ab_2"	"conda-forge"
"starrseq"	"python-kaleido"	"0.2.1"	"pyhd8ed1ab_0"	"conda-forge"
"starrseq"	"python_abi"	"3.11"	"8_cp311"	"conda-forge"
"starrseq"	"pyyaml"	"6.0.3"	"py311h3778330_1"	"conda-forge"
"starrseq"	"qhull"	"2020.2"	"h434a139_5"	"conda-forge"
"starrseq"	"r-abind"	"1.4_8"	"r45hc72bb7e_1"	"conda-forge"
"starrseq"	"r-base"	"4.5.3"	"h502d0c9_3"	"conda-forge"
"starrseq"	"r-bh"	"1.90.0_1"	"r45hc72bb7e_0"	"conda-forge"
"starrseq"	"r-bitops"	"1.0_9"	"r45h54b55ab_1"	"conda-forge"
"starrseq"	"r-cli"	"3.6.6"	"r45h3697838_0"	"conda-forge"
"starrseq"	"r-codetools"	"0.2_20"	"r45hc72bb7e_2"	"conda-forge"
"starrseq"	"r-colorspace"	"2.1_3"	"r45h54b55ab_0"	"conda-forge"
"starrseq"	"r-cpp11"	"0.5.5"	"r45h785f33e_0"	"conda-forge"
"starrseq"	"r-crayon"	"1.5.3"	"r45hc72bb7e_2"	"conda-forge"
"starrseq"	"r-deldir"	"2.0_4"	"r45heaba542_2"	"conda-forge"
"starrseq"	"r-farver"	"2.1.2"	"r45h3697838_2"	"conda-forge"
"starrseq"	"r-formatr"	"1.14"	"r45hc72bb7e_3"	"conda-forge"
"starrseq"	"r-futile.logger"	"1.4.9"	"r45hc72bb7e_0"	"conda-forge"
"starrseq"	"r-futile.options"	"1.0.1"	"r45hc72bb7e_1006"	"conda-forge"
"starrseq"	"r-generics"	"0.1.4"	"r45hc72bb7e_1"	"conda-forge"
"starrseq"	"r-ggplot2"	"4.0.3"	"r45h785f33e_0"	"conda-forge"
"starrseq"	"r-glue"	"1.8.1"	"r45h54b55ab_0"	"conda-forge"
"starrseq"	"r-gtable"	"0.3.6"	"r45hc72bb7e_1"	"conda-forge"
"starrseq"	"r-hwriter"	"1.3.2.1"	"r45hc72bb7e_4"	"conda-forge"
"starrseq"	"r-interp"	"1.1_6"	"r45ha36cffa_3"	"conda-forge"
"starrseq"	"r-isoband"	"0.3.0"	"r45h3697838_0"	"conda-forge"
"starrseq"	"r-jpeg"	"0.1_11"	"r45hd0206f1_1"	"conda-forge"
"starrseq"	"r-labeling"	"0.4.3"	"r45hc72bb7e_2"	"conda-forge"
"starrseq"	"r-lambda.r"	"1.2.4"	"r45hc72bb7e_5"	"conda-forge"
"starrseq"	"r-lattice"	"0.22_9"	"r45h54b55ab_0"	"conda-forge"
"starrseq"	"r-latticeextra"	"0.6_31"	"r45hc72bb7e_0"	"conda-forge"
"starrseq"	"r-lifecycle"	"1.0.5"	"r45hc72bb7e_0"	"conda-forge"
"starrseq"	"r-locfit"	"1.5_9.12"	"r45h54b55ab_1"	"conda-forge"
"starrseq"	"r-magrittr"	"2.0.5"	"r45h54b55ab_0"	"conda-forge"
"starrseq"	"r-mass"	"7.3_66"	"r45h54b55ab_0"	"conda-forge"
"starrseq"	"r-matrix"	"1.7_5"	"r45h0e4624f_0"	"conda-forge"
"starrseq"	"r-matrixstats"	"1.5.0"	"r45h54b55ab_1"	"conda-forge"
"starrseq"	"r-munsell"	"0.5.1"	"r45hc72bb7e_2"	"conda-forge"
"starrseq"	"r-pheatmap"	"1.0.13"	"r45hc72bb7e_1"	"conda-forge"
"starrseq"	"r-plyr"	"1.8.9"	"r45h3697838_3"	"conda-forge"
"starrseq"	"r-png"	"0.1_9"	"r45haf2892b_0"	"conda-forge"
"starrseq"	"r-r6"	"2.6.1"	"r45hc72bb7e_1"	"conda-forge"
"starrseq"	"r-rcolorbrewer"	"1.1_3"	"r45h785f33e_4"	"conda-forge"
"starrseq"	"r-rcpp"	"1.1.2"	"r45h3697838_0"	"conda-forge"
"starrseq"	"r-rcppeigen"	"0.3.4.0.2"	"r45h3704496_1"	"conda-forge"
"starrseq"	"r-rcppparallel"	"5.1.11_2"	"r45h0d96847_0"	"conda-forge"
"starrseq"	"r-reshape2"	"1.4.5"	"r45h3697838_0"	"conda-forge"
"starrseq"	"r-rlang"	"1.3.0"	"r45h3697838_0"	"conda-forge"
"starrseq"	"r-s7"	"0.2.2"	"r45h54b55ab_0"	"conda-forge"
"starrseq"	"r-scales"	"1.4.0"	"r45hc72bb7e_1"	"conda-forge"
"starrseq"	"r-snow"	"0.4_4"	"r45hc72bb7e_4"	"conda-forge"
"starrseq"	"r-statmod"	"1.5.2"	"r45hb1d0f04_0"	"conda-forge"
"starrseq"	"r-stringi"	"1.8.9"	"r45h3d52c89_0"	"conda-forge"
"starrseq"	"r-stringr"	"1.6.0"	"r45h785f33e_0"	"conda-forge"
"starrseq"	"r-vctrs"	"0.7.3"	"r45h3697838_0"	"conda-forge"
"starrseq"	"r-viridislite"	"0.4.3"	"r45hc72bb7e_0"	"conda-forge"
"starrseq"	"r-withr"	"3.0.3"	"r45hc72bb7e_0"	"conda-forge"
"starrseq"	"readline"	"8.3"	"h853b02a_0"	"conda-forge"
"starrseq"	"referencing"	"0.37.0"	"pyhcf101f3_0"	"conda-forge"
"starrseq"	"regex"	"2026.7.19"	"py311h49ec1c0_0"	"conda-forge"
"starrseq"	"requests"	"2.34.2"	"pyhcf101f3_0"	"conda-forge"
"starrseq"	"rich"	"15.0.0"	"pyhcf101f3_0"	"conda-forge"
"starrseq"	"rich-click"	"1.9.8"	"pyh8f84b5b_0"	"conda-forge"
"starrseq"	"roman-numerals"	"4.1.0"	"pyhd8ed1ab_0"	"conda-forge"
"starrseq"	"rpds-py"	"2026.6.3"	"py311h1baac5b_0"	"conda-forge"
"starrseq"	"samtools"	"1.24"	"h9dcdb79_1"	"bioconda"
"starrseq"	"scipy"	"1.17.1"	"py311hbe70eeb_1"	"conda-forge"
"starrseq"	"sed"	"4.10"	"h19d0853_0"	"conda-forge"
"starrseq"	"setuptools"	"84.0.0"	"pyh332efcf_0"	"conda-forge"
"starrseq"	"six"	"1.17.0"	"pyhe01879c_1"	"conda-forge"
"starrseq"	"snowballstemmer"	"3.1.1"	"pyhd8ed1ab_0"	"conda-forge"
"starrseq"	"spectra"	"0.0.11"	"pyhd8ed1ab_2"	"conda-forge"
"starrseq"	"sphinx"	"9.0.4"	"pyhd8ed1ab_0"	"conda-forge"
"starrseq"	"sphinxcontrib-applehelp"	"2.0.0"	"pyhd8ed1ab_1"	"conda-forge"
"starrseq"	"sphinxcontrib-devhelp"	"2.0.0"	"pyhd8ed1ab_1"	"conda-forge"
"starrseq"	"sphinxcontrib-htmlhelp"	"2.1.0"	"pyhd8ed1ab_1"	"conda-forge"
"starrseq"	"sphinxcontrib-jsmath"	"1.0.1"	"pyhd8ed1ab_1"	"conda-forge"
"starrseq"	"sphinxcontrib-qthelp"	"2.0.0"	"pyhd8ed1ab_1"	"conda-forge"
"starrseq"	"sphinxcontrib-serializinghtml"	"2.0.0"	"pyhd8ed1ab_0"	"conda-forge"
"starrseq"	"sqlite"	"3.53.4"	"h04a0ce9_0"	"conda-forge"
"starrseq"	"sysroot_linux-64"	"2.17"	"h0157908_18"	"conda-forge"
"starrseq"	"tbb"	"2022.3.0"	"hb700be7_2"	"conda-forge"
"starrseq"	"tbb-devel"	"2022.3.0"	"h51de99f_2"	"conda-forge"
"starrseq"	"tiktoken"	"0.13.0"	"py311h5c31b33_0"	"conda-forge"
"starrseq"	"tk"	"8.6.13"	"noxft_hd70dff1_3"	"conda-forge"
"starrseq"	"tktable"	"2.10"	"h5a7a40f_8"	"conda-forge"
"starrseq"	"tomli"	"2.4.1"	"pyhcf101f3_0"	"conda-forge"
"starrseq"	"tqdm"	"4.70.0"	"pyh8f84b5b_0"	"conda-forge"
"starrseq"	"typeguard"	"4.6.0"	"pyhcf101f3_0"	"conda-forge"
"starrseq"	"typing-extensions"	"4.16.0"	"h69aa097_0"	"conda-forge"
"starrseq"	"typing-inspection"	"0.4.3"	"pyhcf101f3_0"	"conda-forge"
"starrseq"	"typing_extensions"	"4.16.0"	"pyhcf101f3_0"	"conda-forge"
"starrseq"	"tzdata"	"2026c"	"h151e31d_0"	"conda-forge"
"starrseq"	"unicodedata2"	"17.0.1"	"py311h49ec1c0_0"	"conda-forge"
"starrseq"	"urllib3"	"2.7.0"	"pyhd8ed1ab_0"	"conda-forge"
"starrseq"	"wheel"	"0.48.0"	"pyhd8ed1ab_0"	"conda-forge"
"starrseq"	"xorg-libice"	"1.1.2"	"h280c20c_0"	"conda-forge"
"starrseq"	"xorg-libsm"	"1.2.6"	"h0d788c3_1"	"conda-forge"
"starrseq"	"xorg-libx11"	"1.8.13"	"he1eb515_0"	"conda-forge"
"starrseq"	"xorg-libxau"	"1.0.12"	"hb03c661_2"	"conda-forge"
"starrseq"	"xorg-libxdmcp"	"1.1.5"	"hb03c661_2"	"conda-forge"
"starrseq"	"xorg-libxext"	"1.3.7"	"hb03c661_0"	"conda-forge"
"starrseq"	"xorg-libxfixes"	"6.0.2"	"hb03c661_0"	"conda-forge"
"starrseq"	"xorg-libxi"	"1.8.3"	"hb03c661_0"	"conda-forge"
"starrseq"	"xorg-libxrandr"	"1.5.5"	"hb03c661_0"	"conda-forge"
"starrseq"	"xorg-libxrender"	"0.9.12"	"hb9d3cd8_0"	"conda-forge"
"starrseq"	"xorg-libxt"	"1.3.1"	"hb9d3cd8_0"	"conda-forge"
"starrseq"	"xorg-libxtst"	"1.2.5"	"hb9d3cd8_3"	"conda-forge"
"starrseq"	"yaml"	"0.2.5"	"h280c20c_3"	"conda-forge"
"starrseq"	"zipp"	"4.1.0"	"pyhcf101f3_0"	"conda-forge"
"starrseq"	"zlib"	"1.3.2"	"h25fd6f3_3"	"conda-forge"
"starrseq"	"zlib-ng"	"2.3.3"	"hce19668_1"	"conda-forge"
"starrseq"	"zstd"	"1.5.7"	"hb78ec9c_7"	"conda-forge"
"track"	"_libgcc_mutex"	"0.1"	"conda_forge"	"conda-forge"
"track"	"_openmp_mutex"	"4.5"	"2_gnu"	"conda-forge"
"track"	"_r-mutex"	"1.0.1"	"anacondar_1"	"conda-forge"
"track"	"anyio"	"4.12.1"	"pypi_0"	"pypi"
"track"	"argcomplete"	"3.6.3"	"pyhd8ed1ab_0"	"conda-forge"
"track"	"argon2-cffi"	"25.1.0"	"pypi_0"	"pypi"
"track"	"argon2-cffi-bindings"	"25.1.0"	"pypi_0"	"pypi"
"track"	"arrow"	"1.4.0"	"pypi_0"	"pypi"
"track"	"asttokens"	"3.0.1"	"pypi_0"	"pypi"
"track"	"async-lru"	"2.0.5"	"pypi_0"	"pypi"
"track"	"attrs"	"25.4.0"	"pypi_0"	"pypi"
"track"	"babel"	"2.17.0"	"pypi_0"	"pypi"
"track"	"beautifulsoup4"	"4.14.3"	"pypi_0"	"pypi"
"track"	"binutils_impl_linux-64"	"2.45"	"default_hfdba357_105"	"conda-forge"
"track"	"bioconductor-biobase"	"2.66.0"	"r44h3df3fcb_0"	"bioconda"
"track"	"bioconductor-biocgenerics"	"0.52.0"	"r44hdfd78af_3"	"bioconda"
"track"	"bioconductor-biocio"	"1.16.0"	"r44hdfd78af_0"	"bioconda"
"track"	"bioconductor-biocparallel"	"1.40.0"	"r44he5774e6_1"	"bioconda"
"track"	"bioconductor-biostrings"	"2.74.0"	"r44h3df3fcb_1"	"bioconda"
"track"	"bioconductor-data-packages"	"20250625"	"hdfd78af_0"	"bioconda"
"track"	"bioconductor-delayedarray"	"0.32.0"	"r44h3df3fcb_1"	"bioconda"
"track"	"bioconductor-genomeinfodb"	"1.42.0"	"r44hdfd78af_2"	"bioconda"
"track"	"bioconductor-genomeinfodbdata"	"1.2.13"	"r44hdfd78af_0"	"bioconda"
"track"	"bioconductor-genomicalignments"	"1.42.0"	"r44h3df3fcb_1"	"bioconda"
"track"	"bioconductor-genomicranges"	"1.58.0"	"r44h3df3fcb_2"	"bioconda"
"track"	"bioconductor-iranges"	"2.40.0"	"r44h3df3fcb_2"	"bioconda"
"track"	"bioconductor-matrixgenerics"	"1.18.0"	"r44hdfd78af_0"	"bioconda"
"track"	"bioconductor-rhtslib"	"3.2.0"	"r44h15a9599_2"	"bioconda"
"track"	"bioconductor-rsamtools"	"2.22.0"	"r44h77050f0_1"	"bioconda"
"track"	"bioconductor-rtracklayer"	"1.66.0"	"r44h15a9599_1"	"bioconda"
"track"	"bioconductor-s4arrays"	"1.6.0"	"r44h3df3fcb_1"	"bioconda"
"track"	"bioconductor-s4vectors"	"0.44.0"	"r44h3df3fcb_2"	"bioconda"
"track"	"bioconductor-sparsearray"	"1.6.0"	"r44h3df3fcb_1"	"bioconda"
"track"	"bioconductor-summarizedexperiment"	"1.36.0"	"r44hdfd78af_0"	"bioconda"
"track"	"bioconductor-ucsc.utils"	"1.2.0"	"r44h9ee0642_1"	"bioconda"
"track"	"bioconductor-xvector"	"0.46.0"	"r44h15a9599_2"	"bioconda"
"track"	"bioconductor-zlibbioc"	"1.52.0"	"r44h3df3fcb_2"	"bioconda"
"track"	"bleach"	"6.3.0"	"pypi_0"	"pypi"
"track"	"brotli"	"1.2.0"	"pypi_0"	"pypi"
"track"	"bwidget"	"1.10.1"	"ha770c72_1"	"conda-forge"
"track"	"bzip2"	"1.0.8"	"hda65f42_8"	"conda-forge"
"track"	"c-ares"	"1.34.6"	"hb03c661_0"	"conda-forge"
"track"	"ca-certificates"	"2026.1.4"	"hbd8a1cb_0"	"conda-forge"
"track"	"cached-property"	"1.5.2"	"pypi_0"	"pypi"
"track"	"cairo"	"1.18.4"	"h3394656_0"	"conda-forge"
"track"	"certifi"	"2026.1.4"	"pypi_0"	"pypi"
"track"	"cffi"	"2.0.0"	"pypi_0"	"pypi"
"track"	"charset-normalizer"	"3.4.4"	"pypi_0"	"pypi"
"track"	"comm"	"0.2.3"	"pypi_0"	"pypi"
"track"	"curl"	"8.18.0"	"h4e3cde8_0"	"conda-forge"
"track"	"debugpy"	"1.8.18"	"pypi_0"	"pypi"
"track"	"decorator"	"5.2.1"	"pypi_0"	"pypi"
"track"	"defusedxml"	"0.7.1"	"pypi_0"	"pypi"
"track"	"exceptiongroup"	"1.3.1"	"pypi_0"	"pypi"
"track"	"executing"	"2.2.1"	"pypi_0"	"pypi"
"track"	"fastjsonschema"	"2.21.2"	"pypi_0"	"pypi"
"track"	"font-ttf-dejavu-sans-mono"	"2.37"	"hab24e00_0"	"conda-forge"
"track"	"font-ttf-inconsolata"	"3.000"	"h77eed37_0"	"conda-forge"
"track"	"font-ttf-source-code-pro"	"2.038"	"h77eed37_0"	"conda-forge"
"track"	"font-ttf-ubuntu"	"0.83"	"h77eed37_3"	"conda-forge"
"track"	"fontconfig"	"2.15.0"	"h7e30c49_1"	"conda-forge"
"track"	"fonts-conda-ecosystem"	"1"	"0"	"conda-forge"
"track"	"fonts-conda-forge"	"1"	"hc364b38_1"	"conda-forge"
"track"	"fqdn"	"1.5.1"	"pypi_0"	"pypi"
"track"	"freetype"	"2.14.1"	"ha770c72_0"	"conda-forge"
"track"	"fribidi"	"1.0.16"	"hb03c661_0"	"conda-forge"
"track"	"gcc_impl_linux-64"	"15.2.0"	"hc5723f1_16"	"conda-forge"
"track"	"gfortran_impl_linux-64"	"15.2.0"	"h281d09f_16"	"conda-forge"
"track"	"graphite2"	"1.3.14"	"hecca717_2"	"conda-forge"
"track"	"gsl"	"2.7"	"he838d99_0"	"conda-forge"
"track"	"gxx_impl_linux-64"	"15.2.0"	"hda75c37_16"	"conda-forge"
"track"	"h11"	"0.16.0"	"pypi_0"	"pypi"
"track"	"h2"	"4.3.0"	"pypi_0"	"pypi"
"track"	"harfbuzz"	"11.2.1"	"h3beb420_0"	"conda-forge"
"track"	"hdf5"	"1.14.3"	"nompi_h2d575fe_109"	"conda-forge"
"track"	"hpack"	"4.1.0"	"pypi_0"	"pypi"
"track"	"htslib"	"1.23"	"h566b1c6_0"	"bioconda"
"track"	"httpcore"	"1.0.9"	"pypi_0"	"pypi"
"track"	"httpx"	"0.28.1"	"pypi_0"	"pypi"
"track"	"hyperframe"	"6.1.0"	"pypi_0"	"pypi"
"track"	"icu"	"75.1"	"he02047a_0"	"conda-forge"
"track"	"idna"	"3.11"	"pypi_0"	"pypi"
"track"	"importlib-metadata"	"8.7.0"	"pypi_0"	"pypi"
"track"	"importlib-resources"	"6.5.2"	"pypi_0"	"pypi"
"track"	"ipykernel"	"7.1.0"	"pypi_0"	"pypi"
"track"	"ipython"	"9.9.0"	"pypi_0"	"pypi"
"track"	"ipython-pygments-lexers"	"1.1.1"	"pypi_0"	"pypi"
"track"	"isoduration"	"20.11.0"	"pypi_0"	"pypi"
"track"	"jedi"	"0.19.2"	"pypi_0"	"pypi"
"track"	"jinja2"	"3.1.6"	"pypi_0"	"pypi"
"track"	"jq"	"1.8.1"	"h73b1eb8_0"	"conda-forge"
"track"	"json5"	"0.13.0"	"pypi_0"	"pypi"
"track"	"jsonpointer"	"3.0.0"	"pypi_0"	"pypi"
"track"	"jsonschema"	"4.26.0"	"pypi_0"	"pypi"
"track"	"jsonschema-specifications"	"2025.9.1"	"pypi_0"	"pypi"
"track"	"jupyter-client"	"8.8.0"	"pypi_0"	"pypi"
"track"	"jupyter-core"	"5.9.1"	"pypi_0"	"pypi"
"track"	"jupyter-events"	"0.12.0"	"pypi_0"	"pypi"
"track"	"jupyter-lsp"	"2.3.0"	"pypi_0"	"pypi"
"track"	"jupyter-server"	"2.17.0"	"pypi_0"	"pypi"
"track"	"jupyter-server-terminals"	"0.5.3"	"pypi_0"	"pypi"
"track"	"jupyterlab"	"4.5.2"	"pypi_0"	"pypi"
"track"	"jupyterlab-pygments"	"0.3.0"	"pypi_0"	"pypi"
"track"	"jupyterlab-server"	"2.28.0"	"pypi_0"	"pypi"
"track"	"kernel-headers_linux-64"	"3.10.0"	"he073ed8_18"	"conda-forge"
"track"	"keyutils"	"1.6.3"	"hb9d3cd8_0"	"conda-forge"
"track"	"krb5"	"1.21.3"	"h659f571_0"	"conda-forge"
"track"	"lark"	"1.3.1"	"pypi_0"	"pypi"
"track"	"ld_impl_linux-64"	"2.45"	"default_hbd61a6d_105"	"conda-forge"
"track"	"lerc"	"4.0.0"	"h0aef613_1"	"conda-forge"
"track"	"libaec"	"1.1.4"	"h3f801dc_0"	"conda-forge"
"track"	"libblas"	"3.11.0"	"5_h4a7cf45_openblas"	"conda-forge"
"track"	"libcblas"	"3.11.0"	"5_h0358290_openblas"	"conda-forge"
"track"	"libcurl"	"8.18.0"	"h4e3cde8_0"	"conda-forge"
"track"	"libdeflate"	"1.22"	"hb9d3cd8_0"	"conda-forge"
"track"	"libedit"	"3.1.20250104"	"pl5321h7949ede_0"	"conda-forge"
"track"	"libev"	"4.33"	"hd590300_2"	"conda-forge"
"track"	"libexpat"	"2.7.3"	"hecca717_0"	"conda-forge"
"track"	"libffi"	"3.4.6"	"h2dba641_1"	"conda-forge"
"track"	"libfreetype"	"2.14.1"	"ha770c72_0"	"conda-forge"
"track"	"libfreetype6"	"2.14.1"	"h73754d4_0"	"conda-forge"
"track"	"libgcc"	"15.2.0"	"he0feb66_16"	"conda-forge"
"track"	"libgcc-devel_linux-64"	"15.2.0"	"hcc6f6b0_116"	"conda-forge"
"track"	"libgcc-ng"	"15.2.0"	"h69a702a_16"	"conda-forge"
"track"	"libgfortran"	"15.2.0"	"h69a702a_16"	"conda-forge"
"track"	"libgfortran-ng"	"15.2.0"	"h69a702a_16"	"conda-forge"
"track"	"libgfortran5"	"15.2.0"	"h68bc16d_16"	"conda-forge"
"track"	"libglib"	"2.84.1"	"h2ff4ddf_0"	"conda-forge"
"track"	"libgomp"	"15.2.0"	"he0feb66_16"	"conda-forge"
"track"	"libhwy"	"1.1.0"	"h00ab1b0_0"	"conda-forge"
"track"	"libiconv"	"1.18"	"h3b78370_2"	"conda-forge"
"track"	"libjpeg-turbo"	"3.1.2"	"hb03c661_0"	"conda-forge"
"track"	"liblapack"	"3.11.0"	"5_h47877c9_openblas"	"conda-forge"
"track"	"liblzma"	"5.8.1"	"hb9d3cd8_2"	"conda-forge"
"track"	"libmpdec"	"4.0.0"	"hb9d3cd8_0"	"conda-forge"
"track"	"libnghttp2"	"1.67.0"	"had1ee68_0"	"conda-forge"
"track"	"libopenblas"	"0.3.30"	"pthreads_h94d23a6_4"	"conda-forge"
"track"	"libpng"	"1.6.54"	"h421ea60_0"	"conda-forge"
"track"	"libsanitizer"	"15.2.0"	"h90f66d4_16"	"conda-forge"
"track"	"libsqlite"	"3.51.2"	"h0c1763c_0"	"conda-forge"
"track"	"libssh2"	"1.11.1"	"hcf80075_0"	"conda-forge"
"track"	"libstdcxx"	"15.2.0"	"h934c35e_16"	"conda-forge"
"track"	"libstdcxx-devel_linux-64"	"15.2.0"	"hd446a21_116"	"conda-forge"
"track"	"libstdcxx-ng"	"15.2.0"	"hdf11a46_16"	"conda-forge"
"track"	"libtiff"	"4.7.0"	"hc4654cb_2"	"conda-forge"
"track"	"libuuid"	"2.41.3"	"h5347b49_0"	"conda-forge"
"track"	"libwebp-base"	"1.6.0"	"hd42ef1d_0"	"conda-forge"
"track"	"libxcb"	"1.17.0"	"h8a09558_0"	"conda-forge"
"track"	"libxml2"	"2.15.1"	"h26afc86_0"	"conda-forge"
"track"	"libxml2-16"	"2.15.1"	"ha9997c6_0"	"conda-forge"
"track"	"libxml2-devel"	"2.15.1"	"h26afc86_0"	"conda-forge"
"track"	"libzlib"	"1.3.1"	"hb9d3cd8_2"	"conda-forge"
"track"	"make"	"4.4.1"	"hb9d3cd8_2"	"conda-forge"
"track"	"markupsafe"	"3.0.3"	"pypi_0"	"pypi"
"track"	"matplotlib-inline"	"0.2.1"	"pypi_0"	"pypi"
"track"	"mistune"	"3.2.0"	"pypi_0"	"pypi"
"track"	"nbclient"	"0.10.4"	"pypi_0"	"pypi"
"track"	"nbconvert"	"7.16.6"	"pypi_0"	"pypi"
"track"	"nbformat"	"5.10.4"	"pypi_0"	"pypi"
"track"	"ncurses"	"6.5"	"h2d0b736_3"	"conda-forge"
"track"	"nest-asyncio"	"1.6.0"	"pypi_0"	"pypi"
"track"	"notebook"	"7.5.2"	"pypi_0"	"pypi"
"track"	"notebook-shim"	"0.2.4"	"pypi_0"	"pypi"
"track"	"oniguruma"	"6.9.10"	"hb9d3cd8_0"	"conda-forge"
"track"	"openssl"	"3.6.0"	"h26f9b46_0"	"conda-forge"
"track"	"overrides"	"7.7.0"	"pypi_0"	"pypi"
"track"	"packaging"	"25.0"	"pypi_0"	"pypi"
"track"	"pandocfilters"	"1.5.0"	"pypi_0"	"pypi"
"track"	"pango"	"1.56.3"	"h9ac818e_1"	"conda-forge"
"track"	"parso"	"0.8.5"	"pypi_0"	"pypi"
"track"	"pcre2"	"10.44"	"hc749103_2"	"conda-forge"
"track"	"pexpect"	"4.9.0"	"pypi_0"	"pypi"
"track"	"pip"	"25.3"	"pyh145f28c_0"	"conda-forge"
"track"	"pixman"	"0.46.4"	"h54a6638_1"	"conda-forge"
"track"	"platformdirs"	"4.5.1"	"pypi_0"	"pypi"
"track"	"prometheus-client"	"0.24.0"	"pypi_0"	"pypi"
"track"	"prompt-toolkit"	"3.0.52"	"pypi_0"	"pypi"
"track"	"psutil"	"7.2.1"	"pypi_0"	"pypi"
"track"	"pthread-stubs"	"0.4"	"hb9d3cd8_1002"	"conda-forge"
"track"	"ptyprocess"	"0.7.0"	"pypi_0"	"pypi"
"track"	"pure-eval"	"0.2.3"	"pypi_0"	"pypi"
"track"	"pycparser"	"2.22"	"pypi_0"	"pypi"
"track"	"pygments"	"2.19.2"	"pypi_0"	"pypi"
"track"	"pysocks"	"1.7.1"	"pypi_0"	"pypi"
"track"	"python"	"3.14.0"	"h5989046_101_cp314"	"conda-forge"
"track"	"python-dateutil"	"2.9.0.post0"	"pypi_0"	"pypi"
"track"	"python-json-logger"	"2.0.7"	"pypi_0"	"pypi"
"track"	"python_abi"	"3.14"	"8_cp314"	"conda-forge"
"track"	"pytz"	"2025.2"	"pypi_0"	"pypi"
"track"	"pyyaml"	"6.0.3"	"pyh7db6752_0"	"conda-forge"
"track"	"pyzmq"	"27.1.0"	"pypi_0"	"pypi"
"track"	"r-abind"	"1.4_8"	"r44hc72bb7e_1"	"conda-forge"
"track"	"r-askpass"	"1.2.1"	"r44h54b55ab_1"	"conda-forge"
"track"	"r-assertthat"	"0.2.1"	"r44hc72bb7e_6"	"conda-forge"
"track"	"r-base"	"4.4.2"	"hbab086e_1"	"conda-forge"
"track"	"r-base64enc"	"0.1_3"	"r44h54b55ab_1008"	"conda-forge"
"track"	"r-beeswarm"	"0.4.0"	"r44h54b55ab_5"	"conda-forge"
"track"	"r-bh"	"1.87.0_1"	"r44hc72bb7e_1"	"conda-forge"
"track"	"r-bit"	"4.6.0"	"r44h54b55ab_1"	"conda-forge"
"track"	"r-bit64"	"4.6.0_1"	"r44h54b55ab_1"	"conda-forge"
"track"	"r-bitops"	"1.0_9"	"r44h54b55ab_1"	"conda-forge"
"track"	"r-bpcells"	"0.3.1"	"r44h89edbeb_0"	"bioconda"
"track"	"r-cairo"	"1.6_2"	"r44ha60ca25_3"	"conda-forge"
"track"	"r-cli"	"3.6.5"	"r44h3697838_1"	"conda-forge"
"track"	"r-clipr"	"0.8.0"	"r44hc72bb7e_4"	"conda-forge"
"track"	"r-codetools"	"0.2_20"	"r44hc72bb7e_2"	"conda-forge"
"track"	"r-colorspace"	"2.1_2"	"r44h54b55ab_0"	"conda-forge"
"track"	"r-cpp11"	"0.5.2"	"r44h785f33e_2"	"conda-forge"
"track"	"r-crayon"	"1.5.3"	"r44hc72bb7e_2"	"conda-forge"
"track"	"r-curl"	"7.0.0"	"r44h10955f1_1"	"conda-forge"
"track"	"r-data.table"	"1.17.8"	"r44h1c8cec4_1"	"conda-forge"
"track"	"r-dplyr"	"1.1.4"	"r44h3697838_2"	"conda-forge"
"track"	"r-ellipsis"	"0.3.2"	"r44h54b55ab_4"	"conda-forge"
"track"	"r-fansi"	"1.0.7"	"r44h54b55ab_0"	"conda-forge"
"track"	"r-farver"	"2.1.2"	"r44h3697838_2"	"conda-forge"
"track"	"r-formatr"	"1.14"	"r44hc72bb7e_3"	"conda-forge"
"track"	"r-futile.logger"	"1.4.9"	"r44hc72bb7e_0"	"conda-forge"
"track"	"r-futile.options"	"1.0.1"	"r44hc72bb7e_1006"	"conda-forge"
"track"	"r-generics"	"0.1.4"	"r44hc72bb7e_1"	"conda-forge"
"track"	"r-getopt"	"1.20.4"	"r44ha770c72_2"	"conda-forge"
"track"	"r-ggbeeswarm"	"0.7.3"	"r44hc72bb7e_0"	"conda-forge"
"track"	"r-ggplot2"	"4.0.1"	"r44h785f33e_0"	"conda-forge"
"track"	"r-ggrastr"	"1.0.2"	"r44hc72bb7e_3"	"conda-forge"
"track"	"r-ggrepel"	"0.9.6"	"r44h3697838_2"	"conda-forge"
"track"	"r-ggseqlogo"	"0.2.2"	"r44hc72bb7e_0"	"conda-forge"
"track"	"r-glue"	"1.8.0"	"r44h54b55ab_1"	"conda-forge"
"track"	"r-gtable"	"0.3.6"	"r44hc72bb7e_1"	"conda-forge"
"track"	"r-hexbin"	"1.28.5"	"r44heaba542_1"	"conda-forge"
"track"	"r-hms"	"1.1.4"	"r44hc72bb7e_0"	"conda-forge"
"track"	"r-httr"	"1.4.7"	"r44hc72bb7e_2"	"conda-forge"
"track"	"r-isoband"	"0.3.0"	"r44h3697838_0"	"conda-forge"
"track"	"r-jsonlite"	"2.0.0"	"r44h54b55ab_1"	"conda-forge"
"track"	"r-labeling"	"0.4.3"	"r44hc72bb7e_2"	"conda-forge"
"track"	"r-lambda.r"	"1.2.4"	"r44hc72bb7e_5"	"conda-forge"
"track"	"r-lattice"	"0.22_7"	"r44h54b55ab_1"	"conda-forge"
"track"	"r-lifecycle"	"1.0.5"	"r44hc72bb7e_0"	"conda-forge"
"track"	"r-magrittr"	"2.0.4"	"r44h54b55ab_0"	"conda-forge"
"track"	"r-matrix"	"1.7_4"	"r44h0e4624f_1"	"conda-forge"
"track"	"r-matrixstats"	"1.5.0"	"r44h54b55ab_1"	"conda-forge"
"track"	"r-mime"	"0.13"	"r44h54b55ab_1"	"conda-forge"
"track"	"r-munsell"	"0.5.1"	"r44hc72bb7e_2"	"conda-forge"
"track"	"r-openssl"	"2.3.4"	"r44h50f7d53_0"	"conda-forge"
"track"	"r-optparse"	"1.7.5"	"r44hc72bb7e_2"	"conda-forge"
"track"	"r-patchwork"	"1.3.2"	"r44hc72bb7e_1"	"conda-forge"
"track"	"r-pillar"	"1.11.1"	"r44hc72bb7e_0"	"conda-forge"
"track"	"r-pkgconfig"	"2.0.3"	"r44hc72bb7e_5"	"conda-forge"
"track"	"r-png"	"0.1_8"	"r44h6b2d295_3"	"conda-forge"
"track"	"r-prettyunits"	"1.2.0"	"r44hc72bb7e_2"	"conda-forge"
"track"	"r-progress"	"1.2.3"	"r44hc72bb7e_2"	"conda-forge"
"track"	"r-purrr"	"1.2.1"	"r44h54b55ab_0"	"conda-forge"
"track"	"r-r6"	"2.6.1"	"r44hc72bb7e_1"	"conda-forge"
"track"	"r-ragg"	"1.5.0"	"r44h9f1dc4d_1"	"conda-forge"
"track"	"r-rcolorbrewer"	"1.1_3"	"r44h785f33e_4"	"conda-forge"
"track"	"r-rcpp"	"1.1.1"	"r44h3697838_0"	"conda-forge"
"track"	"r-rcurl"	"1.98_1.17"	"r44h46721d4_2"	"conda-forge"
"track"	"r-readr"	"2.1.6"	"r44h3697838_0"	"conda-forge"
"track"	"r-restfulr"	"0.0.16"	"r44h5ef9028_0"	"bioconda"
"track"	"r-rjson"	"0.2.23"	"r44h3697838_1"	"conda-forge"
"track"	"r-rlang"	"1.1.7"	"r44h3697838_0"	"conda-forge"
"track"	"r-s7"	"0.2.1"	"r44h54b55ab_0"	"conda-forge"
"track"	"r-scales"	"1.4.0"	"r44hc72bb7e_1"	"conda-forge"
"track"	"r-scattermore"	"1.2"	"r44h3697838_5"	"conda-forge"
"track"	"r-snow"	"0.4_4"	"r44hc72bb7e_4"	"conda-forge"
"track"	"r-stringi"	"1.8.7"	"r44h2dae267_1"	"conda-forge"
"track"	"r-stringr"	"1.6.0"	"r44h785f33e_0"	"conda-forge"
"track"	"r-sys"	"3.4.3"	"r44h54b55ab_1"	"conda-forge"
"track"	"r-systemfonts"	"1.3.1"	"r44h74f4acd_0"	"conda-forge"
"track"	"r-textshaping"	"1.0.1"	"r44h16f7c1a_0"	"conda-forge"
"track"	"r-tibble"	"3.3.1"	"r44h54b55ab_0"	"conda-forge"
"track"	"r-tidyr"	"1.3.2"	"r44h3697838_0"	"conda-forge"
"track"	"r-tidyselect"	"1.2.1"	"r44hc72bb7e_2"	"conda-forge"
"track"	"r-tzdb"	"0.5.0"	"r44h3697838_2"	"conda-forge"
"track"	"r-utf8"	"1.2.6"	"r44h54b55ab_1"	"conda-forge"
"track"	"r-vctrs"	"0.6.5"	"r44h3697838_2"	"conda-forge"
"track"	"r-vipor"	"0.4.7"	"r44hc72bb7e_2"	"conda-forge"
"track"	"r-viridislite"	"0.4.2"	"r44hc72bb7e_3"	"conda-forge"
"track"	"r-vroom"	"1.6.7"	"r44h3697838_0"	"conda-forge"
"track"	"r-withr"	"3.0.2"	"r44hc72bb7e_1"	"conda-forge"
"track"	"r-xml"	"3.99_0.20"	"r44hf705907_0"	"conda-forge"
"track"	"r-yaml"	"2.3.12"	"r44h54b55ab_0"	"conda-forge"
"track"	"readline"	"8.3"	"h853b02a_0"	"conda-forge"
"track"	"referencing"	"0.37.0"	"pypi_0"	"pypi"
"track"	"requests"	"2.32.5"	"pypi_0"	"pypi"
"track"	"rfc3339-validator"	"0.1.4"	"pypi_0"	"pypi"
"track"	"rfc3986-validator"	"0.1.1"	"pypi_0"	"pypi"
"track"	"rfc3987-syntax"	"1.1.0"	"pypi_0"	"pypi"
"track"	"rpds-py"	"0.30.0"	"pypi_0"	"pypi"
"track"	"samtools"	"1.23"	"h96c455f_0"	"bioconda"
"track"	"sed"	"4.9"	"h6688a6e_0"	"conda-forge"
"track"	"send2trash"	"2.1.0"	"pypi_0"	"pypi"
"track"	"setuptools"	"80.9.0"	"pyhff2d567_0"	"conda-forge"
"track"	"six"	"1.17.0"	"pypi_0"	"pypi"
"track"	"sniffio"	"1.3.1"	"pypi_0"	"pypi"
"track"	"soupsieve"	"2.8.1"	"pypi_0"	"pypi"
"track"	"stack-data"	"0.6.3"	"pypi_0"	"pypi"
"track"	"sysroot_linux-64"	"2.17"	"h0157908_18"	"conda-forge"
"track"	"tabix"	"1.11"	"hdfd78af_0"	"bioconda"
"track"	"terminado"	"0.18.1"	"pypi_0"	"pypi"
"track"	"tinycss2"	"1.5.1"	"pypi_0"	"pypi"
"track"	"tk"	"8.6.13"	"noxft_ha0e22de_103"	"conda-forge"
"track"	"tktable"	"2.10"	"h8d826fa_7"	"conda-forge"
"track"	"toml"	"0.10.2"	"pyhcf101f3_3"	"conda-forge"
"track"	"tomli"	"2.4.0"	"pypi_0"	"pypi"
"track"	"tomlkit"	"0.13.3"	"pyha770c72_0"	"conda-forge"
"track"	"tornado"	"6.5.3"	"pypi_0"	"pypi"
"track"	"traitlets"	"5.14.3"	"pypi_0"	"pypi"
"track"	"typing-extensions"	"4.15.0"	"pypi_0"	"pypi"
"track"	"typing-utils"	"0.1.0"	"pypi_0"	"pypi"
"track"	"tzdata"	"2025.3"	"pypi_0"	"pypi"
"track"	"uri-template"	"1.3.0"	"pypi_0"	"pypi"
"track"	"urllib3"	"2.6.3"	"pypi_0"	"pypi"
"track"	"wcwidth"	"0.2.14"	"pypi_0"	"pypi"
"track"	"webcolors"	"25.10.0"	"pypi_0"	"pypi"
"track"	"webencodings"	"0.5.1"	"pypi_0"	"pypi"
"track"	"websocket-client"	"1.9.0"	"pypi_0"	"pypi"
"track"	"xmltodict"	"1.0.2"	"pyhcf101f3_0"	"conda-forge"
"track"	"xorg-libice"	"1.1.2"	"hb9d3cd8_0"	"conda-forge"
"track"	"xorg-libsm"	"1.2.6"	"he73a12e_0"	"conda-forge"
"track"	"xorg-libx11"	"1.8.12"	"h4f16b4b_0"	"conda-forge"
"track"	"xorg-libxau"	"1.0.12"	"hb03c661_1"	"conda-forge"
"track"	"xorg-libxdmcp"	"1.1.5"	"hb03c661_1"	"conda-forge"
"track"	"xorg-libxext"	"1.3.6"	"hb9d3cd8_0"	"conda-forge"
"track"	"xorg-libxrender"	"0.9.12"	"hb9d3cd8_0"	"conda-forge"
"track"	"xorg-libxt"	"1.3.1"	"hb9d3cd8_0"	"conda-forge"
"track"	"yaml"	"0.2.5"	"h280c20c_3"	"conda-forge"
"track"	"yq"	"3.4.3"	"pyhe01879c_2"	"conda-forge"
"track"	"zipp"	"3.23.0"	"pypi_0"	"pypi"
"track"	"zstd"	"1.5.7"	"hb78ec9c_6"	"conda-forge"
"variant_scorer"	"_openmp_mutex"	"4.5"	"20_gnu"	"conda-forge"
"variant_scorer"	"abseil-cpp"	"20210324.2"	"h9c3ff4c_0"	"conda-forge"
"variant_scorer"	"absl-py"	"2.1.0"	"pyhd8ed1ab_0"	"conda-forge"
"variant_scorer"	"aiohappyeyeballs"	"2.4.3"	"pyhd8ed1ab_0"	"conda-forge"
"variant_scorer"	"aiohttp"	"3.10.5"	"py38h2019614_0"	"conda-forge"
"variant_scorer"	"aiosignal"	"1.3.1"	"pyhd8ed1ab_0"	"conda-forge"
"variant_scorer"	"astunparse"	"1.6.3"	"pyhd8ed1ab_2"	"conda-forge"
"variant_scorer"	"async-timeout"	"4.0.3"	"pyhd8ed1ab_0"	"conda-forge"
"variant_scorer"	"attrs"	"24.2.0"	"pyh71513ae_0"	"conda-forge"
"variant_scorer"	"bcftools"	"1.3.1"	"h5bf99c6_7"	"bioconda"
"variant_scorer"	"bedtools"	"2.31.1"	"hf5e1c6e_2"	"bioconda"
"variant_scorer"	"blinker"	"1.8.2"	"pyhd8ed1ab_0"	"conda-forge"
"variant_scorer"	"blosc"	"1.21.5"	"h0f2a231_0"	"conda-forge"
"variant_scorer"	"brotli-python"	"1.1.0"	"py38h17151c0_1"	"conda-forge"
"variant_scorer"	"bzip2"	"1.0.8"	"hda65f42_9"	"conda-forge"
"variant_scorer"	"c-ares"	"1.34.6"	"hb03c661_0"	"conda-forge"
"variant_scorer"	"c-blosc2"	"2.12.0"	"hb4ffafa_0"	"conda-forge"
"variant_scorer"	"ca-certificates"	"2026.2.25"	"hbd8a1cb_0"	"conda-forge"
"variant_scorer"	"cached-property"	"1.5.2"	"hd8ed1ab_1"	"conda-forge"
"variant_scorer"	"cached_property"	"1.5.2"	"pyha770c72_1"	"conda-forge"
"variant_scorer"	"cachetools"	"5.5.0"	"pyhd8ed1ab_0"	"conda-forge"
"variant_scorer"	"certifi"	"2024.8.30"	"pyhd8ed1ab_0"	"conda-forge"
"variant_scorer"	"cffi"	"1.17.0"	"py38heb5c249_0"	"conda-forge"
"variant_scorer"	"charset-normalizer"	"3.4.0"	"pyhd8ed1ab_0"	"conda-forge"
"variant_scorer"	"click"	"8.1.7"	"unix_pyh707e725_0"	"conda-forge"
"variant_scorer"	"cloudpickle"	"3.1.2"	"pypi_0"	"pypi"
"variant_scorer"	"cryptography"	"39.0.0"	"py38h1724139_0"	"conda-forge"
"variant_scorer"	"curl"	"7.87.0"	"h6312ad2_0"	"conda-forge"
"variant_scorer"	"decorator"	"5.2.1"	"pypi_0"	"pypi"
"variant_scorer"	"deep"	"0.10"	"pypi_0"	"pypi"
"variant_scorer"	"deepdish"	"0.3.7"	"pypi_0"	"pypi"
"variant_scorer"	"deeplift"	"0.6.13.0"	"pypi_0"	"pypi"
"variant_scorer"	"dm-tree"	"0.1.8"	"pypi_0"	"pypi"
"variant_scorer"	"frozenlist"	"1.4.1"	"py38h01eb140_0"	"conda-forge"
"variant_scorer"	"gast"	"0.5.5"	"pyhd8ed1ab_0"	"conda-forge"
"variant_scorer"	"giflib"	"5.2.2"	"hd590300_0"	"conda-forge"
"variant_scorer"	"google-auth"	"2.35.0"	"pyhff2d567_0"	"conda-forge"
"variant_scorer"	"google-auth-oauthlib"	"0.4.6"	"pyhd8ed1ab_0"	"conda-forge"
"variant_scorer"	"google-pasta"	"0.2.0"	"pyhd8ed1ab_1"	"conda-forge"
"variant_scorer"	"grpc-cpp"	"1.43.2"	"h9e046d8_3"	"conda-forge"
"variant_scorer"	"grpcio"	"1.43.0"	"py38hdd6454d_0"	"conda-forge"
"variant_scorer"	"h2"	"4.1.0"	"pyhd8ed1ab_0"	"conda-forge"
"variant_scorer"	"h5py"	"3.9.0"	"nompi_py38h89e2d6c_100"	"conda-forge"
"variant_scorer"	"hdf5"	"1.14.0"	"nompi_h5231ba7_103"	"conda-forge"
"variant_scorer"	"hpack"	"4.0.0"	"pyh9f0ad1d_0"	"conda-forge"
"variant_scorer"	"htslib"	"1.3.1"	"h9071d68_6"	"bioconda"
"variant_scorer"	"hyperframe"	"6.0.1"	"pyhd8ed1ab_0"	"conda-forge"
"variant_scorer"	"icu"	"70.1"	"h27087fc_0"	"conda-forge"
"variant_scorer"	"idna"	"3.10"	"pyhd8ed1ab_0"	"conda-forge"
"variant_scorer"	"importlib-metadata"	"8.5.0"	"pyha770c72_0"	"conda-forge"
"variant_scorer"	"joblib"	"1.4.2"	"pypi_0"	"pypi"
"variant_scorer"	"jpeg"	"9e"	"h0b41bf4_3"	"conda-forge"
"variant_scorer"	"keras"	"2.8.0"	"pyhd8ed1ab_0"	"conda-forge"
"variant_scorer"	"keras-preprocessing"	"1.1.2"	"pyhd8ed1ab_0"	"conda-forge"
"variant_scorer"	"keyutils"	"1.6.3"	"hb9d3cd8_0"	"conda-forge"
"variant_scorer"	"krb5"	"1.20.1"	"hf9c8cef_0"	"conda-forge"
"variant_scorer"	"ld_impl_linux-64"	"2.45.1"	"bootstrap_ha15bf96_1"	"conda-forge"
"variant_scorer"	"libaec"	"1.1.5"	"h088129d_0"	"conda-forge"
"variant_scorer"	"libblas"	"3.9.0"	"20_linux64_openblas"	"conda-forge"
"variant_scorer"	"libcblas"	"3.9.0"	"20_linux64_openblas"	"conda-forge"
"variant_scorer"	"libcurl"	"7.87.0"	"h6312ad2_0"	"conda-forge"
"variant_scorer"	"libdeflate"	"1.25"	"h17f619e_0"	"conda-forge"
"variant_scorer"	"libedit"	"3.1.20250104"	"pl5321h7949ede_0"	"conda-forge"
"variant_scorer"	"libev"	"4.33"	"hd590300_2"	"conda-forge"
"variant_scorer"	"libffi"	"3.5.2"	"h3435931_0"	"conda-forge"
"variant_scorer"	"libgcc"	"15.2.0"	"he0feb66_18"	"conda-forge"
"variant_scorer"	"libgcc-ng"	"15.2.0"	"h69a702a_18"	"conda-forge"
"variant_scorer"	"libgfortran"	"15.2.0"	"h69a702a_18"	"conda-forge"
"variant_scorer"	"libgfortran-ng"	"15.2.0"	"h69a702a_18"	"conda-forge"
"variant_scorer"	"libgfortran5"	"15.2.0"	"h68bc16d_18"	"conda-forge"
"variant_scorer"	"libgomp"	"15.2.0"	"he0feb66_18"	"conda-forge"
"variant_scorer"	"liblapack"	"3.9.0"	"20_linux64_openblas"	"conda-forge"
"variant_scorer"	"liblzma"	"5.8.2"	"hb03c661_0"	"conda-forge"
"variant_scorer"	"liblzma-devel"	"5.8.2"	"hb03c661_0"	"conda-forge"
"variant_scorer"	"libnghttp2"	"1.51.0"	"hdcd2b5c_0"	"conda-forge"
"variant_scorer"	"libnsl"	"2.0.1"	"hb9d3cd8_1"	"conda-forge"
"variant_scorer"	"libopenblas"	"0.3.25"	"pthreads_h413a1c8_0"	"conda-forge"
"variant_scorer"	"libpng"	"1.6.43"	"h2797004_0"	"conda-forge"
"variant_scorer"	"libprotobuf"	"3.19.6"	"h3eb15da_0"	"conda-forge"
"variant_scorer"	"libsqlite"	"3.46.0"	"hde9e2c9_0"	"conda-forge"
"variant_scorer"	"libssh2"	"1.10.0"	"haa6b8db_3"	"conda-forge"
"variant_scorer"	"libstdcxx"	"15.2.0"	"h934c35e_18"	"conda-forge"
"variant_scorer"	"libstdcxx-ng"	"15.2.0"	"hdf11a46_18"	"conda-forge"
"variant_scorer"	"libuuid"	"2.41.3"	"h5347b49_0"	"conda-forge"
"variant_scorer"	"libxcrypt"	"4.4.36"	"hd590300_1"	"conda-forge"
"variant_scorer"	"libzlib"	"1.2.13"	"h4ab18f5_6"	"conda-forge"
"variant_scorer"	"llvmlite"	"0.41.1"	"pypi_0"	"pypi"
"variant_scorer"	"lz4-c"	"1.9.4"	"hcb278e6_0"	"conda-forge"
"variant_scorer"	"lzo"	"2.10"	"h280c20c_1002"	"conda-forge"
"variant_scorer"	"markdown"	"3.6"	"pyhd8ed1ab_0"	"conda-forge"
"variant_scorer"	"markupsafe"	"2.1.5"	"py38h01eb140_0"	"conda-forge"
"variant_scorer"	"multidict"	"6.0.5"	"py38h01eb140_0"	"conda-forge"
"variant_scorer"	"ncurses"	"6.5"	"h2d0b736_3"	"conda-forge"
"variant_scorer"	"nomkl"	"1.0"	"h5ca1d4c_0"	"conda-forge"
"variant_scorer"	"numba"	"0.58.1"	"pypi_0"	"pypi"
"variant_scorer"	"numexpr"	"2.8.4"	"py38hb2af0cf_101"	"conda-forge"
"variant_scorer"	"numpy"	"1.23.5"	"py38h7042d01_0"	"conda-forge"
"variant_scorer"	"oauthlib"	"3.2.2"	"pyhd8ed1ab_0"	"conda-forge"
"variant_scorer"	"openssl"	"1.1.1w"	"hd590300_0"	"conda-forge"
"variant_scorer"	"opt_einsum"	"3.4.0"	"pyhd8ed1ab_0"	"conda-forge"
"variant_scorer"	"packaging"	"26.0"	"pyhcf101f3_0"	"conda-forge"
"variant_scorer"	"pandas"	"2.0.3"	"py38h01efb38_1"	"conda-forge"
"variant_scorer"	"pip"	"25.0.1"	"pypi_0"	"pypi"
"variant_scorer"	"platformdirs"	"4.3.6"	"pyhd8ed1ab_0"	"conda-forge"
"variant_scorer"	"pooch"	"1.8.2"	"pyhd8ed1ab_0"	"conda-forge"
"variant_scorer"	"protobuf"	"3.19.6"	"py38h8dc9893_0"	"conda-forge"
"variant_scorer"	"py-cpuinfo"	"9.0.0"	"pyhd8ed1ab_0"	"conda-forge"
"variant_scorer"	"pyasn1"	"0.6.1"	"pyhd8ed1ab_1"	"conda-forge"
"variant_scorer"	"pyasn1-modules"	"0.4.1"	"pyhd8ed1ab_0"	"conda-forge"
"variant_scorer"	"pybedtools"	"0.10.0"	"py38hd638cd3_2"	"bioconda"
"variant_scorer"	"pycparser"	"2.22"	"pyhd8ed1ab_0"	"conda-forge"
"variant_scorer"	"pyfaidx"	"0.9.0.3"	"pypi_0"	"pypi"
"variant_scorer"	"pyjwt"	"2.9.0"	"pyhd8ed1ab_1"	"conda-forge"
"variant_scorer"	"pyopenssl"	"23.2.0"	"pyhd8ed1ab_1"	"conda-forge"
"variant_scorer"	"pysam"	"0.9.1"	"py38h211dd88_12"	"bioconda"
"variant_scorer"	"pysocks"	"1.7.1"	"pyha2e5f31_6"	"conda-forge"
"variant_scorer"	"pytables"	"3.8.0"	"py38h606e206_4"	"conda-forge"
"variant_scorer"	"python"	"3.8.15"	"h257c98d_0_cpython"	"conda-forge"
"variant_scorer"	"python-dateutil"	"2.9.0"	"pyhd8ed1ab_0"	"conda-forge"
"variant_scorer"	"python-flatbuffers"	"24.3.25"	"pyh59ac667_0"	"conda-forge"
"variant_scorer"	"python-tzdata"	"2024.2"	"pyhd8ed1ab_0"	"conda-forge"
"variant_scorer"	"python_abi"	"3.8"	"8_cp38"	"conda-forge"
"variant_scorer"	"pytz"	"2024.2"	"pyhd8ed1ab_0"	"conda-forge"
"variant_scorer"	"pyu2f"	"0.1.5"	"pyhd8ed1ab_0"	"conda-forge"
"variant_scorer"	"re2"	"2022.02.01"	"h9c3ff4c_0"	"conda-forge"
"variant_scorer"	"readline"	"8.3"	"h853b02a_0"	"conda-forge"
"variant_scorer"	"requests"	"2.32.3"	"pyhd8ed1ab_0"	"conda-forge"
"variant_scorer"	"requests-oauthlib"	"2.0.0"	"pyhd8ed1ab_0"	"conda-forge"
"variant_scorer"	"rsa"	"4.9"	"pyhd8ed1ab_0"	"conda-forge"
"variant_scorer"	"samtools"	"1.3.1"	"h9071d68_10"	"bioconda"
"variant_scorer"	"scikit-learn"	"1.3.2"	"pypi_0"	"pypi"
"variant_scorer"	"scipy"	"1.10.1"	"py38h59b608b_3"	"conda-forge"
"variant_scorer"	"setuptools"	"75.3.4"	"pypi_0"	"pypi"
"variant_scorer"	"shap"	"0.44.1"	"pypi_0"	"pypi"
"variant_scorer"	"six"	"1.16.0"	"pyh6c4a22f_0"	"conda-forge"
"variant_scorer"	"slicer"	"0.0.7"	"pypi_0"	"pypi"
"variant_scorer"	"snappy"	"1.1.10"	"hdb0a2a9_1"	"conda-forge"
"variant_scorer"	"sqlite"	"3.46.0"	"h6d4b2fc_0"	"conda-forge"
"variant_scorer"	"tensorboard"	"2.8.0"	"pyhd8ed1ab_1"	"conda-forge"
"variant_scorer"	"tensorboard-data-server"	"0.6.1"	"py38h2b5fc30_4"	"conda-forge"
"variant_scorer"	"tensorboard-plugin-wit"	"1.8.1"	"pyhd8ed1ab_0"	"conda-forge"
"variant_scorer"	"tensorflow"	"2.8.0"	"cpu_py38h66f0ec1_0"	"conda-forge"
"variant_scorer"	"tensorflow-base"	"2.8.0"	"cpu_py38hdf8f09a_0"	"conda-forge"
"variant_scorer"	"tensorflow-estimator"	"2.8.0"	"cpu_py38h4e23bc6_0"	"conda-forge"
"variant_scorer"	"tensorflow-probability"	"0.16.0"	"pypi_0"	"pypi"
"variant_scorer"	"termcolor"	"2.4.0"	"pyhd8ed1ab_0"	"conda-forge"
"variant_scorer"	"threadpoolctl"	"3.5.0"	"pypi_0"	"pypi"
"variant_scorer"	"tk"	"8.6.13"	"noxft_h4845f30_101"	"conda-forge"
"variant_scorer"	"tqdm"	"4.67.3"	"pypi_0"	"pypi"
"variant_scorer"	"typing-extensions"	"4.5.0"	"pypi_0"	"pypi"
"variant_scorer"	"urllib3"	"2.2.3"	"pyhd8ed1ab_0"	"conda-forge"
"variant_scorer"	"werkzeug"	"3.0.6"	"pyhd8ed1ab_0"	"conda-forge"
"variant_scorer"	"wheel"	"0.45.1"	"pyhd8ed1ab_0"	"conda-forge"
"variant_scorer"	"wrapt"	"1.16.0"	"py38h01eb140_0"	"conda-forge"
"variant_scorer"	"xz"	"5.8.2"	"ha02ee65_0"	"conda-forge"
"variant_scorer"	"xz-gpl-tools"	"5.8.2"	"ha02ee65_0"	"conda-forge"
"variant_scorer"	"xz-tools"	"5.8.2"	"hb03c661_0"	"conda-forge"
"variant_scorer"	"yarl"	"1.9.4"	"py38h01eb140_0"	"conda-forge"
"variant_scorer"	"zipp"	"3.21.0"	"pyhd8ed1ab_0"	"conda-forge"
"variant_scorer"	"zlib"	"1.2.13"	"h4ab18f5_6"	"conda-forge"
"variant_scorer"	"zlib-ng"	"2.0.7"	"h0b41bf4_0"	"conda-forge"
"variant_scorer"	"zstandard"	"0.19.0"	"py38h0a891b7_0"	"conda-forge"
"variant_scorer"	"zstd"	"1.5.6"	"ha6fb4c9_0"	"conda-forge"
"washu_hub_env"	"_libgcc_mutex"	"0.1"	"conda_forge"	"conda-forge"
"washu_hub_env"	"_openmp_mutex"	"4.5"	"2_gnu"	"conda-forge"
"washu_hub_env"	"bedops"	"2.4.42"	"hd6d6fdc_1"	"bioconda"
"washu_hub_env"	"bedtools"	"2.31.1"	"h13024bc_3"	"bioconda"
"washu_hub_env"	"bzip2"	"1.0.8"	"hda65f42_8"	"conda-forge"
"washu_hub_env"	"c-ares"	"1.34.5"	"hb9d3cd8_0"	"conda-forge"
"washu_hub_env"	"ca-certificates"	"2026.1.4"	"hbd8a1cb_0"	"conda-forge"
"washu_hub_env"	"htslib"	"1.22.1"	"h566b1c6_0"	"bioconda"
"washu_hub_env"	"icu"	"75.1"	"he02047a_0"	"conda-forge"
"washu_hub_env"	"jansson"	"2.14.1"	"hb03c661_2"	"conda-forge"
"washu_hub_env"	"keyutils"	"1.6.3"	"hb9d3cd8_0"	"conda-forge"
"washu_hub_env"	"krb5"	"1.21.3"	"h659f571_0"	"conda-forge"
"washu_hub_env"	"ld_impl_linux-64"	"2.45"	"default_hbd61a6d_104"	"conda-forge"
"washu_hub_env"	"libcurl"	"8.17.0"	"h4e3cde8_0"	"conda-forge"
"washu_hub_env"	"libdeflate"	"1.25"	"h17f619e_0"	"conda-forge"
"washu_hub_env"	"libedit"	"3.1.20250104"	"pl5321h7949ede_0"	"conda-forge"
"washu_hub_env"	"libev"	"4.33"	"hd590300_2"	"conda-forge"
"washu_hub_env"	"libexpat"	"2.7.3"	"hecca717_0"	"conda-forge"
"washu_hub_env"	"libffi"	"3.5.2"	"h9ec8514_0"	"conda-forge"
"washu_hub_env"	"libgcc"	"15.2.0"	"he0feb66_14"	"conda-forge"
"washu_hub_env"	"libgcc-ng"	"15.2.0"	"h69a702a_14"	"conda-forge"
"washu_hub_env"	"libgomp"	"15.2.0"	"he0feb66_14"	"conda-forge"
"washu_hub_env"	"libiconv"	"1.18"	"h3b78370_2"	"conda-forge"
"washu_hub_env"	"liblzma"	"5.8.1"	"hb9d3cd8_2"	"conda-forge"
"washu_hub_env"	"libnghttp2"	"1.67.0"	"had1ee68_0"	"conda-forge"
"washu_hub_env"	"libnsl"	"2.0.1"	"hb9d3cd8_1"	"conda-forge"
"washu_hub_env"	"libopenssl-static"	"3.6.0"	"hb03c661_0"	"conda-forge"
"washu_hub_env"	"libpng"	"1.6.51"	"h421ea60_0"	"conda-forge"
"washu_hub_env"	"libsqlite"	"3.51.0"	"hee844dc_0"	"conda-forge"
"washu_hub_env"	"libssh2"	"1.11.1"	"hcf80075_0"	"conda-forge"
"washu_hub_env"	"libstdcxx"	"15.2.0"	"h934c35e_14"	"conda-forge"
"washu_hub_env"	"libstdcxx-ng"	"15.2.0"	"hdf11a46_14"	"conda-forge"
"washu_hub_env"	"libuuid"	"2.41.2"	"he9a06e4_0"	"conda-forge"
"washu_hub_env"	"libxcrypt"	"4.4.36"	"hd590300_1"	"conda-forge"
"washu_hub_env"	"libzlib"	"1.3.1"	"hb9d3cd8_2"	"conda-forge"
"washu_hub_env"	"mariadb-connector-c"	"3.4.8"	"h6dee460_0"	"conda-forge"
"washu_hub_env"	"mysql-client"	"9.3.0"	"he0572af_0"	"conda-forge"
"washu_hub_env"	"mysql-common"	"9.3.0"	"h266115a_0"	"conda-forge"
"washu_hub_env"	"mysql-connector-c"	"6.1.11"	"h659d440_1008"	"conda-forge"
"washu_hub_env"	"ncurses"	"6.5"	"h2d0b736_3"	"conda-forge"
"washu_hub_env"	"openssl"	"3.6.0"	"h26f9b46_0"	"conda-forge"
"washu_hub_env"	"pip"	"25.3"	"pyh8b19718_0"	"conda-forge"
"washu_hub_env"	"py-bgzip"	"0.5.0"	"py310hd58c8e7_1"	"conda-forge"
"washu_hub_env"	"pybigwig"	"0.3.24"	"pypi_0"	"pypi"
"washu_hub_env"	"python"	"3.10.19"	"h3c07f61_2_cpython"	"conda-forge"
"washu_hub_env"	"python_abi"	"3.10"	"8_cp310"	"conda-forge"
"washu_hub_env"	"readline"	"8.2"	"h8c095d6_2"	"conda-forge"
"washu_hub_env"	"samtools"	"1.22.1"	"h96c455f_0"	"bioconda"
"washu_hub_env"	"setuptools"	"80.9.0"	"pyhff2d567_0"	"conda-forge"
"washu_hub_env"	"tabix"	"1.11"	"hdfd78af_0"	"bioconda"
"washu_hub_env"	"tk"	"8.6.13"	"noxft_ha0e22de_103"	"conda-forge"
"washu_hub_env"	"tzdata"	"2025b"	"h78e105d_0"	"conda-forge"
"washu_hub_env"	"ucsc-bedgraphtobigwig"	"482"	"hdc0a859_0"	"bioconda"
"washu_hub_env"	"ucsc-bedtobigbed"	"482"	"hdc0a859_0"	"bioconda"
"washu_hub_env"	"ucsc-bigbedinfo"	"482"	"h0b57e2e_0"	"bioconda"
"washu_hub_env"	"ucsc-bigbedtobed"	"482"	"h0b57e2e_0"	"bioconda"
"washu_hub_env"	"ucsc-bigwiginfo"	"482"	"h0b57e2e_0"	"bioconda"
"washu_hub_env"	"ucsc-fatotwobit"	"482"	"hdc0a859_0"	"bioconda"
"washu_hub_env"	"ucsc-genepredtobed"	"482"	"h0b57e2e_0"	"bioconda"
"washu_hub_env"	"ucsc-genepredtobiggenepred"	"482"	"h0b57e2e_0"	"bioconda"
"washu_hub_env"	"ucsc-gtftogenepred"	"482"	"h0b57e2e_0"	"bioconda"
"washu_hub_env"	"ucsc-twobitinfo"	"482"	"hdc0a859_0"	"bioconda"
"washu_hub_env"	"wheel"	"0.45.1"	"pyhd8ed1ab_1"	"conda-forge"
"washu_hub_env"	"zstd"	"1.5.7"	"hb8e6e7a_2"	"conda-forge"
"wgbs_env"	"_libgcc_mutex"	"0.1"	"conda_forge"	"conda-forge"
"wgbs_env"	"_openmp_mutex"	"4.5"	"2_gnu"	"conda-forge"
"wgbs_env"	"_python_abi3_support"	"1.0"	"hd8ed1ab_2"	"conda-forge"
"wgbs_env"	"_r-mutex"	"1.0.1"	"anacondar_1"	"conda-forge"
"wgbs_env"	"alabaster"	"1.0.0"	"pyhd8ed1ab_1"	"conda-forge"
"wgbs_env"	"alsa-lib"	"1.2.15.3"	"hb03c661_0"	"conda-forge"
"wgbs_env"	"annotated-types"	"0.7.0"	"pyhd8ed1ab_1"	"conda-forge"
"wgbs_env"	"attrs"	"25.4.0"	"pyhcf101f3_1"	"conda-forge"
"wgbs_env"	"babel"	"2.18.0"	"pyhcf101f3_0"	"conda-forge"
"wgbs_env"	"backports.zstd"	"1.3.0"	"py310h69bd2ac_0"	"conda-forge"
"wgbs_env"	"bedtools"	"2.31.1"	"h13024bc_3"	"bioconda"
"wgbs_env"	"binutils_impl_linux-64"	"2.45.1"	"default_hfdba357_101"	"conda-forge"
"wgbs_env"	"bismark"	"0.25.1"	"hdfd78af_0"	"bioconda"
"wgbs_env"	"bowtie2"	"2.5.4"	"he96a11b_7"	"bioconda"
"wgbs_env"	"brotli"	"1.2.0"	"hed03a55_1"	"conda-forge"
"wgbs_env"	"brotli-bin"	"1.2.0"	"hb03c661_1"	"conda-forge"
"wgbs_env"	"brotli-python"	"1.2.0"	"py310hba01987_1"	"conda-forge"
"wgbs_env"	"bwidget"	"1.10.1"	"ha770c72_1"	"conda-forge"
"wgbs_env"	"bzip2"	"1.0.8"	"hda65f42_8"	"conda-forge"
"wgbs_env"	"c-ares"	"1.34.6"	"hb03c661_0"	"conda-forge"
"wgbs_env"	"ca-certificates"	"2026.2.25"	"hbd8a1cb_0"	"conda-forge"
"wgbs_env"	"cairo"	"1.18.4"	"h3394656_0"	"conda-forge"
"wgbs_env"	"certifi"	"2026.2.25"	"pyhd8ed1ab_0"	"conda-forge"
"wgbs_env"	"cffi"	"2.0.0"	"py310he7384ee_1"	"conda-forge"
"wgbs_env"	"charset-normalizer"	"3.4.4"	"pyhd8ed1ab_0"	"conda-forge"
"wgbs_env"	"click"	"8.3.1"	"pyh8f84b5b_1"	"conda-forge"
"wgbs_env"	"colorama"	"0.4.6"	"pyhd8ed1ab_1"	"conda-forge"
"wgbs_env"	"coloredlogs"	"15.0.1"	"pyhd8ed1ab_4"	"conda-forge"
"wgbs_env"	"colormath"	"3.0.0"	"pyhd8ed1ab_4"	"conda-forge"
"wgbs_env"	"contourpy"	"1.3.2"	"py310h3788b33_0"	"conda-forge"
"wgbs_env"	"coreutils"	"9.5"	"hd590300_0"	"conda-forge"
"wgbs_env"	"cpython"	"3.10.19"	"py310hd8ed1ab_3"	"conda-forge"
"wgbs_env"	"curl"	"8.18.0"	"h4e3cde8_0"	"conda-forge"
"wgbs_env"	"cutadapt"	"5.2"	"py310h1fe012e_0"	"bioconda"
"wgbs_env"	"cycler"	"0.12.1"	"pyhcf101f3_2"	"conda-forge"
"wgbs_env"	"deeptools"	"3.5.6"	"pyhdfd78af_0"	"bioconda"
"wgbs_env"	"deeptoolsintervals"	"0.1.9"	"py310hb65dadf_11"	"bioconda"
"wgbs_env"	"dnaio"	"1.2.2"	"py310h7c593f9_0"	"bioconda"
"wgbs_env"	"docutils"	"0.21.2"	"pyhd8ed1ab_1"	"conda-forge"
"wgbs_env"	"expat"	"2.7.3"	"hecca717_0"	"conda-forge"
"wgbs_env"	"fastqc"	"0.12.1"	"hdfd78af_0"	"bioconda"
"wgbs_env"	"font-ttf-dejavu-sans-mono"	"2.37"	"hab24e00_0"	"conda-forge"
"wgbs_env"	"font-ttf-inconsolata"	"3.000"	"h77eed37_0"	"conda-forge"
"wgbs_env"	"font-ttf-source-code-pro"	"2.038"	"h77eed37_0"	"conda-forge"
"wgbs_env"	"font-ttf-ubuntu"	"0.83"	"h77eed37_3"	"conda-forge"
"wgbs_env"	"fontconfig"	"2.15.0"	"h7e30c49_1"	"conda-forge"
"wgbs_env"	"fonts-conda-ecosystem"	"1"	"0"	"conda-forge"
"wgbs_env"	"fonts-conda-forge"	"1"	"hc364b38_1"	"conda-forge"
"wgbs_env"	"fonttools"	"4.61.1"	"py310h3406613_0"	"conda-forge"
"wgbs_env"	"freetype"	"2.14.1"	"ha770c72_0"	"conda-forge"
"wgbs_env"	"fribidi"	"1.0.16"	"hb03c661_0"	"conda-forge"
"wgbs_env"	"gcc_impl_linux-64"	"15.2.0"	"he420e7e_18"	"conda-forge"
"wgbs_env"	"gfortran_impl_linux-64"	"15.2.0"	"h281d09f_18"	"conda-forge"
"wgbs_env"	"giflib"	"5.2.2"	"hd590300_0"	"conda-forge"
"wgbs_env"	"graphite2"	"1.3.14"	"hecca717_2"	"conda-forge"
"wgbs_env"	"gsl"	"2.7"	"he838d99_0"	"conda-forge"
"wgbs_env"	"gxx_impl_linux-64"	"15.2.0"	"hda75c37_18"	"conda-forge"
"wgbs_env"	"h2"	"4.3.0"	"pyhcf101f3_0"	"conda-forge"
"wgbs_env"	"harfbuzz"	"12.2.0"	"h15599e2_0"	"conda-forge"
"wgbs_env"	"hisat2"	"2.2.2"	"h503566f_0"	"bioconda"
"wgbs_env"	"hpack"	"4.1.0"	"pyhd8ed1ab_0"	"conda-forge"
"wgbs_env"	"htslib"	"1.22.1"	"h566b1c6_0"	"bioconda"
"wgbs_env"	"humanfriendly"	"10.0"	"pyh707e725_8"	"conda-forge"
"wgbs_env"	"humanize"	"4.15.0"	"pyhd8ed1ab_0"	"conda-forge"
"wgbs_env"	"hyperframe"	"6.1.0"	"pyhd8ed1ab_0"	"conda-forge"
"wgbs_env"	"icu"	"75.1"	"he02047a_0"	"conda-forge"
"wgbs_env"	"idna"	"3.11"	"pyhd8ed1ab_0"	"conda-forge"
"wgbs_env"	"imagesize"	"1.4.1"	"pyhd8ed1ab_0"	"conda-forge"
"wgbs_env"	"importlib-metadata"	"8.7.0"	"pyhe01879c_1"	"conda-forge"
"wgbs_env"	"isa-l"	"2.31.1"	"hb9d3cd8_1"	"conda-forge"
"wgbs_env"	"jinja2"	"3.1.6"	"pyhcf101f3_1"	"conda-forge"
"wgbs_env"	"jsonschema"	"4.26.0"	"pyhcf101f3_0"	"conda-forge"
"wgbs_env"	"jsonschema-specifications"	"2025.9.1"	"pyhcf101f3_0"	"conda-forge"
"wgbs_env"	"k8"	"1.2"	"he8db53b_6"	"bioconda"
"wgbs_env"	"kaleido-core"	"0.2.1"	"h3644ca4_0"	"conda-forge"
"wgbs_env"	"kernel-headers_linux-64"	"3.10.0"	"he073ed8_18"	"conda-forge"
"wgbs_env"	"keyutils"	"1.6.3"	"hb9d3cd8_0"	"conda-forge"
"wgbs_env"	"kiwisolver"	"1.4.9"	"py310haaf941d_2"	"conda-forge"
"wgbs_env"	"krb5"	"1.21.3"	"h659f571_0"	"conda-forge"
"wgbs_env"	"lcms2"	"2.17"	"h717163a_0"	"conda-forge"
"wgbs_env"	"ld_impl_linux-64"	"2.45.1"	"default_hbd61a6d_101"	"conda-forge"
"wgbs_env"	"lerc"	"4.0.0"	"h0aef613_1"	"conda-forge"
"wgbs_env"	"libblas"	"3.11.0"	"5_h4a7cf45_openblas"	"conda-forge"
"wgbs_env"	"libbrotlicommon"	"1.2.0"	"hb03c661_1"	"conda-forge"
"wgbs_env"	"libbrotlidec"	"1.2.0"	"hb03c661_1"	"conda-forge"
"wgbs_env"	"libbrotlienc"	"1.2.0"	"hb03c661_1"	"conda-forge"
"wgbs_env"	"libcblas"	"3.11.0"	"5_h0358290_openblas"	"conda-forge"
"wgbs_env"	"libcups"	"2.3.3"	"hb8b1518_5"	"conda-forge"
"wgbs_env"	"libcurl"	"8.18.0"	"h4e3cde8_0"	"conda-forge"
"wgbs_env"	"libdeflate"	"1.25"	"h17f619e_0"	"conda-forge"
"wgbs_env"	"libedit"	"3.1.20250104"	"pl5321h7949ede_0"	"conda-forge"
"wgbs_env"	"libev"	"4.33"	"hd590300_2"	"conda-forge"
"wgbs_env"	"libexpat"	"2.7.3"	"hecca717_0"	"conda-forge"
"wgbs_env"	"libffi"	"3.5.2"	"h3435931_0"	"conda-forge"
"wgbs_env"	"libfreetype"	"2.14.1"	"ha770c72_0"	"conda-forge"
"wgbs_env"	"libfreetype6"	"2.14.1"	"h73754d4_0"	"conda-forge"
"wgbs_env"	"libgcc"	"15.2.0"	"he0feb66_17"	"conda-forge"
"wgbs_env"	"libgcc-devel_linux-64"	"15.2.0"	"hcc6f6b0_118"	"conda-forge"
"wgbs_env"	"libgcc-ng"	"15.2.0"	"h69a702a_17"	"conda-forge"
"wgbs_env"	"libgfortran"	"15.2.0"	"h69a702a_17"	"conda-forge"
"wgbs_env"	"libgfortran-ng"	"15.2.0"	"h69a702a_17"	"conda-forge"
"wgbs_env"	"libgfortran5"	"15.2.0"	"h68bc16d_17"	"conda-forge"
"wgbs_env"	"libglib"	"2.86.3"	"h6548e54_0"	"conda-forge"
"wgbs_env"	"libgomp"	"15.2.0"	"he0feb66_17"	"conda-forge"
"wgbs_env"	"libiconv"	"1.18"	"h3b78370_2"	"conda-forge"
"wgbs_env"	"libjpeg-turbo"	"3.1.2"	"hb03c661_0"	"conda-forge"
"wgbs_env"	"liblapack"	"3.11.0"	"5_h47877c9_openblas"	"conda-forge"
"wgbs_env"	"liblzma"	"5.8.2"	"hb03c661_0"	"conda-forge"
"wgbs_env"	"libnghttp2"	"1.67.0"	"had1ee68_0"	"conda-forge"
"wgbs_env"	"libnsl"	"2.0.1"	"hb9d3cd8_1"	"conda-forge"
"wgbs_env"	"libopenblas"	"0.3.30"	"pthreads_h94d23a6_4"	"conda-forge"
"wgbs_env"	"libopenssl-static"	"3.6.1"	"hb03c661_1"	"conda-forge"
"wgbs_env"	"libpng"	"1.6.54"	"h421ea60_0"	"conda-forge"
"wgbs_env"	"libsanitizer"	"15.2.0"	"h90f66d4_18"	"conda-forge"
"wgbs_env"	"libsqlite"	"3.51.2"	"h0c1763c_0"	"conda-forge"
"wgbs_env"	"libssh2"	"1.11.1"	"hcf80075_0"	"conda-forge"
"wgbs_env"	"libstdcxx"	"15.2.0"	"h934c35e_17"	"conda-forge"
"wgbs_env"	"libstdcxx-devel_linux-64"	"15.2.0"	"hd446a21_118"	"conda-forge"
"wgbs_env"	"libstdcxx-ng"	"15.2.0"	"hdf11a46_17"	"conda-forge"
"wgbs_env"	"libtiff"	"4.7.1"	"h9d88235_1"	"conda-forge"
"wgbs_env"	"libuuid"	"2.41.3"	"h5347b49_0"	"conda-forge"
"wgbs_env"	"libwebp-base"	"1.6.0"	"hd42ef1d_0"	"conda-forge"
"wgbs_env"	"libxcb"	"1.17.0"	"h8a09558_0"	"conda-forge"
"wgbs_env"	"libxcrypt"	"4.4.36"	"hd590300_1"	"conda-forge"
"wgbs_env"	"libzlib"	"1.3.1"	"hb9d3cd8_2"	"conda-forge"
"wgbs_env"	"lz4-c"	"1.9.4"	"hcb278e6_0"	"conda-forge"
"wgbs_env"	"macs2"	"2.2.9.1"	"py310h1fe012e_5"	"bioconda"
"wgbs_env"	"make"	"4.4.1"	"hb9d3cd8_2"	"conda-forge"
"wgbs_env"	"markdown"	"3.10.1"	"pyhcf101f3_0"	"conda-forge"
"wgbs_env"	"markdown-it-py"	"4.0.0"	"pyhd8ed1ab_0"	"conda-forge"
"wgbs_env"	"markupsafe"	"3.0.3"	"py310h3406613_0"	"conda-forge"
"wgbs_env"	"mathjax"	"2.7.7"	"ha770c72_3"	"conda-forge"
"wgbs_env"	"matplotlib-base"	"3.10.8"	"py310hfde16b3_0"	"conda-forge"
"wgbs_env"	"mdurl"	"0.1.2"	"pyhd8ed1ab_1"	"conda-forge"
"wgbs_env"	"minimap2"	"2.30"	"h577a1d6_0"	"bioconda"
"wgbs_env"	"multiqc"	"1.33"	"pyhdfd78af_0"	"bioconda"
"wgbs_env"	"munkres"	"1.1.4"	"pyhd8ed1ab_1"	"conda-forge"
"wgbs_env"	"mysql-connector-c"	"6.1.11"	"h659d440_1008"	"conda-forge"
"wgbs_env"	"narwhals"	"2.16.0"	"pyhcf101f3_0"	"conda-forge"
"wgbs_env"	"natsort"	"8.4.0"	"pyh29332c3_1"	"conda-forge"
"wgbs_env"	"ncurses"	"6.5"	"h2d0b736_3"	"conda-forge"
"wgbs_env"	"networkx"	"3.4.2"	"pyh267e887_2"	"conda-forge"
"wgbs_env"	"nspr"	"4.38"	"h29cc59b_0"	"conda-forge"
"wgbs_env"	"nss"	"3.118"	"h445c969_0"	"conda-forge"
"wgbs_env"	"numpy"	"2.2.6"	"py310hefbff90_0"	"conda-forge"
"wgbs_env"	"numpydoc"	"1.10.0"	"pyhcf101f3_0"	"conda-forge"
"wgbs_env"	"openjdk"	"25.0.1"	"h5755bd7_0"	"conda-forge"
"wgbs_env"	"openjpeg"	"2.5.3"	"h55fea9a_1"	"conda-forge"
"wgbs_env"	"openssl"	"3.6.1"	"h35e630c_1"	"conda-forge"
"wgbs_env"	"packaging"	"26.0"	"pyhcf101f3_0"	"conda-forge"
"wgbs_env"	"pango"	"1.56.4"	"hadf4263_0"	"conda-forge"
"wgbs_env"	"pbzip2"	"1.1.13"	"h1fcc475_2"	"conda-forge"
"wgbs_env"	"pcre2"	"10.47"	"haa7fec5_0"	"conda-forge"
"wgbs_env"	"perl"	"5.32.1"	"7_hd590300_perl5"	"conda-forge"
"wgbs_env"	"pigz"	"2.8"	"h421ea60_2"	"conda-forge"
"wgbs_env"	"pillow"	"11.3.0"	"py310h6557065_3"	"conda-forge"
"wgbs_env"	"pip"	"26.0.1"	"pyh8b19718_0"	"conda-forge"
"wgbs_env"	"pixman"	"0.46.4"	"h54a6638_1"	"conda-forge"
"wgbs_env"	"plotly"	"6.5.2"	"pyhd8ed1ab_0"	"conda-forge"
"wgbs_env"	"polars"	"1.38.1"	"pyh6a1acc5_0"	"conda-forge"
"wgbs_env"	"polars-lts-cpu"	"1.34.0.deprecated"	"hc364b38_0"	"conda-forge"
"wgbs_env"	"polars-runtime-32"	"1.38.1"	"py310hffdcd12_0"	"conda-forge"
"wgbs_env"	"polars-runtime-compat"	"1.38.1"	"py310hbcd5346_0"	"conda-forge"
"wgbs_env"	"pthread-stubs"	"0.4"	"hb9d3cd8_1002"	"conda-forge"
"wgbs_env"	"py2bit"	"0.3.3"	"py310h1fe012e_1"	"bioconda"
"wgbs_env"	"pyaml-env"	"1.2.2"	"pyhd8ed1ab_0"	"conda-forge"
"wgbs_env"	"pybigwig"	"0.3.25"	"py310h1f7ede4_0"	"bioconda"
"wgbs_env"	"pycparser"	"2.22"	"pyh29332c3_1"	"conda-forge"
"wgbs_env"	"pydantic"	"2.12.5"	"pyhcf101f3_1"	"conda-forge"
"wgbs_env"	"pydantic-core"	"2.41.5"	"py310hd8f68c5_1"	"conda-forge"
"wgbs_env"	"pygments"	"2.19.2"	"pyhd8ed1ab_0"	"conda-forge"
"wgbs_env"	"pyparsing"	"3.3.2"	"pyhcf101f3_0"	"conda-forge"
"wgbs_env"	"pysam"	"0.23.3"	"py310hdd3ca3a_2"	"bioconda"
"wgbs_env"	"pysocks"	"1.7.1"	"pyha55dd90_7"	"conda-forge"
"wgbs_env"	"python"	"3.10.19"	"h3c07f61_3_cpython"	"conda-forge"
"wgbs_env"	"python-dateutil"	"2.9.0.post0"	"pyhe01879c_2"	"conda-forge"
"wgbs_env"	"python-dotenv"	"1.2.1"	"pyhcf101f3_0"	"conda-forge"
"wgbs_env"	"python-gil"	"3.10.19"	"hd8ed1ab_3"	"conda-forge"
"wgbs_env"	"python-isal"	"1.8.0"	"py310h7c4b9e2_1"	"conda-forge"
"wgbs_env"	"python-kaleido"	"0.2.1"	"pyhd8ed1ab_0"	"conda-forge"
"wgbs_env"	"python-zlib-ng"	"1.0.0"	"py310ha25ff1b_1"	"conda-forge"
"wgbs_env"	"python_abi"	"3.10"	"8_cp310"	"conda-forge"
"wgbs_env"	"pytz"	"2025.2"	"pyhd8ed1ab_0"	"conda-forge"
"wgbs_env"	"pyyaml"	"6.0.3"	"py310h3406613_1"	"conda-forge"
"wgbs_env"	"qhull"	"2020.2"	"h434a139_5"	"conda-forge"
"wgbs_env"	"r-base"	"4.5.2"	"h835929b_3"	"conda-forge"
"wgbs_env"	"readline"	"8.3"	"h853b02a_0"	"conda-forge"
"wgbs_env"	"referencing"	"0.37.0"	"pyhcf101f3_0"	"conda-forge"
"wgbs_env"	"regex"	"2026.1.15"	"py310h7c4b9e2_0"	"conda-forge"
"wgbs_env"	"requests"	"2.32.5"	"pyhcf101f3_1"	"conda-forge"
"wgbs_env"	"rich"	"14.3.2"	"pyhcf101f3_0"	"conda-forge"
"wgbs_env"	"rich-click"	"1.9.7"	"pyh8f84b5b_0"	"conda-forge"
"wgbs_env"	"rpds-py"	"0.30.0"	"py310hd8f68c5_0"	"conda-forge"
"wgbs_env"	"sambamba"	"1.0.1"	"he614052_4"	"bioconda"
"wgbs_env"	"samtools"	"1.22.1"	"h96c455f_0"	"bioconda"
"wgbs_env"	"scipy"	"1.15.2"	"py310h1d65ade_0"	"conda-forge"
"wgbs_env"	"sed"	"4.9"	"h6688a6e_0"	"conda-forge"
"wgbs_env"	"setuptools"	"81.0.0"	"pyh332efcf_0"	"conda-forge"
"wgbs_env"	"six"	"1.17.0"	"pyhe01879c_1"	"conda-forge"
"wgbs_env"	"snowballstemmer"	"3.0.1"	"pyhd8ed1ab_0"	"conda-forge"
"wgbs_env"	"spectra"	"0.0.11"	"pyhd8ed1ab_2"	"conda-forge"
"wgbs_env"	"sphinx"	"8.1.3"	"pyhd8ed1ab_1"	"conda-forge"
"wgbs_env"	"sphinxcontrib-applehelp"	"2.0.0"	"pyhd8ed1ab_1"	"conda-forge"
"wgbs_env"	"sphinxcontrib-devhelp"	"2.0.0"	"pyhd8ed1ab_1"	"conda-forge"
"wgbs_env"	"sphinxcontrib-htmlhelp"	"2.1.0"	"pyhd8ed1ab_1"	"conda-forge"
"wgbs_env"	"sphinxcontrib-jsmath"	"1.0.1"	"pyhd8ed1ab_1"	"conda-forge"
"wgbs_env"	"sphinxcontrib-qthelp"	"2.0.0"	"pyhd8ed1ab_1"	"conda-forge"
"wgbs_env"	"sphinxcontrib-serializinghtml"	"1.1.10"	"pyhd8ed1ab_1"	"conda-forge"
"wgbs_env"	"sqlite"	"3.51.2"	"hbc0de68_0"	"conda-forge"
"wgbs_env"	"sysroot_linux-64"	"2.17"	"h0157908_18"	"conda-forge"
"wgbs_env"	"tiktoken"	"0.12.0"	"py310h790759e_3"	"conda-forge"
"wgbs_env"	"tk"	"8.6.13"	"noxft_h366c992_103"	"conda-forge"
"wgbs_env"	"tktable"	"2.10"	"h8d826fa_7"	"conda-forge"
"wgbs_env"	"tomli"	"2.4.0"	"pyhcf101f3_0"	"conda-forge"
"wgbs_env"	"tqdm"	"4.67.3"	"pyh8f84b5b_0"	"conda-forge"
"wgbs_env"	"trim-galore"	"0.6.10"	"hdfd78af_2"	"bioconda"
"wgbs_env"	"typeguard"	"4.4.4"	"pyhd8ed1ab_0"	"conda-forge"
"wgbs_env"	"typing-extensions"	"4.15.0"	"h396c80c_0"	"conda-forge"
"wgbs_env"	"typing-inspection"	"0.4.2"	"pyhd8ed1ab_1"	"conda-forge"
"wgbs_env"	"typing_extensions"	"4.15.0"	"pyhcf101f3_0"	"conda-forge"
"wgbs_env"	"tzdata"	"2025c"	"hc9c84f9_1"	"conda-forge"
"wgbs_env"	"ucsc-bedgraphtobigwig"	"482"	"hdc0a859_0"	"bioconda"
"wgbs_env"	"ucsc-bigwiginfo"	"482"	"h0b57e2e_0"	"bioconda"
"wgbs_env"	"unicodedata2"	"17.0.1"	"py310h7c4b9e2_0"	"conda-forge"
"wgbs_env"	"urllib3"	"2.6.3"	"pyhd8ed1ab_0"	"conda-forge"
"wgbs_env"	"wheel"	"0.46.3"	"pyhd8ed1ab_0"	"conda-forge"
"wgbs_env"	"xopen"	"2.0.2"	"pyh707e725_2"	"conda-forge"
"wgbs_env"	"xorg-libice"	"1.1.2"	"hb9d3cd8_0"	"conda-forge"
"wgbs_env"	"xorg-libsm"	"1.2.6"	"he73a12e_0"	"conda-forge"
"wgbs_env"	"xorg-libx11"	"1.8.12"	"h4f16b4b_0"	"conda-forge"
"wgbs_env"	"xorg-libxau"	"1.0.12"	"hb03c661_1"	"conda-forge"
"wgbs_env"	"xorg-libxdmcp"	"1.1.5"	"hb03c661_1"	"conda-forge"
"wgbs_env"	"xorg-libxext"	"1.3.7"	"hb03c661_0"	"conda-forge"
"wgbs_env"	"xorg-libxfixes"	"6.0.2"	"hb03c661_0"	"conda-forge"
"wgbs_env"	"xorg-libxi"	"1.8.2"	"hb9d3cd8_0"	"conda-forge"
"wgbs_env"	"xorg-libxrandr"	"1.5.5"	"hb03c661_0"	"conda-forge"
"wgbs_env"	"xorg-libxrender"	"0.9.12"	"hb9d3cd8_0"	"conda-forge"
"wgbs_env"	"xorg-libxt"	"1.3.1"	"hb9d3cd8_0"	"conda-forge"
"wgbs_env"	"xorg-libxtst"	"1.2.5"	"hb9d3cd8_3"	"conda-forge"
"wgbs_env"	"yaml"	"0.2.5"	"h280c20c_3"	"conda-forge"
"wgbs_env"	"zipp"	"3.23.0"	"pyhcf101f3_1"	"conda-forge"
"wgbs_env"	"zlib"	"1.3.1"	"hb9d3cd8_2"	"conda-forge"
"wgbs_env"	"zlib-ng"	"2.3.3"	"hceb46e0_1"	"conda-forge"
"wgbs_env"	"zstandard"	"0.25.0"	"py310h139afa4_1"	"conda-forge"
"wgbs_env"	"zstd"	"1.5.7"	"hb78ec9c_6"	"conda-forge"
